DrugBank ID,Name,Description,drug_type,ATC_Codes,UMLS_concept_id,Frequency,Side_effect,Side_effect_name
DB00028,Human immunoglobulin G,"Intravenous immunoglobulin (IVIg) is a mixture of IgG1 and other antibodies derived from healthy human plasma via Cohn fractionation. The purification process includes cold alcohol fractionation, polyethylene glycol precipitation, and ion exchange chromatography. IVIg contains the same distribution of IgG antibody subclasses as is found in the general human population. IgG subclasses are fully represented in the following proportions: 70.3% IgG1, 24.7% IgG2, 3.1% IgG3, and 1.9% IgG4. IVIg is used in the treatment of immunodeficiencies, as well as autoimmune and inflammatory disorders.",indirect,,,,,
DB00734,Risperidone,"Risperidone is a second-generation antipsychotic (SGA) medication used in the treatment of a number of mood and mental health conditions including schizophrenia and bipolar disorder.[L12885] It is one of the most widely used SGAs. [Paliperidone], another commonly used SGA, is the primary active metabolite of risperidone (i.e. 9-hydroxyrisperidone).[L12885]

Schizophrenia and various mood disorders are thought to be caused by an excess of dopaminergic D2 and serotonergic 5-HT2A activity, resulting in overactivity of central mesolimbic pathways and mesocortical pathways, respectively. Risperidone is thought to reduce this overactivity through inhibition of dopaminergic D2 receptors and serotonergic 5-HT2A receptors in the brain.[L12885]

Risperidone binds with a very high affinity to 5-HT2A receptors, approximately 10-20 fold greater than the drug's binding affinity to D2 receptors, and carries lesser activity at several off-targets which may responsible for some of its undesirable effects.[L12885]",indirect,N05AX08,CID000005073,LLT; PT,C0000737; C0687713; C0000833; C0001418; C0001430; C0001824; C0001916; C0002170; C0002453; C0002622; C0002792; C0002871; C0002884; C0002962; C0002994; C0003123; C0232462; C0003467; C0003537; C0003578; C0003635; C0003811; C0003813; C0003862; C0948594; C0003864; C0003962; C0004093; C0004096; C0004134; C0004158; C0004238; C0004245; C0004377; C0004604; C0004936; C0005586; C0853193; C0005741; C0005747; C0005778; C0005779; C0005940; C0006118; C0006145; C0006147; C0006266; C0006277; C0006285; C0006384; C0006444; C0006625; C0007222; C0007398; C0007642; C0007682; C0027765; C0007787; C0007820; C0007859; C0007971; C0008031; C0008301; C0008325; C0008350; C0008489; C0009319; C0009421; C0009450; C0009676; C1443060; C0009763; C0009782; C0009806; C0009917; C0010200; C0010692; C0403632; C0232849; C0011053; C0011071; C0011124; C0855242; C0011168; C0011175; C0011206; C0011253; C0011551; C0011570; C0011603; C0011609; C0011849; C0011880; C0011991; C0012569; C0012813; C0012833; C0013132; C0013144; C2830004; C0013182; C0013362; C0029408; C0013378; C0013384; C0013390; C0013395; C0013404; C0013428; C0013447; C0013456; C0013595; C0013604; C0014130; C0014394; C0014549; C0014591; C0014724; C0014742; C0014858; C0014868; C0015230; C0015371; C0015397; C0015403; C0015672; C0015695; C2711227; C0015732; C0015967; C0016204; C0016382; C0016397; C0016522; C0018817; C0016867; C0242301; C0017152; C0017160; C0017168; C0017178; C0017181; C0017574; C0017601; C0017979; C0018418; C0018681; C0018772; C1384666; C0018790; C0018799; C0018843; C0018926; C0018939; C0018944; C0018965; C0019079; C0019080; C0518015; C0019112; C0019158; C0019209; C0019243; C0020433; C0020443; C0020456; C0020459; C0852795; C0020473; C0020505; C0020514; C0020517; C0020538; C0020555; C0020557; C0853692; C0020578; C0020580; C0020615; C0020621; C0020625; C0020639; C0020649; C0020651; C0020672; C0413252; C0020676; C0021053; C0021141; C0021177; C0021400; C0021775; C0021843; C0022104; C0559031; C0022346; C0022408; C0022660; C0023052; C0023066; C0023211; C0023218; C0037763; C0023222; C0030196; C0023380; C0023518; C0023530; C0023533; C0227791; C0023976; C0024312; C0024894; C0024902; C0025061; C0025222; C0025323; C0025345; C0025874; C0026650; C0026826; C0026827; C1142135; C0026837; C0026857; C0026858; C0026946; C0027051; C0948089; C0027059; C0027066; C0027080; C0853875; C0027125; C0027424; C0027441; C0027497; C0027540; C0027609; C0027651; C0027769; C0233494; C0027849; C0027947; C0028084; C0028259; C0028643; C0278134; C0028754; C0028850; C0028949; C0029882; C0030193; C0030232; C0030252; C0030297; C0030305; C0030554; C0031117; C0031350; C0031485; C0031542; C0032000; C0496901; C0032285; C0032290; C0032617; C1167965; C0032961; C0033036; C0033117; C0033774; C0033777; C0033893; C0033975; C0034013; C0034063; C0034065; C0034150; C1368065; C0034155; C0034642; C0034880; C0035243; C0035258; C0035302; C0035400; C0035410; C0035455; C0036104; C0037036; C0036202; C0036508; C0036572; C0037199; C0037274; C0037284; C0037299; C0037315; C0037822; C0038325; C0038358; C0038362; C0038367; C0149745; C0038450; C0038454; C0038587; C0038661; C0852733; C0038663; C0038990; C0020458; C0038999; C0039070; C0041657; C0036974; C0039231; C0039239; C0039503; C0039621; C0039971; C0040034; C0040046; C0040261; C0040264; C0040425; C0040435; C0040460; C0040479; C0040485; C0040586; C0040822; C0041105; C0041582; C0041834; C0041912; C0042023; C0042024; C0042029; C0042075; C0041969; C0042109; C0042267; C0404521; C0042373; C0042510; C0042514; C0042571; C0042769; C0042790; C3665347; C0042963; C0043037; C0347390; C0043049; C0043094; C0043096; C0043144; C0043349; C0043352; C0043387; C0080274; C0085577; C0271899; C0085583; C0085593; C0085602; C0085605; C0085610; C0085612; C0085614; C0085615; C0085623; C0085628; C0549249; C0085631; C0085632; C0233471; C0085633; C0233472; C0085635; C0085636; C0085637; C0085649; C0085681; C0085688; C0086439; C0086525; C0149725; C0149741; C0149871; C0149904; C0149931; C0151205; C0151464; C0151564; C0151576; C0853034; C0151584; C0151596; C0151603; C0268000; C0151605; C0151610; C0040409; C0151636; C0151662; C0151735; C0151744; C0151763; C0160390; C0151772; C0338831; C0151786; C0151795; C0151818; C0151825; C0151827; C0151828; C0151836; C1456784; C0151878; C0151888; C0151889; C0151904; C0151905; C0151907; C0151908; C0152029; C0152031; C0152128; C0152198; C0152227; C0155169; C0014236; C0156404; C0162119; C0162285; C0162298; C0162429; C0162830; C0162848; C1274594; C0175754; C0151490; C0178298; C0221147; C0221244; C0231218; C0234215; C2047937; C0231230; C0231471; C0231528; C0231530; C0231710; C0232461; C0232487; C0232492; C0232807; C1565489; C0233414; C0233469; C0233565; C0233632; C1306341; C0234022; C0234047; C0234133; C0234632; C0234913; C0234952; C0234953; C0234987; C0235074; C0235086; C0235146; C0235198; C0235290; C0235309; C0235315; C0235398; C0235551; C0235592; C0497156; C0235660; C0235710; C0235763; C0033860; C0235792; C0235818; C0085932; C0235893; C0235901; C0022904; C0235939; C0010399; C0235969; C0235988; C0853785; C0235996; C0236065; C0236068; C0236071; C0237849; C0239062; C0239134; C0240211; C0240322; C0240717; C0241266; C0241357; C0853117; C0241633; C0520589; C0241863; C0242073; C0948349; C0242339; C0242350; C0242422; C0243026; C0262385; C0264009; C0264886; C0267596; C0267792; C0270458; C1269683; C0270729; C0270996; C0271441; C0274702; C3160741; C0277925; C0278061; C0278106; C0278151; C0314719; C0332534; C0332575; C0333243; C0340865; C0343494; C0344232; C0349506; C0392025; C0000731; C0392156; C0392168; C0392171; C0521839; C0392386; C0392702; C0393760; C0393761; C0403673; C0423006; C0423791; C0424295; C0424448; C0424790; C0428977; C0438717; C0475765; C0475858; C0476280; C0497327; C0497365; C0520806; C0520821; C0520887; C0520888; C0520966; C0521507; C0521509; C0522055; C0522224; C0522336; C0525045; C0542008; C0542571; C0150450; C0549433; C0543467; C0549622; C0553713; C0553721; C0020620; C0558489; C0575081; C0575090; C0595877; C0595930; C0595939; C0600228; C0686347; C0699744; C0700590; C0702166; C0740394; C0235416; C0744727; C0750394; C0750876; C0851341; C1384353; C0851578; C0853008; C0030567; C0854082; C0855329; C0855333; C0857093; C0857494; C0857980; C0858635; C0549373; C0860811; C0853592; C0870082; C0877322; C0877338; C0917798; C0917799; C0917801; C0919590; C0920289; C0948050; C0948281; C0948294; C0948525; C1096717; C1112182; C1141890; C1142017; C1258215; C1260880; C1262064; C1263960; C0853011; C1299624; C1320474; C1320835; C1328377; C1963718; C1328539; C1457883; C0001807; C1504343; C1504435; C1519353; C1527344; C0035078; C1608410; C1611162; C1619712; C1696700; C1735601; C2225524; C2240374; C2979982; C3251821; C3665386; C3665888,"Abdominal pain; Gastrointestinal pain; Abscess; Adenocarcinoma; Adenoma benign; Agranulocytosis; Albinism; Alopecia; Amenorrhoea; Amnesia; Anaphylactic shock; Anaemia; Hypochromic anaemia; Angina pectoris; Angioedema; Anorexia; Decreased appetite; Anxiety; Aphasia; Apnoea; Apraxia; Arrhythmia; Sinus arrhythmia; Arthralgia; Musculoskeletal discomfort; Arthritis; Ascites; Asthenia; Asthma; Ataxia; Athetosis; Atrial fibrillation; Atrioventricular block; Automatism; Back pain; Mental disorder; Bipolar disorder; Bipolar I disorder; Blepharitis; Blepharospasm; Clotting; Coagulopathy; Bone disorder; Brain neoplasm; Breast disorder; Breast feeding; Bronchospasm; Bronchitis; Bronchopneumonia; Bundle branch block; Bursitis; Cachexia; Cardiovascular disorder; Catatonia; Cellulitis; Central nervous system disorder; Nervous system disorder; Transient ischaemic attack; Cerebrovascular disorder; Neck pain; Cheilitis; Chest pain; Choking; Cholecystitis; Cholelithiasis; Chorea; Colitis; Coma; Infection; Confusional state; Feeling abnormal; Conjunctivitis; Connective tissue disorder; Constipation; Muscle contracture; Cough; Cystitis; Cystitis noninfective; Bladder pain; Deafness; Sudden death; Libido decreased; Disturbance in sexual arousal; Dysphagia; Dehydration; Delirium; Delusion; Depersonalisation; Depression; Dermatitis; Drug eruption; Diabetes mellitus; Diabetic ketoacidosis; Diarrhoea; Diplopia; Diverticulitis; Dizziness; Drooling; Drowsiness; Somnolence; Drug hypersensitivity; Dysarthria; Osteoarthritis; Dysgeusia; Dyskinesia; Dysmenorrhoea; Dyspepsia; Dyspnoea; Dysuria; Ear disorder; Ear pain; Eczema; Oedema; Endocrine disorder; Enuresis; Grand mal convulsion; Epistaxis; Eructation; Erythema multiforme; Oesophageal motility disorder; Oesophagitis; Rash; Extrapyramidal disorder; Eye disorder; Eye infection; Fatigue; Liver fatty; Hepatic steatosis; Faecal incontinence; Body temperature increased; Flatulence; Flushing; Localised infection; Foramen ovale patent; Atrial septal defect; Furunculosis; Furuncle; Gastritis; Gastroenteritis; Gastrooesophageal reflux disease; Gastrointestinal disorder; Gastrointestinal haemorrhage; Gingivitis; Glaucoma; Glycosuria; Gynaecomastia; Headache; Partial hearing loss; Hearing impaired; Cardiac arrest; Cardiac disorder; Heat stroke; Haematemesis; Blood disorder; Haematoma; Haematuria; Haemoptysis; Haemorrhage; Haemoglobin; Haemorrhoids; Hepatitis; Hepatomegaly; Hereditary angioedema; Hyperbilirubinaemia; Hypercholesterolaemia; Hyperglycaemia; Hyperinsulinism; Blood insulin increased; Hyperlipidaemia; Hyperphagia; Hyperprolactinaemia; Hypersensitivity; Hypertension; Hypertrichosis; Hypertriglyceridaemia; Blood triglycerides increased; Hyperventilation; Hypoaesthesia; Hypoglycaemia; Hypokalaemia; Hyponatraemia; Hypoproteinaemia; Hypotension; Orthostatic hypotension; Body temperature decreased; Hypothermia; Hypothyroidism; Immune system disorder; Inappropriate antidiuretic hormone secretion; Libido increased; Influenza; Intermittent claudication; Intestinal obstruction; Irritable bowel syndrome; Functional gastrointestinal disorder; Jaundice; Arthropathy; Renal failure acute; Laryngeal oedema; Laryngospasm; Bundle branch block left; Cramps of lower extremities; Muscle spasms; Leg pain; Pain in extremity; Lethargy; Leukocytosis; Leukopenia; Leukorrhea; Vaginal discharge; Long QT syndrome; Lymphopenia; Mastitis; Breast pain; Mediastinal disorder; Melaena; Menorrhagia; Menstrual disorder; Metrorrhagia; Movement disorder; Hypertonia; Hypotonia; Muscle relaxant therapy; Muscle rigidity; Musculoskeletal disorder; Musculoskeletal pain; Fungal infection; Myocardial infarction; Acute coronary syndrome; Myocarditis; Myoclonus; Myoglobinuria; Myoglobin urine present; Myotonia; Nasal congestion; Nasopharyngitis; Nausea; Necrosis; Drug withdrawal syndrome neonatal; Neoplasm; Nervousness; Tension; Neuroleptic malignant syndrome; Neutropenia; Nightmare; Nodule; Numbness; Sensory loss; Obesity; Eye movement disorder; Oligomenorrhoea; Otitis media; Pain; Pallor; Palpitations; Pancreatic neoplasm; Pancreatitis; Paraesthesia; Neuropathy peripheral; Pharyngitis; Phenylketonuria; Phlebitis; Pituitary adenoma; Pituitary tumour benign; Pneumonia; Pneumonia aspiration; Polyuria; Urine output increased; Pregnancy; Supraventricular extrasystoles; Priapism; Pruritus; Pruritus genital; Tension headache; Psychotic disorder; Precocious puberty; Pulmonary oedema; Pulmonary embolism; Purpura; Vascular purpura; Thrombotic thrombocytopenic purpura; Rales; Hyperacusis; Respiratory tract infection; Restless legs syndrome; Retinal artery occlusion; Reye's syndrome; Rhabdomyolysis; Rhinitis; Salivation; Salivary hypersecretion; Sarcoidosis; Seborrhoeic dermatitis; Convulsion; Sinusitis; Skin disorder; Skin lesion; Skin ulcer; Sleep apnoea syndrome; Speech disorder; Stevens-Johnson syndrome; Gastric ulcer; Stomatitis; Ulcerative stomatitis; Mouth ulceration; Stridor; Cerebrovascular accident; Withdrawal syndrome; Suicide; Completed suicide; Suicide attempt; Sweating; Hyperhidrosis; Swelling; Syncope; Loss of consciousness; Shock; Tachycardia; Sinus tachycardia; Tendonitis; Tetany; Thirst; Thrombocytopenia; Thrombophlebitis; Onychomycosis; Tinnitus; Tonsillitis; Tooth disorder; Toothache; Torsade de pointes; Torticollis; Tracheobronchitis; Tremor; Trismus; Ulcer; Erythema; Upper respiratory tract infection; Pollakiuria; Urinary incontinence; Urinary tract infection; Urinary tract disorder; Urethral disorder; Urticaria; Vaginal inflammation; Vaginal infection; Angiopathy; Ventricular fibrillation; Ventricular tachycardia; Vertigo; Viral infection; Disorder sight; Visual impairment; Vomiting; Common wart; Skin papilloma; Water intoxication; Weight increased; Weight decreased; Wheezing; Xerophthalmia; Dry mouth; Yawning; Urinary retention; Normocytic anemia; Normochromic normocytic anaemia; Choreoathetosis; Chills; Polydipsia; Hepatic failure; Sinus bradycardia; Ventricular arrhythmia; Atrioventricular block first degree; Bundle branch block right; Akinesia; Stupor; Depressed level of consciousness; Agitation; Apathy; Flat affect; Mood swings; Affect lability; Photopsia; Photophobia; Oculogyric crisis; Oedema peripheral; Hyperphosphataemia; Breast engorgement; Hypokinesia; Lassitude; Lower respiratory tract infection; Breast discharge; Deep vein thrombosis; Hepatitis cholestatic; Migraine; Periorbital oedema; Injection site abscess; Cogwheel rigidity; Creatine phosphokinase increased; Blood creatine phosphokinase increased; Injection site cyst; Tongue discolouration; Generalised oedema; Fluid retention; Injection site swelling; Tongue oedema; Tongue disorder; Ventricular extrasystoles; Gamma-glutamyltransferase increased; Injection site reaction; Myocardial ischaemia; Hepatocellular injury; Liver injury; Manic psychosis; Mania; Muscular weakness; Injection site necrosis; Opisthotonus; Bone pain; Eye pain; Injection site pain; Paranoid reaction; Paranoia; Electrocardiogram QT prolonged; Hyporeflexia; Hyperreflexia; Aspartate aminotransferase increased; Alanine aminotransferase increased; Skin discolouration; Dry skin; Sinus congestion; Joint swelling; Drug withdrawal syndrome; Accommodation disorder; Lacrimation increased; Ocular hyperaemia; Endophthalmitis; Menstruation irregular; Haemoglobin decreased; Eyelid oedema; Joint stiffness; Malnutrition; Photosensitivity reaction; Eruption lichenoid; Lichenoid keratosis; Corpus callosum agenesis; Congenital central nervous system anomaly; Unspecified disorder of skin and subcutaneous tissue; Red blood cell disorders; Platelet production decreased; Dandruff; Malaise; Discomfort; Ill-defined disorder; Fatigability; Posture abnormal; Myalgia; Muscle twitching; Buttock pain; Increased appetite; Abdominal discomfort; Abdominal pain upper; Function kidney decreased; Renal impairment; Disturbance in attention; Blunted affect; Bradykinesia; Thinking abnormal; Mental disability; Anorgasmia; Ejaculation delayed; Extrapyramidal symptoms; Visual acuity reduced; Rash erythematous; Oropharyngeal spasm; Tongue spasm; Dizziness postural; Tongue paralysis; Muscle contractions involuntary; Euphoric mood; Cerebration impaired; Taste bitter; Upset stomach; Faeces discoloured; Diabetes mellitus exacerbated; Laryngotracheal oedema; Lymphadenopathy cervical; Lymphadenopathy; Galactorrhoea; Chest discomfort; Psoriasis flare-up; Psoriasis; Breast pain male; Bullous eruption; Dermatitis bullous; Allergy aggravated; Lacrimation abnormal NOS; Lacrimal disorder; Crying abnormal; Crying; Ejaculation disorder; Serum iron decreased; Blood iron decreased; Hepatic enzyme increased; Oedema mouth; Swollen tongue; Throat tightness; Skin exfoliation; Circumoral oedema; Productive cough; Lip swelling; Menstruation delayed; Perineal pain; Subcutaneous abscess; Testosterone low; Blood testosterone decreased; Vaginal dryness; Vulvovaginal dryness; Diabetic; Pulmonary congestion; Respiratory tract congestion; Dyslipidaemia; Erectile dysfunction; Parkinsonism; Sepsis; Autonomic nervous system imbalance; Osteodystrophy; Conduction disorder; Rectal haemorrhage; Hepatobiliary disease; Psychotic depression; Major depression; Drug-induced parkinsonism; Eye swelling; Otitis media chronic; Cholinergic syndrome; Toxicity to various agents; Peripheral coldness; Mental state abnormal; Ejaculation failure; Facial spasm; Dry eye; Induration; Redness; Pitting edema; Anaphylactoid reaction; Risus sardonicus; Vision blurred; Photosensitivity; Enlargement abdomen; Abdominal distension; Akathisia; Emprosthotonus; Influenza-like symptoms; Influenza like illness; Platelet count decreased; Abnormal involuntary movements; Initial insomnia; Middle insomnia; Retrograde ejaculation; Eye discharge; Rash maculo-papular; Hyperkinesia; Masked facies; Rigors; Bradycardia; Transaminases increased; Nasal oedema; Pruritus generalised; Musculoskeletal chest pain; Dementia; Rash generalised; Sudden death, cause unknown; Pleurothotonus; Electrocardiogram ST segment depression; Electrocardiogram T wave inversion; Coordination abnormal; Injection site ulcer; Injection site induration; Electrocardiogram abnormal; Paralysis; Eye rolling; Affective disorder; Injection site haematoma; Face oedema; Altered state of consciousness; Surgical intervention; Surgery; Sexual dysfunction; Breast pain female; Sweating decreased; Hypohidrosis; Renal pain; Gait disturbance; Balance disorder; Blood glucose increased; Blood cholesterol increased; Stillbirth; Cardio-respiratory arrest; Tardive dyskinesia; Ear infection; Sweating increased; Acne; Hyperuricaemia; Blood uric acid increased; Haematocrit decreased; White blood cell count decreased; Phlebitis superficial; Infestation NOS; Infestation; Blood and lymphatic system disorders; Ear and labyrinth disorders; Sleep disorder; Parkinson's disease aggravated; Parkinson's disease; Blood prolactin increased; Electrocardiogram change; Electrocardiogram QT corrected interval prolonged; Elevated liver enzyme levels; Unresponsive to stimuli; Serum prolactin increased; Pharyngolaryngeal pain; Laryngeal pain; Antidiuretic hormone abnormality; Blood antidiuretic hormone abnormal; Hyperkeratosis; Muscle tightness; Breast discomfort; Cerebral ischaemia; Hypersomnia; Insomnia; Injection site cellulitis; Sluggishness; Small bowel angioedema; Malignant syndrome NOS; Eyelid margin crusting; Musculoskeletal stiffness; Pain during injection; Parkinsonian rest tremor; Long QT syndrome congenital; Glabellar reflex abnormal; Ileus; Rhinorrhoea; Oculogyration; Diabetic coma; Diabetic hyperglycaemic coma; Postural orthostatic tachycardia syndrome; Nuchal rigidity; Drug fever; Oculo-respiratory syndrome; Oculorespiratory syndrome; Reflex tachycardia; Aggressive reaction; Aggression; Acarodermatitis; Electrocardiogram QT interval abnormal; Rash papular; Dysphonia; Renal failure; Head titubation; Plateletcrit decreased; Procedural pain; C1 esterase deficiency acquired; Floppy iris syndrome; Breast enlargement; Eosinophil count increased; Vaginal haemorrhage; Catatonic reaction; Abnormal vision; Reproductive toxicity"
DB09532,Secretin human,"Human secretin is a gastrointestinal peptide hormone that regulates secretions in the stomach, pancreas, and liver. The hormone is produced from the enterochromaffin cells in the duodenum in response to the duodenal content with the pH less than 4.5 [L1875]. The main action of secretin is to stimulate the pancreas to secrete pancreatic juice for pH regulation in the small intestines. Secretin is also responsible in body fluid homeostasis [A32276] and bile production. Although it is a gastrointestinal hormone, secretin is also considered as a neuropeptide hormone since it is also expressed in the central nervous system [A32275].

Purified synthetic human secretin, also referred to as RG1068, is available as an intravenous injection under the market name ChiRhoStim ® in the U.S.. It contains an amino acid sequence identical to the naturally occurring hormone consisting of 27 amino acids [FDA Label] that supports α-helical formation [A32275].  The carboxyl-terminal amino acid, valine, is amidated. Synthetic human secretin displays equivalent biological activity and properties as naturally-occurring secretin [A32265]. It is indicated for the stimulation of the pancreatic and gastric secretions to aid in the diagnosis of pancreatic exocrine dysfunction and the diagnosis of gastrinoma, and facilitate the identification of the ampulla of Vater and accessory papilla during endoscopic retrograde cholangiopancreatography (ERCP).",indirect,V04CK01,CID016129665,LLT; PT,C0000729; C0000737; C0687713; C0003467; C0011991; C0015230; C0011603; C0015672; C0004093; C0015967; C0016382; C0018681; C0019080; C0518015; C0020649; C0027497; C0028643; C0278134; C0020580; C0030232; C0030305; C0036572; C0039070; C0012833; C0041657; C0036974; C0039231; C0042109; C0042384; C0042963; C0220870; C0232132; C0240840; C0235472; C0232487; C0235309; C0392162; C0232431; C0428977; C0476273; C0581870; C0232492; C0700590; C0020458; C1291077; C0016204; C0000731; C1302752; C0015256; C2242996; C0030554,Abdominal cramps; Abdominal pain; Gastrointestinal pain; Anxiety; Diarrhoea; Rash; Dermatitis; Fatigue; Asthenia; Body temperature increased; Flushing; Headache; Haemorrhage; Haemoglobin; Hypotension; Nausea; Numbness; Sensory loss; Hypoaesthesia; Pallor; Pancreatitis; Convulsion; Syncope; Dizziness; Loss of consciousness; Shock; Tachycardia; Urticaria; Vasculitis; Vomiting; Lightheadedness; Thready pulse; Pulse pressure decreased; Pulse abnormal; Abdominal discomfort; Upset stomach; Sticky skin; Cold sweat; Bradycardia; Respiratory distress; Pain hunger; Abdominal pain upper; Sweating increased; Hyperhidrosis; Abdominal bloating; Flatulence; Abdominal distension; Abrasion NOS; Excoriation; Tingling sensation; Paraesthesia
DB06247,CX516,,indirect,,,,,
DB01238,Aripiprazole,"Aripiprazole is an atypical antipsychotic orally indicated for the treatment of schizophrenia, bipolar I, major depressive disorder, irritability associated with autism, and Tourette's.[L45859] It is also indicated as an injection for agitation associated with schizophrenia or bipolar mania.[L45859] Aripiprazole exerts its effects through agonism of dopaminergic and 5-HT1A receptors and antagonism of alpha-adrenergic and 5-HT2A receptors.[L45859,A4393] Aripiprazole was given FDA approval on November 15, 2002.[L6136]",indirect,N05AX12,CID000060795,LLT; PT,C0000731; C0000737; C0687713; C0001807; C0001818; C0001824; C0001925; C0001973; C0085762; C0002170; C0002418; C0002453; C0002622; C0002792; C0002871; C0002884; C0002886; C0002957; C0002962; C0002994; C0003123; C0232462; C0003467; C0003537; C0003578; C0003615; C0003621; C0003862; C0948594; C0003864; C0003873; C0004044; C0004093; C0004096; C0004134; C0004238; C0004239; C0004245; C0004604; C0004936; C0005741; C0005745; C0005747; C0005758; C0085932; C0005826; C0006145; C0006325; C0006384; C0006444; C0006840; C0006849; C0006852; C0700345; C1609512; C0007286; C0007398; C0007642; C0007787; C0007859; C0007860; C0007971; C0008031; C0008035; C0476280; C0008325; C0008350; C0009193; C0009241; C0009319; C0009421; C0009450; C0009676; C1443060; C0009763; C0009782; C0009806; C0009918; C0009938; C0010200; C0010520; C0010692; C0403632; C0232849; C0010709; C0011053; C0011124; C0855242; C0011127; C0011168; C0011175; C0011206; C0011253; C0011334; C0011551; C0011570; C0011603; C0011606; C0011609; C0011849; C0011860; C0011880; C0011991; C0012569; C0012691; C0012833; C0013132; C0013295; C0013362; C0029408; C0013378; C0013384; C0013390; C0013395; C0013404; C0013428; C0013456; C0013473; C0013491; C0013595; C0013604; C0014130; C0014394; C0014457; C0014534; C0014544; C0014549; C0014591; C0014724; C0014868; C0014869; C0017168; C0015230; C0015371; C0015397; C0015402; C0015403; C0015409; C0015468; C0015469; C0919980; C0015672; C0015732; C0015734; C1321686; C0015806; C0015967; C0016199; C0016204; C0016382; C0016397; C0016436; C0016579; C0016658; C0016655; C0017152; C0017160; C0017178; C0017181; C0017565; C0017574; C0017672; C0017675; C0017979; C0018021; C0018099; C0018418; C0018524; C0018674; C0018681; C0018790; C0018799; C0018800; C0018801; C0018808; C0018839; C0018843; C0018926; C0018932; C0018944; C0018965; C0018989; C0019079; C0019080; C0518015; C0019112; C0019158; C0019209; C0019294; C0019348; C0019521; C0019557; C0019572; C0019825; C1527344; C0020039; C0020162; C0020433; C0020443; C0020452; C0020453; C0020456; C0020457; C0020458; C0020459; C0852795; C0020461; C0020473; C0020488; C0020502; C0020517; C0020538; C0020550; C0020557; C0853692; C0020580; C0020615; C0020621; C0020625; C0020649; C0020651; C0020672; C0413252; C0020676; C0021053; C0021167; C0021177; C0021368; C0021400; C0021843; C0021845; C0022104; C0559031; C0022107; C0022346; C0022362; C0022408; C0022650; C0392525; C0022821; C0023066; C0023067; C0023380; C0023518; C0023530; C0023533; C0227791; C0024117; C0085129; C0024902; C0025061; C0025222; C0025323; C0026640; C0026650; C0026821; C0037763; C0026826; C0026827; C1142135; C0026837; C0026848; C0026858; C0027051; C0948089; C0027066; C0027424; C0027441; C0027497; C0027609; C0027651; C0027765; C0027769; C0233494; C0027796; C0027822; C0027849; C0027947; C0028081; C0028084; C0028734; C0028754; C0028768; C0028850; C0028961; C0029453; C0029456; C0029878; C0029882; C0029927; C0030193; C0030196; C0030232; C0030252; C0030305; C0030318; C0030319; C0030554; C0030567; C0242422; C0030583; C0030662; C0030794; C0030807; C0030920; C0031085; C0518988; C0031099; C0031256; C0031350; C0031542; C0032285; C0032290; C0032584; C0032617; C1167965; C0032739; C0032961; C0033038; C0033046; C0033117; C0033581; C0033687; C0948586; C0033774; C0033775; C0033777; C2242737; C0033860; C0033975; C0034063; C0034065; C0034186; C0034880; C0035078; C0035243; C0035258; C0035410; C0035455; C0035508; C0035854; C0036337; C0036396; C0036508; C0036572; C0036601; C0853089; C0036974; C0036983; C0037036; C0037199; C0037299; C0037315; C0037383; C0037650; C0037672; C0037822; C0038362; C0038454; C0038525; C0038661; C0852733; C0038663; C0038814; C0162830; C0038990; C0038999; C0039070; C0041657; C0039231; C0039239; C0039240; C0039503; C0039520; C0039591; C0039971; C0040034; C0040046; C0040213; C0040252; C0040261; C0040264; C0040441; C0040460; C0040479; C0040485; C0040822; C0041105; C0041582; C0041834; C0041912; C0042023; C0042024; C0042029; C0042075; C0041969; C0042109; C0042134; C0042267; C0404521; C0042345; C0042373; C0042401; C1142412; C0042420; C0700200; C0042514; C0042571; C0042963; C0043094; C0043096; C0043117; C0034150; C0043144; C0043352; C0080194; C0080274; C0085583; C0085593; C0085602; C0085605; C0085606; C0085612; C0085623; C0085624; C0085628; C0549249; C0085631; C0085632; C0233471; C0085633; C0233472; C0085635; C0085636; C0085637; C0085641; C0085649; C0085740; C0086132; C0086439; C0086543; C0086769; C0149725; C0149741; C0149745; C0149801; C0149871; C0149931; C0151205; C0151315; C0948525; C1320474; C0151517; C0151538; C0151539; C0151564; C0151576; C0853034; C0151578; C0235431; C0151596; C0151602; C0151603; C0268000; C0151605; C0151610; C0040409; C0151636; C0151662; C0151671; C0151683; C0151699; C0151713; C1168034; C0151735; C0151736; C3263723; C0151744; C0151752; C0235660; C0151754; C0853149; C0151766; C0151772; C0338831; C0151786; C0151825; C0151827; C0151828; C0151836; C1456784; C0151838; C0521591; C0151849; C0852911; C0151878; C0151883; C0151888; C0151889; C0151898; C0036358; C0151904; C0151905; C0151907; C0151908; C0152029; C0152030; C0152031; C0152032; C0152227; C0152447; C0152517; C0156404; C0159658; C0162119; C0162285; C0162287; C0162297; C0162316; C0162429; C0178298; C0037274; C0205204; C0220870; C0221203; C0221706; C0221776; C0231218; C0234215; C2047937; C0231528; C0231530; C0231710; C0231919; C0232292; C0235710; C0232431; C0232461; C0232487; C0232492; C0232495; C0232498; C0232602; C0233407; C0233414; C0233469; C0233477; C0233519; C0233565; C0233632; C1306341; C0233633; C0554976; C0233754; C0233762; C0233763; C0233794; C0233818; C0234022; C0234133; C0234233; C0234376; C0234458; C0234913; C0234922; C1608945; C0234952; C0234953; C0234987; C0234988; C0235074; C0235081; C0235086; C0235146; C0235169; C0235198; C0235234; C0235266; C0235267; C0155169; C0235309; C0235315; C0235416; C0235874; C0235996; C0236000; C0236068; C0236071; C0237314; C0239134; C0239739; C0239783; C0239940; C0239978; C0241060; C0241075; C0241729; C0241934; C0242073; C0948349; C0242350; C0242429; C2363730; C2363731; C0242528; C0259817; C0262397; C0262578; C0267596; C0267792; C0271650; C0271710; C0272386; C0272426; C0273482; C0161479; C0278016; C0281774; C0311394; C0575081; C0311468; C0312420; C0314719; C0332534; C0332575; C0332798; C0043250; C0340464; C0341047; C0341164; C0342548; C0344232; C0344315; C0347390; C0349506; C0392025; C0392156; C0392620; C0392702; C0409962; C0423006; C0423729; C0423736; C0423791; C0424000; C0424024; C0424230; C0424295; C0424448; C0424489; C0426498; C0426959; C0427008; C0427086; C0427160; C0427457; C0428977; C0429059; C0434437; C0435002; C0438167; C0438717; C0442874; C0031117; C0451641; C0042018; C0455204; C0455769; C0455899; C0456495; C0476273; C0494475; C0497156; C0497247; C0520589; C0520723; C0520806; C0011071; C0520888; C0520966; C0521503; C0521509; C0521592; C0521634; C0521839; C0522055; C0522251; C0037195; C0522351; C0522570; C0541820; C0541832; C0542313; C0542571; C0544618; C0547030; C3665347; C0549209; C0150450; C0549310; C0549343; C0877322; C0549391; C0549405; C0549622; C0555120; C0555724; C0558401; C0043246; C0575090; C0581912; C0595877; C0595883; C0595930; C0600125; C0600142; C0236075; C0600228; C0679048; C0686347; C0699828; C0700361; C0700572; C0740394; C0740425; C0744727; C0750394; C0750426; C0836924; C0850001; C0235002; C0851341; C1384353; C0851578; C0852566; C0852625; C0852995; C0853348; C0853619; C0853697; C0853710; C0853760; C0853761; C0853782; C0853958; C0854082; C0854111; C0854171; C0854193; C0854286; C0854372; C0855237; C0855304; C0855333; C0855335; C0856050; C0856054; C0857979; C0858635; C0549373; C0860160; C0860805; C0863087; C0863100; C0870082; C0877027; C0877092; C1535879; C0877144; C0877167; C0877211; C0877217; C0877314; C0878544; C0917798; C0917799; C0917801; C0920289; C0947912; C0947999; C0948008; C0948352; C0948353; C1504561; C0948579; C1167760; C0973461; C1096267; C1096340; C1096448; C1096717; C1112182; C1112261; C1112369; C1141884; C1141893; C1141959; C1142080; C1145670; C1260880; C1262064; C1291077; C0025362; C1384489; C1384666; C1442903; C1444565; C1504376; C0857494; C1510410; C1519353; C1536916; C1611167; C1704272; C1861172; C0340726; C2129214; C2240374; C2607914; C2830004; C2937350; C0235969; C2937358; C2939147; C2979982; C2981158; C3248383,"Abdominal distension; Abdominal pain; Gastrointestinal pain; Aggression; Agoraphobia; Agranulocytosis; Albuminuria; Alcoholism; Alcohol abuse; Alopecia; Amblyopia; Amenorrhoea; Amnesia; Anaphylactic shock; Anaemia; Hypochromic anaemia; Anaemia macrocytic; Anger; Angina pectoris; Angioedema; Anorexia; Decreased appetite; Anxiety; Aphasia; Apnoea; Appendicitis; Appetite disorder; Arthralgia; Musculoskeletal discomfort; Arthritis; Rheumatoid arthritis; Asphyxia; Asthenia; Asthma; Ataxia; Atrial fibrillation; Atrial flutter; Atrioventricular block; Back pain; Mental disorder; Blepharitis; Eyelid ptosis; Blepharospasm; Blister; Dermatitis bullous; Blood pressure abnormal; Breast disorder; Bruxism; Bundle branch block; Bursitis; Candida infection; Oral candidiasis; Vaginal moniliasis; Vulvovaginal candidiasis; Vulvovaginal mycotic infection; Carpal tunnel syndrome; Catatonia; Cellulitis; Transient ischaemic attack; Neck pain; Cervicitis; Cheilitis; Chest pain; Chest wall pain; Musculoskeletal chest pain; Cholecystitis; Cholelithiasis; Coccydynia; Cognitive disorder; Colitis; Coma; Infection; Confusional state; Feeling abnormal; Conjunctivitis; Connective tissue disorder; Constipation; Joint contracture; Contusion; Cough; Cyanosis; Cystitis; Cystitis noninfective; Bladder pain; Cyst; Deafness; Libido decreased; Disturbance in sexual arousal; Decubitus ulcer; Dysphagia; Dehydration; Delirium; Delusion; Dental caries; Depersonalisation; Depression; Dermatitis; Dermatitis exfoliative; Drug eruption; Diabetes mellitus; Type 2 diabetes mellitus; Diabetic ketoacidosis; Diarrhoea; Diplopia; Joint dislocation; Dizziness; Drooling; Duodenal ulcer; Dysarthria; Osteoarthritis; Dysgeusia; Dyskinesia; Dysmenorrhoea; Dyspepsia; Dyspnoea; Dysuria; Ear pain; Eating disorder; Ecchymosis; Eczema; Oedema; Endocrine disorder; Enuresis; Eosinophilia; Epididymitis; Epilepsy; Grand mal convulsion; Epistaxis; Eructation; Oesophagitis; Reflux esophagitis; Gastrooesophageal reflux disease; Rash; Extrapyramidal disorder; Eye disorder; Eye haemorrhage; Eye infection; Eye penetration; Facial pain; Facial paralysis; VIIth nerve paralysis; Fatigue; Faecal incontinence; Faecalith; Faecaloma; Femoral neck fracture; Body temperature increased; Flank pain; Flatulence; Flushing; Localised infection; Folliculitis; Formication; Fracture; Multiple fractures; Gastritis; Gastroenteritis; Gastrointestinal disorder; Gastrointestinal haemorrhage; Gingival bleeding; Gingivitis; Glossodynia; Glossitis; Glycosuria; Goitre; Gout; Gynaecomastia; Hallucination; Head injury; Headache; Cardiac arrest; Cardiac disorder; Cardiomegaly; Cardiac failure; Cardiac murmur; Heat exhaustion; Heat stroke; Haematemesis; Haematochezia; Haematoma; Haematuria; Hemiparesis; Haemoptysis; Haemorrhage; Haemoglobin; Haemorrhoids; Hepatitis; Hepatomegaly; Inguinal hernia; Herpes simplex; Hiccups; Hip fracture; Hirsutism; Hoarseness; Dysphonia; Hostility; Humerus fracture; Hyperbilirubinaemia; Hypercholesterolaemia; Hyperaemia; Hyperaesthesia; Hyperglycaemia; Diabetic hyperosmolar coma; Hyperhidrosis; Hyperinsulinism; Blood insulin increased; Hyperkalaemia; Hyperlipidaemia; Hypernatraemia; Hyperparathyroidism; Hypersensitivity; Hypertension; Hyperthyroidism; Hypertriglyceridaemia; Blood triglycerides increased; Hypoaesthesia; Hypoglycaemia; Hypokalaemia; Hyponatraemia; Hypotension; Orthostatic hypotension; Body temperature decreased; Hypothermia; Hypothyroidism; Immune system disorder; Incontinence; Libido increased; Inflammation; Influenza; Intestinal obstruction; Intestinal perforation; Irritable bowel syndrome; Functional gastrointestinal disorder; Irritability; Jaundice; Jaw disorder; Arthropathy; Calculus of kidney; Nephrolithiasis; Kyphosis; Laryngospasm; Laryngitis; Lethargy; Leukocytosis; Leukopenia; Leukorrhea; Vaginal discharge; Chronic obstructive pulmonary disease; Bronchial hyperreactivity; Breast pain; Mediastinal disorder; Melaena; Menorrhagia; Oral neoplasm; Movement disorder; Cramp muscle; Muscle spasms; Hypertonia; Hypotonia; Muscle relaxant therapy; Muscle rigidity; Myopathy; Musculoskeletal pain; Myocardial infarction; Acute coronary syndrome; Myoclonus; Nasal congestion; Nasopharyngitis; Nausea; Drug withdrawal syndrome neonatal; Neoplasm; Nervous system disorder; Nervousness; Tension; Neuralgia; Neurodermatitis; Neuroleptic malignant syndrome; Neutropenia; Night sweats; Nightmare; Nocturia; Obesity; Obsessive-compulsive disorder; Eye movement disorder; Oliguria; Osteopenia; Osteoporosis; Otitis externa; Otitis media; Ovarian cyst; Pain; Pain in extremity; Pallor; Palpitations; Pancreatitis; Panic reaction; Panic disorder; Paraesthesia; Parkinson's disease; Parkinsonism; Parotitis; Pathological gambling; Pelvic pain; Pemphigus; Peptic ulcer; Abscess periodontal; Tooth abscess; Periodontitis; Petechiae; Pharyngitis; Phlebitis; Pneumonia; Pneumonia aspiration; Polyp; Polyuria; Urine output increased; Tuberculin test positive; Pregnancy; Premature ejaculation; Premenstrual syndrome; Priapism; Prostatitis; Proteinuria; Protein urine present; Pruritus; Anal pruritus; Pruritus genital; Anorectal discomfort; Psoriasis; Psychotic disorder; Pulmonary oedema; Pulmonary embolism; Pyelonephritis; Hyperacusis; Renal failure; Respiratory tract infection; Restless legs syndrome; Rhabdomyolysis; Rhinitis; Rhonchi; Rosacea; Schizoaffective disorder; Sciatica; Seborrhoeic dermatitis; Convulsion; Self mutilation; Intentional self-injury; Shock; Septic shock; Salivary hypersecretion; Sinusitis; Skin ulcer; Sleep apnoea syndrome; Sneezing; Somatoform disorder; Somnambulism; Speech disorder; Stomatitis; Cerebrovascular accident; Subarachnoid haemorrhage; Suicide; Completed suicide; Suicide attempt; Sunburn; Photosensitivity reaction; Sweating; Swelling; Syncope; Loss of consciousness; Tachycardia; Sinus tachycardia; Supraventricular tachycardia; Tendonitis; Tenosynovitis; Testicular pain; Thirst; Thrombocytopenia; Thrombophlebitis; Costochondritis; Body tinea; Onychomycosis; Tinnitus; Tooth fracture; Toothache; Torsade de pointes; Torticollis; Tremor; Trismus; Ulcer; Erythema; Upper respiratory tract infection; Pollakiuria; Urinary incontinence; Urinary tract infection; Urinary tract disorder; Urethral disorder; Urticaria; Uterine haemorrhage; Vaginal inflammation; Vaginal infection; Varicose vein; Angiopathy; Vasodilation; Vasodilation procedure; Syncope vasovagal; Presyncope; Ventricular tachycardia; Vertigo; Vomiting; Weight increased; Weight decreased; Idiopathic thrombocytopenic purpura; Purpura; Wheezing; Dry mouth; Muscle strain; Urinary retention; Choreoathetosis; Chills; Polydipsia; Hepatic failure; Micturition urgency; Ventricular arrhythmia; Akinesia; Burning sensation; Stupor; Depressed level of consciousness; Agitation; Apathy; Flat affect; Mood swings; Affect lability; Photopsia; Photophobia; Oculogyric crisis; Rash pustular; Oedema peripheral; Mendelson's syndrome; Depressive symptom; Hypokinesia; Cataract; Panic attack; Lower respiratory tract infection; Breast discharge; Mouth ulceration; Urosepsis; Deep vein thrombosis; Migraine; Periorbital oedema; Neck stiffness; Musculoskeletal stiffness; Nuchal rigidity; Atrioventricular block complete; Buccoglossal syndrome; Blood urea increased; Cogwheel rigidity; Creatine phosphokinase increased; Blood creatine phosphokinase increased; Creatinine increased; Blood creatinine increased; Tongue discolouration; Swelling face; Generalised oedema; Fluid retention; Injection site swelling; Tongue oedema; Tongue disorder; Ventricular extrasystoles; Gamma-glutamyltransferase increased; Glucose tolerance decreased; Neutrophil count increased; Haemorrhage intracranial; Hyperchlorhydria; Gastric pH decreased; Injection site reaction; Accidental injury; Injury; Myocardial ischaemia; Lactation female; Galactorrhoea; Lactic dehydrogenase activity increased; Blood lactate dehydrogenase increased; Liver function test abnormal; Manic psychosis; Mania; Muscular weakness; Bone pain; Eye pain; Injection site pain; Paranoid reaction; Paranoia; Circumoral paresthesia; Paraesthesia oral; Phosphatase alkaline increased; Blood alkaline phosphatase increased; Electrocardiogram QT prolonged; Vesiculobullous rash; Hyporeflexia; Hyperreflexia; Schizophrenic reaction; Schizophreniform disorder; Aspartate aminotransferase increased; Alanine aminotransferase increased; Skin discolouration; Dry skin; Sinus congestion; Skin irritation; Joint swelling; Urinary hesitation; Lacrimation increased; Urethral discharge; Viral diarrhoea; Menstruation irregular; Clavicle fracture; Haemoglobin decreased; Eyelid oedema; Abnormal faeces; Respiratory arrest; Iron deficiency anaemia; Malnutrition; Unspecified disorder of skin and subcutaneous tissue; Skin disorder; Scab; Lightheadedness; Rash vesicular; Road traffic accident; Oral pain; Malaise; Discomfort; Ill-defined disorder; Myalgia; Muscle twitching; Buttock pain; Nasal dryness; Chest tightness; Chest discomfort; Cold sweat; Increased appetite; Abdominal discomfort; Abdominal pain upper; Abdominal pain lower; Abdominal tenderness; Retching; Disorientation; Disturbance in attention; Blunted affect; Dysphoria; Suspiciousness; Bradykinesia; Thinking abnormal; Mental disability; Bradypsychic response; Bradyphrenia; Derealisation; Hallucination, auditory; Hallucination, visual; Memory impairment; Judgement impaired; Anorgasmia; Extrapyramidal symptoms; Tenderness; Action tremor; Abnormal dreams; Rash erythematous; Rash scaly; Exfoliative rash; Oropharyngeal spasm; Tongue spasm; Dizziness postural; Dizziness exertional; Tongue paralysis; Tremor limb; Muscle contractions involuntary; Euphoric mood; Excitability; Cerebration impaired; Dry throat; Eye irritation; Eye redness; Ocular hyperaemia; Upset stomach; Faeces discoloured; Blood uric acid increased; Condition aggravated; Hepatic enzyme increased; Pain in jaw; Swollen tongue; Throat tightness; Heart rate irregular; Productive cough; Gingival pain; Groin pain; Glycosylated haemoglobin increased; Frequent bowel movements; Dermal cyst; Skin induration; Weight fluctuation; Hypomania; Pulmonary congestion; Respiratory tract congestion; Erectile dysfunction; Throat sore; Oropharyngeal discomfort; Oropharyngeal pain; Azotaemia; Xerosis; Breast tenderness; Night cramps; Rectal haemorrhage; Hepatobiliary disease; Glucose tolerance impaired; Hypoglycemic reaction; Tonsillar hypertrophy; Mouth injury; Nerve compression; Nerve injury; Faeces hard; Acute psychosis; Walking disability; Gait disturbance; Blood bilirubin increased; Hypersexuality; Dry eye; Induration; Redness; Open wound; Wound; Extrasystoles; Parotid gland enlargement; Gastric ulcer haemorrhage; Early menarche; Vision blurred; Depressed mood; Skin papilloma; Photosensitivity; Enlargement abdomen; Akathisia; Alcohol poisoning; Abnormal involuntary movements; Localized osteoarthritis; Eye discharge; Painful respiration; Micturition burning; Rash maculo-papular; Suicidal ideation; Delusional perception; Psychomotor retardation; Hyperkinesia; Masked facies; Chapped lips; Tongue dry; Akinaesthesia; Stiffness; Movements involuntary; Parkinsonian gait; Red blood cell count decreased; Bradycardia; Electrocardiogram T wave amplitude decreased; Joint sprain; Ligament sprain; Electrocardiogram T wave abnormal; Transaminases increased; Neuropathy; Neuropathy peripheral; Urolithiasis; Calculus urinary; Homicidal ideation; Energy increased; Pharyngeal erythema; Ear canal erythema; Respiratory distress; Tonic-clonic seizures; Lymphadenopathy; Blood pressure increased; Vulvovaginal dryness; Periorbital haematoma; Sudden death, cause unknown; Sudden death; Electrocardiogram T wave inversion; Coordination abnormal; Injection site burning; Injection site induration; Hypoaesthesia oral; Genital itching female; Influenza like illness; Electrocardiogram abnormal; Sinus pain; Sinus headache; Vertigo positional; Inflammation localised; Carbohydrate tolerance decreased; Chromaturia; Sleep talking; Face oedema; Orthostatic hypertension; Visual disturbance; Visual impairment; Feeling jittery; Altered state of consciousness; Vaginal mycosis; Neck tightness; Muscle tightness; Bladder discomfort; Blood pressure fluctuation; Sexual dysfunction; White blood cells urine positive; Lip dry; Skin laceration; Laceration; Balance disorder; Sensation of heaviness; Blood glucose increased; Blood glucose decreased; Blood cholesterol increased; Electrocardiogram PR prolongation; Hot flush; Menopausal symptoms; Cardio-respiratory arrest; Obsessive thoughts; Tardive dyskinesia; Serotonin syndrome; Emotional distress; Mobility decreased; Hyperuricaemia; Taste altered; Haematocrit decreased; White blood cell count decreased; White blood cell count increased; Thrombocytosis; Heaviness of head; Head discomfort; Infestation NOS; Infestation; Blood and lymphatic system disorders; Ear and labyrinth disorders; Sleep disorder; Sleep phase rhythm disturbance; Injection site erythema; Injection site pruritus; Arthropod bite; Local swelling; Neutrophil count decreased; Blood prolactin decreased; Blood potassium increased; Blood potassium decreased; Blood creatine phosphokinase abnormal; Blood creatine phosphokinase MB increased; Blood prolactin increased; Blood triglycerides decreased; Temperature regulation disorder; Cognitive deterioration; Eyelid function disorder; Mastication disorder; Social avoidant behaviour; Glycosylated haemoglobin decreased; Electrocardiogram QT corrected interval prolonged; Electrocardiogram ST segment abnormal; Diet refusal; Mental status changes; Serum prolactin decreased; Pharyngolaryngeal pain; Laryngeal pain; Diabetes mellitus inadequate control; Urine ketone body present; Decreased immune responsiveness; Tightness in jaw; Hyperkeratosis; Joint range of motion decreased; Venipuncture site bruise; Vessel puncture site bruise; Spontaneous penile erection; Psychomotor skills impaired; General physical health deterioration; Abasia; Blood glucose fluctuation; Cardiomyopathy; Cerebral ischaemia; Hypersomnia; Insomnia; Sluggishness; Myasthenia; Blood urine present; Ischaemic stroke; Injury asphyxiation; Markedly reduced dietary intake; Hypophagia; Bacteria urine identified; Bacterial test positive; Dysphasia; Injection site discomfort; Dysphemia; Bronchopneumopathy; Pain during injection; Parkinsonian rest tremor; Gaze palsy; Paranasal sinus hypersecretion; Head lag abnormal; Muscle enzyme increased; ECG signs of myocardial ischaemia; Injection site stinging; Respiratory failure; Rhinorrhoea; Oculogyration; Abdominal bloating; Mental retardation; Scratch; Hearing impaired; Exostosis; Cardiopulmonary failure; Unresponsive to verbal stimuli; Unresponsive to stimuli; Parosmia; Rash papular; Blood cholesterol decreased; Waist circumference increased; Benign prostatic hyperplasia; Venous thromboembolism; Embolism venous; Loose stools; Eosinophil count increased; Rhinitis allergic; Somnolence; Abnormal ejaculation; Ejaculation disorder; Cerebral haemorrhage; Feeling hot; Vaginal haemorrhage; Loss of libido; Logorrhoea"
DB01018,Guanfacine,"Guanfacine, or BS 100-141,[A189838,A189841] is a selective alpha-A2 adrenergic receptor agonist initially indicated for the treatment of hypertension[L11274] but is now indicated as an extended release tablet for the treatment of ADHD.[L11277] Guanfacine was first described in the literature in 1974.[A189841]

Guanfacine was granted FDA approval on 27 October 1986.[L11274]",indirect,C02AC02,CID000003519,LLT; PT,C0000737; C0687713; C0002170; C0002622; C0003467; C0003813; C0003862; C0948594; C0004093; C0004096; C0004245; C0008031; C0009676; C1443060; C0009763; C0009806; C0011168; C0011603; C0011606; C0011991; C0012833; C0013144; C2830004; C0013378; C0013395; C0013404; C0013604; C0014394; C0015230; C0015397; C0015672; C0018524; C0018681; C0018794; C0018802; C0020517; C0020649; C0020651; C0021053; C0022081; C0022107; C0022660; C0023218; C0037763; C0023222; C0030196; C0023380; C0027051; C0948089; C0027497; C0027769; C0233494; C0028084; C0028734; C0030232; C0030252; C0030552; C0030554; C0033774; C0034150; C1368065; C0035455; C0036572; C0038454; C0038990; C0020458; C0039070; C0041657; C0036974; C0039231; C0039584; C0040264; C0040822; C0042023; C0042024; C0042571; C0042963; C0043094; C0043352; C0085631; C0086439; C0151766; C0151826; C0151905; C0231218; C0234215; C2047937; C0231528; C0232197; C0232462; C0232492; C0232495; C0233472; C0235309; C0232487; C0237849; C0242350; C0344232; C0393760; C0393761; C0428977; C0857121; C0020538; C0917799; C0917801; C2981158; C3665347,Abdominal pain; Gastrointestinal pain; Alopecia; Amnesia; Anxiety; Sinus arrhythmia; Arthralgia; Musculoskeletal discomfort; Asthenia; Asthma; Atrioventricular block; Chest pain; Confusional state; Feeling abnormal; Conjunctivitis; Constipation; Dysphagia; Dermatitis; Dermatitis exfoliative; Diarrhoea; Dizziness; Drowsiness; Somnolence; Dysgeusia; Dyspepsia; Dyspnoea; Oedema; Enuresis; Rash; Eye disorder; Fatigue; Hallucination; Headache; Block heart; Cardiac failure congestive; Hypersensitivity; Hypotension; Orthostatic hypotension; Immune system disorder; Iritis; Irritability; Renal failure acute; Cramps of lower extremities; Muscle spasms; Leg pain; Pain in extremity; Lethargy; Myocardial infarction; Acute coronary syndrome; Nausea; Nervousness; Tension; Nightmare; Nocturia; Pallor; Palpitations; Paresis; Paraesthesia; Pruritus; Purpura; Vascular purpura; Rhinitis; Convulsion; Cerebrovascular accident; Sweating; Hyperhidrosis; Syncope; Loss of consciousness; Shock; Tachycardia; Testicular disorder; Tinnitus; Tremor; Pollakiuria; Urinary incontinence; Vertigo; Vomiting; Weight increased; Dry mouth; Agitation; Hypokinesia; Liver function test abnormal; Retrosternal pain; Alanine aminotransferase increased; Malaise; Discomfort; Ill-defined disorder; Myalgia; Cardiac fibrillation; Decreased appetite; Abdominal pain upper; Abdominal pain lower; Affect lability; Upset stomach; Abdominal discomfort; Skin exfoliation; Erectile dysfunction; Vision blurred; Initial insomnia; Middle insomnia; Bradycardia; Hypertensive; Hypertension; Hypersomnia; Insomnia; Loss of libido; Visual impairment
DB00843,Donepezil,"In 2016, the global burden of dementia was estimated to be 43.8 million, demonstrating a significant increase from a global prevalence of 20.2 million in 1990.[A182411] Donepezil, also known as Aricept, is a piperidine derivative acetylcholinesterase inhibitor used in the management of the dementia of Alzheimer's Disease, and in some cases, is used to manage other types of dementia. 

Donepezil was first approved by the FDA in 1996, and its extended-release form was approved in combination with [Memantine] in 2014 to manage moderate and severe forms of Alzheimer's dementia.[L7916,L7937] A donepezil transdermal delivery system, Adlarity, was approved by the FDA in March 2022 for the treatment of Alzheimer's dementia.[L41125] Though it does not alter the progression of Alzheimer's disease, donepezil is effective in managing the symptoms of its associated dementia.[T668]",indirect,N06DA52;N06DA53;N06DA02,,,,
DB00215,Citalopram,"Citalopram is an antidepressant belonging to the class of selective _serotonin-reuptake inhibitors_ (SSRIs) widely used to treat the symptoms of depression. It is a racemic bicyclic phthalate derivate and is the only compound with a tertiary amine and 2 nitrogen-containing metabolites among all SSRIs.[A261316,A14720] Citalopram enhances serotonergic transmission through the inhibition of serotonin reuptake, and among all the SSRIs, citalopram appears to be the most selective toward serotonin reuptake inhibition.[A261316,A14720] Specifically, it has a very minimal effect on dopamine and norepinephrine transportation and virtually no affinity for muscarinic, histaminergic, or GABAergic receptors.[A261316]

Citalopram was approved by the FDA in 1998 for the treatment of depression in adults 18 years or older.[L5230]",indirect,N06AB04,CID000002771; CID000146570,LLT; PT,C0000737; C0687713; C0000786; C0000833; C0001807; C0001824; C0002170; C0002453; C0002622; C0002792; C0002871; C0002878; C0002884; C0002962; C0002994; C0003123; C0232462; C0003467; C0003615; C0003811; C0003862; C0948594; C0003864; C0003873; C0004093; C0004096; C0004134; C0004238; C0004604; C0004623; C0004936; C0005779; C0005940; C0006145; C0006266; C0006277; C0006325; C0006384; C0006444; C0006840; C0007222; C0007642; C0007787; C0007820; C0008031; C0008325; C0008350; C0009319; C0009326; C0009421; C0009450; C0009676; C1443060; C0009763; C0009806; C0010200; C0010520; C0010692; C0403632; C0232849; C0011071; C0011124; C0855242; C0011168; C0011175; C0011206; C0011253; C0011551; C0011603; C0011991; C0012569; C0012797; C0032617; C0012813; C0012833; C0013146; C0013295; C0013378; C0013384; C0013390; C0013395; C0013404; C0013428; C0013456; C0013491; C0013595; C0013604; C0013781; C0013922; C0014130; C0014457; C0014549; C0014591; C0014724; C0014742; C0014868; C0015230; C0015371; C0015393; C0015397; C0015672; C0015927; C0015967; C0016204; C0016382; C0017152; C0017160; C0017168; C0017178; C0017181; C0017565; C0017574; C0017601; C0017605; C0017675; C0018021; C0018418; C0018524; C0018621; C1322281; C0018681; C0018790; C0018799; C0018801; C0018944; C0018965; C0019080; C0518015; C0019112; C0019158; C0019348; C0019521; C0020039; C0020433; C0020453; C0020514; C0020517; C0020538; C0020555; C0020578; C0020580; C0020615; C0020621; C0020625; C0020649; C0020651; C0020676; C0020701; C0009946; C0021053; C0021141; C0021177; C0022346; C0022408; C0029408; C0022568; C0022650; C0392525; C0022660; C0023067; C0023218; C0037763; C0023222; C0030196; C0023518; C0023530; C0024228; C0024282; C0024312; C0024902; C0025193; C1269683; C0025209; C0025323; C0025345; C0025874; C0026826; C0026837; C0026946; C0026961; C0027051; C0948089; C0027066; C0027497; C0027651; C0027765; C0027769; C0233494; C0027796; C0027849; C0027932; C0028084; C0028738; C0028754; C0028961; C0029261; C0029456; C0029882; C0030193; C0030252; C0030305; C0030312; C0030318; C0030554; C0030846; C0031117; C0031212; C0031350; C0031542; C0032285; C1167965; C0033036; C0033046; C0033117; C0033575; C0033774; C0033775; C0033777; C2242737; C0033860; C0033975; C0034065; C0034150; C1368065; C0034186; C0035410; C0035455; C0036130; C0036572; C0037036; C0037199; C0037822; C0038358; C0038362; C0038367; C0149745; C0038454; C0038587; C0038661; C0852733; C0038663; C0038990; C0020458; C0039070; C0041657; C0036974; C0039231; C0039239; C0039584; C0039971; C0040034; C0040053; C0040264; C0040435; C0040460; C0040479; C0040822; C0041747; C0041834; C0041912; C0042023; C0042024; C0042029; C0042035; C0042075; C0041969; C0042109; C0042267; C0404521; C0042571; C0042769; C0042790; C3665347; C0042963; C0043094; C0043096; C0043251; C3263723; C0043349; C0043352; C0043387; C0080274; C0085583; C0085612; C0085628; C0549249; C0085631; C0085632; C0233471; C0085633; C0233472; C0085636; C0085649; C0086439; C0086543; C0149904; C0149931; C0151474; C0151598; C0151599; C0151626; C0014518; C0151662; C0151744; C0151766; C0151772; C0338831; C0151786; C0151798; C0151825; C0151827; C0151836; C1456784; C0151849; C0852911; C0151872; C0151878; C0151904; C0151905; C0151907; C0151908; C0151936; C0152027; C0152198; C0162429; C0162830; C0231218; C0234215; C2047937; C0231528; C0232461; C0232943; C0233469; C0233632; C1306341; C0234022; C0234458; C0234913; C0235086; C0235146; C0235198; C0233414; C0235401; C0271650; C0235437; C0235490; C0235567; C1262144; C0235639; C0438142; C0235653; C0235660; C0235750; C0235876; C0011570; C0235886; C0235890; C0235901; C0022904; C0235969; C0236051; C0013220; C0241633; C0520589; C0241934; C0242350; C0243026; C0262385; C0265122; C0267596; C0270458; C0278079; C1510472; C0278080; C0439857; C0278106; C0314719; C0340464; C0392156; C0392171; C0521839; C0423791; C0424295; C0424296; C0424790; C0085593; C0425945; C0428977; C0442874; C0497156; C0518988; C0520966; C0522055; C0542571; C0547030; C0549622; C0553721; C0020620; C0553732; C0558489; C0575081; C0580413; C0600142; C0236075; C0687133; C0694536; C0699828; C0700590; C0702166; C0741553; C0019087; C0851578; C0856054; C0917801; C1112442; C1145628; C0259749; C1457883; C1527344; C1956346; C2225524; C2364111; C2830004; C2937350; C2979982; C3251821; C0007398; C3665386; C0000729; C0000731; C0002418; C0002874; C0002940; C0002957; C0003044; C0003850; C0004095; C0004161; C0004601; C0005747; C0005959; C0006107; C0006852; C0700345; C1609512; C0007078; C0007286; C0007859; C0008035; C0476280; C0008049; C0008301; C0009324; C0033247; C0009376; C0949059; C0009782; C0009917; C0009938; C0010346; C0010709; C0011053; C0011334; C0011615; C0011616; C0011630; C0011849; C0012691; C0013362; C0013447; C0014335; C0014553; C0014733; C0015256; C0015402; C0015403; C0015408; C0015469; C0919980; C0015806; C0016053; C0016167; C0016436; C0016479; C0016867; C0242301; C0016927; C0232602; C0017551; C0018099; C0018834; C0018926; C0018932; C0019270; C0019360; C0020175; C0020443; C0020456; C0020473; C0020505; C0020542; C0020546; C0020550; C0020598; C0020877; C0021092; C0021099; C0021400; C0022081; C0022104; C0559031; C0022107; C0022281; C0022578; C0023380; C0023798; C0024205; C0024894; C0025061; C0025222; C0025281; C0026603; C0026650; C0026821; C0026848; C0026858; C0027059; C0027092; C0027343; C0027424; C0027430; C0027441; C0027531; C0028077; C0028081; C0028734; C0028768; C0029878; C0029927; C0030232; C0030794; C0032584; C0032781; C2938875; C0032961; C0033893; C0034628; C0035243; C0035258; C0035305; C0035522; C0036117; C0036396; C0036439; C0036454; C0036689; C0036973; C0037011; C0037195; C0037274; C0037278; C0037287; C0281981; C0037315; C0037384; C0038160; C0038325; C0038395; C0038814; C0039503; C0039520; C0039591; C0039621; C0040147; C0040213; C0040261; C0040409; C0040425; C0040436; C0040485; C0040580; C0040584; C0041105; C0041296; C0041601; C0042133; C0042345; C0042373; C0042420; C0700200; C0042514; C0042907; C0043037; C0347390; C0043117; C0043144; C0043145; C3203531; C0043241; C0085605; C0085606; C0085610; C0085624; C0085635; C0085641; C0085932; C0086769; C0149512; C0149514; C0040586; C0149732; C0149741; C0149756; C0149871; C0151478; C0151714; C0151736; C0151889; C0151934; C0151998; C0152029; C0152030; C0152032; C0155428; C0156404; C0159321; C0159877; C0162119; C0162285; C0162298; C0162848; C1274594; C0178298; C0206504; C0220870; C0221170; C0948525; C0221392; C0149836; C0221706; C0221776; C0227791; C0231530; C0232208; C0232292; C0235710; C0232431; C0232487; C0232492; C0233407; C0233459; C0233754; C0233762; C0233763; C0233794; C0233973; C0234047; C0234535; C0234894; C0234930; C0234987; C0235002; C0235168; C0235169; C0235196; C0424000; C0235218; C0235266; C0235309; C0235347; C0151596; C0235416; C0235522; C0235592; C0235706; C0235763; C0235893; C0235919; C0700594; C0235939; C0010399; C0235996; C0236000; C0236023; C0236048; C0236071; C0239233; C0239725; C0239739; C0239816; C0239978; C0240327; C0240802; C0241060; C0242172; C0242362; C0242422; C0242891; C0262397; C0267158; C0267792; C0268000; C0270549; C0270996; C0272426; C0272774; C0276141; C0277925; C0278008; C0278151; C0281774; C0281825; C0575090; C0302809; C0311468; C0334082; C0339807; C0339916; C0343863; C0344232; C0344315; C0346156; C0376356; C0392386; C0392699; C0393760; C0393761; C0409497; C0410740; C0423798; C0424230; C0425481; C1260922; C0427055; C0434437; C0435002; C0435001; C0474381; C0494475; C0497247; C0520575; C0520878; C0522058; C0872380; C0522178; C0522224; C0541798; C0541832; C0542313; C0542476; C0549209; C0549250; C0549253; C0549259; C0549264; C0549346; C0549356; C0549374; C0158252; C0549391; C0549393; C0549397; C0549433; C0543467; C0549453; C0555724; C0558401; C0043246; C0558919; C0574960; C0577730; C0581912; C0589616; C0595877; C0595930; C0686347; C0699744; C0700031; C0700184; C0700361; C0701836; C0729552; C0743668; C0744403; C0747256; C0748726; C0847033; C0848309; C0851341; C1384353; C0852932; C0853225; C0853348; C0853619; C0856081; C0858635; C0549373; C0876973; C0877046; C0877322; C0877406; C0917799; C0920163; C0920289; C0947999; C0948266; C0973461; C0003537; C1142011; C1260880; C1264613; C1268766; C0549405; C1291077; C1291078; C1442903; C1458155; C1611174; C1619712; C1959622; C0595862; C2939147; C2981158,"Abdominal pain; Gastrointestinal pain; Abortion spontaneous; Abscess; Aggression; Agranulocytosis; Alopecia; Amenorrhoea; Amnesia; Anaphylactic shock; Anaemia; Haemolytic anaemia; Hypochromic anaemia; Angina pectoris; Angioedema; Anorexia; Decreased appetite; Anxiety; Appendicitis; Arrhythmia; Arthralgia; Musculoskeletal discomfort; Arthritis; Rheumatoid arthritis; Asthenia; Asthma; Ataxia; Atrial fibrillation; Back pain; Bacterial infection; Mental disorder; Coagulopathy; Bone disorder; Breast disorder; Bronchospasm; Bronchitis; Bruxism; Bundle branch block; Bursitis; Candida infection; Cardiovascular disorder; Cellulitis; Transient ischaemic attack; Cerebrovascular disorder; Chest pain; Cholecystitis; Cholelithiasis; Colitis; Collagen disorder; Coma; Infection; Confusional state; Feeling abnormal; Conjunctivitis; Constipation; Cough; Cyanosis; Cystitis; Cystitis noninfective; Bladder pain; Sudden death; Libido decreased; Disturbance in sexual arousal; Dysphagia; Dehydration; Delirium; Delusion; Depersonalisation; Dermatitis; Diarrhoea; Diplopia; Diuresis; Polyuria; Diverticulitis; Dizziness; Drug abuse; Duodenal ulcer; Dysgeusia; Dyskinesia; Dysmenorrhoea; Dyspepsia; Dyspnoea; Dysuria; Ear pain; Ecchymosis; Eczema; Oedema; Electric shock; Embolism; Endocrine disorder; Eosinophilia; Grand mal convulsion; Epistaxis; Eructation; Erythema multiforme; Oesophagitis; Rash; Extrapyramidal disorder; Congenital eye disorder; Eye disorder; Fatigue; Foetal death; Body temperature increased; Flatulence; Flushing; Gastritis; Gastroenteritis; Gastrooesophageal reflux disease; Gastrointestinal disorder; Gastrointestinal haemorrhage; Gingival bleeding; Gingivitis; Glaucoma; Angle closure glaucoma; Glossitis; Goitre; Gynaecomastia; Hallucination; Seasonal allergy; Rhinitis seasonal; Headache; Cardiac arrest; Cardiac disorder; Cardiac failure; Haematoma; Haematuria; Haemorrhage; Haemoglobin; Haemorrhoids; Hepatitis; Herpes simplex; Hiccups; Hostility; Hyperbilirubinaemia; Hyperaesthesia; Hyperprolactinaemia; Hypersensitivity; Hypertension; Hypertrichosis; Hyperventilation; Hypoaesthesia; Hypoglycaemia; Hypokalaemia; Hyponatraemia; Hypotension; Orthostatic hypotension; Hypothyroidism; Hysteria; Conversion disorder; Immune system disorder; Inappropriate antidiuretic hormone secretion; Libido increased; Jaundice; Arthropathy; Osteoarthritis; Keratitis; Calculus of kidney; Nephrolithiasis; Renal failure acute; Laryngitis; Cramps of lower extremities; Muscle spasms; Leg pain; Pain in extremity; Leukocytosis; Leukopenia; Lymphatic disorder; Lymphocytosis; Lymphopenia; Breast pain; Melancholia; Major depression; Melanosis; Menorrhagia; Menstrual disorder; Metrorrhagia; Hypertonia; Muscle rigidity; Fungal infection; Mydriasis; Myocardial infarction; Acute coronary syndrome; Myoclonus; Nausea; Neoplasm; Nervous system disorder; Nervousness; Tension; Neuralgia; Neuroleptic malignant syndrome; Neurosis; Nightmare; Nystagmus; Obesity; Oliguria; Orgasm abnormal; Osteoporosis; Otitis media; Pain; Palpitations; Pancreatitis; Pancytopenia; Panic reaction; Paraesthesia; Penis disorder; Neuropathy peripheral; Personality disorder; Pharyngitis; Phlebitis; Pneumonia; Urine output increased; Supraventricular extrasystoles; Premenstrual syndrome; Priapism; Prostatic disorder; Pruritus; Anal pruritus; Pruritus genital; Anorectal discomfort; Psoriasis; Psychotic disorder; Pulmonary embolism; Purpura; Vascular purpura; Pyelonephritis; Rhabdomyolysis; Rhinitis; Salpingitis; Convulsion; Salivary hypersecretion; Sinusitis; Speech disorder; Gastric ulcer; Stomatitis; Ulcerative stomatitis; Mouth ulceration; Cerebrovascular accident; Withdrawal syndrome; Suicide; Completed suicide; Suicide attempt; Sweating; Hyperhidrosis; Syncope; Loss of consciousness; Shock; Tachycardia; Sinus tachycardia; Testicular disorder; Thirst; Thrombocytopenia; Thrombosis; Tinnitus; Tooth disorder; Toothache; Torsade de pointes; Tremor; Unintended pregnancy; Erythema; Upper respiratory tract infection; Pollakiuria; Urinary incontinence; Urinary tract infection; Micturition disorder; Urinary tract disorder; Urethral disorder; Urticaria; Vaginal inflammation; Vaginal infection; Vertigo; Viral infection; Disorder sight; Visual impairment; Vomiting; Weight increased; Weight decreased; Trauma; Injury; Xerophthalmia; Dry mouth; Yawning; Urinary retention; Choreoathetosis; Ventricular arrhythmia; Stupor; Depressed level of consciousness; Agitation; Apathy; Flat affect; Mood swings; Affect lability; Photophobia; Oedema peripheral; Hypokinesia; Cataract; Hepatitis cholestatic; Migraine; Alcohol intolerance; Drug level decreased; Drug level increased; Necrolysis epidermal; Toxic epidermal necrolysis; Gamma-glutamyltransferase increased; Myocardial ischaemia; Liver function test abnormal; Manic psychosis; Mania; Muscular weakness; Hepatic necrosis; Bone pain; Eye pain; Paranoid reaction; Paranoia; Phosphatase alkaline increased; Blood alkaline phosphatase increased; Prothrombin level increased; Electrocardiogram QT prolonged; Aspartate aminotransferase increased; Alanine aminotransferase increased; Skin discolouration; Dry skin; Tendon disorder; Sensory disturbance; Accommodation disorder; Malnutrition; Photosensitivity reaction; Red blood cell disorders; Malaise; Discomfort; Ill-defined disorder; Myalgia; Increased appetite; Menometrorrhagia; Blunted affect; Thinking abnormal; Mental disability; Anorgasmia; Abnormal dreams; Rash erythematous; Muscle contractions involuntary; Euphoric mood; Cerebration impaired; Disturbance in attention; Glucose tolerance abnormal; Glucose tolerance impaired; Gravitational oedema; Peripheral ischaemia; Sputum increased; Increased bronchial secretion; Urine abnormality; Urine analysis abnormal; Breast cancer female; Galactorrhoea; Hypertension worsened; Depression aggravated; Depression; Leg edema; Migraine aggravated; Lacrimation abnormal NOS; Lacrimal disorder; Ejaculation disorder; Tolerance development; Drug tolerance; Vaginal dryness; Vulvovaginal dryness; Hypomania; Erectile dysfunction; Sepsis; Autonomic nervous system imbalance; Pericardial disease; Rectal haemorrhage; Psychotic depression; Dependence psychological; Drug dependence; Dependence physiological; Dependence; Ejaculation failure; Dry eye; Extrasystoles; Akathisia; Influenza-like symptoms; Influenza like illness; Rash maculo-papular; Hyperkinesia; Disinhibition; Rigors; Chills; Prolonged menses; Bradycardia; Neuropathy; Lymphadenopathy; Tooth abscess; Coordination abnormal; Electrocardiogram abnormal; Face oedema; Visual disturbance; Sexual dysfunction; Sweating decreased; Hypohidrosis; Prothrombin level decreased; Renal pain; Gait disturbance; Prothrombin time shortened; Hot flush; Menopausal symptoms; Drug interaction; Drug seeking behavior; Serotonin syndrome; Sweating increased; Acne; Hemorrhage abnormal; Haemorrhagic disorder; Sleep disorder; Mental status changes; Insomnia; Female sexual dysfunction; Unspecified disorder of autonomic nervous system; Autonomic neuropathy; Aggressive reaction; Dysphonia; Coronary artery disease; Breast enlargement; Ageusia; Somnolence; Abnormal ejaculation; Vaginal haemorrhage; Catatonic reaction; Catatonia; Abnormal vision; Abdominal cramps; Abdominal distension; Amblyopia; Aplastic anaemia; Aneurysm; Anger; Animal bite; Arteriosclerosis; Asthenopia; Sports injury; Back injury; Blepharospasm; Marrow hyperplasia; Concussion; Vaginal moniliasis; Vulvovaginal candidiasis; Vulvovaginal mycotic infection; Carbuncle; Carpal tunnel syndrome; Neck pain; Chest wall pain; Musculoskeletal chest pain; Varicella; Choking; Colitis ulcerative; Proctocolitis; Colonic polyp; Large intestine polyp; Connective tissue disorder; Muscle contracture; Contusion; Crohn's disease; Cyst; Deafness; Dental caries; Dermatitis atopic; Dermatitis contact; Fungal skin infection; Diabetes mellitus; Joint dislocation; Dysarthria; Ear disorder; Enteritis; Petit mal epilepsy; Erysipelas; Excoriation; Eye haemorrhage; Eye infection; Eye injury; Facial paralysis; VIIth nerve paralysis; Femoral neck fracture; Fibromyalgia; Anal fissure; Folliculitis; Food poisoning; Furunculosis; Furuncle; Gagging; Retching; Gilbert's syndrome; Gout; Heartburn; Haematemesis; Haematochezia; Hernia; Herpes zoster; Hunger; Hypercholesterolaemia; Hyperglycaemia; Hyperlipidaemia; Hyperphagia; Pulmonary hypertension; Hypertensive crisis; Hyperthyroidism; Hypocalcaemia; Ileitis; Cerumen impaction; Impetigo; Influenza; Iritis; Irritable bowel syndrome; Functional gastrointestinal disorder; Irritability; Eye pruritus; Keratoconus; Lethargy; Lipoma; Lymphadenitis; Mastitis; Mediastinal disorder; Melaena; Meniere's disease; Motion sickness; Movement disorder; Cramp muscle; Myopathy; Musculoskeletal pain; Myocarditis; Myopia; Ingrowing nail; Nasal congestion; Nasal polyps; Nasopharyngitis; Neck injury; Night blindness; Night sweats; Nocturia; Obsessive-compulsive disorder; Otitis externa; Ovarian cyst; Pallor; Pelvic pain; Polyp; Postnasal drip; Upper-airway cough syndrome; Pregnancy; Tension headache; Radius fracture; Respiratory tract infection; Restless legs syndrome; Retinal detachment; Rib fracture; Salmonellosis; Sciatica; Scoliosis; Scotoma; Pharyngitis streptococcal; Shivering; Shoulder pain; Sinus headache; Skin disorder; Skin infection; Skin nodule; Skin mass; Sleep apnoea syndrome; Snoring; Staphylococcal infection; Stevens-Johnson syndrome; Streptococcal infection; Sunburn; Tendonitis; Tenosynovitis; Testicular pain; Tetany; Thyroiditis; Costochondritis; Onychomycosis; Tongue disorder; Tonsillitis; Tooth erosion; Torticollis; Tracheal disorder; Tracheitis; Trismus; Tuberculosis; Ulna fracture; Uterine leiomyoma; Varicose vein; Angiopathy; Syncope vasovagal; Presyncope; Ventricular tachycardia; Vitreous detachment; Common wart; Skin papilloma; Idiopathic thrombocytopenic purpura; Wheezing; Whiplash injury; Post-traumatic neck syndrome; Wound infection; Hepatic failure; Micturition urgency; Sinus bradycardia; Burning sensation; Photopsia; Rash pustular; Dermatitis bullous; Panic attack; Acute sinusitis; Acute bronchitis; Tracheobronchitis; Muscle rupture; Breast discharge; Plantar fasciitis; Deep vein thrombosis; Neurotransmitter level altered; Hypermagnesaemia; Accidental injury; Hyperreflexia; Hypogeusia; Uterine spasm; Sinus congestion; Skin irritation; Urinary hesitation; Otosalpingitis; Menstruation irregular; Facial bones fracture; Ankle fracture; Haemoglobin decreased; Eyelid oedema; Joint stiffness; Eruption lichenoid; Lichenoid keratosis; Unspecified disorder of skin and subcutaneous tissue; Tympanic membrane perforation; Lightheadedness; Muscle stiffness; Musculoskeletal stiffness; Vaginitis atrophic; Atrophic vulvovaginitis; Road traffic accident; Oral pain; Vaginal discharge; Muscle twitching; Nodal rhythm; Chest tightness; Chest discomfort; Cold sweat; Abdominal discomfort; Abdominal pain upper; Disorientation; Emotional disorder; Derealisation; Hallucination, auditory; Hallucination, visual; Memory impairment; Painful erection; Ejaculation delayed; Clonic convulsion; Dermatitis acneiform; Skin odour abnormal; Dizziness postural; Head discomfort; Nervous tremulousness; Excitability; Suicidal tendency; Suicidal ideation; Skin warm; Eye irritation; Upset stomach; Black hairy tongue; Tongue discolouration; Blood uric acid increased; Vein disorder; Lymphadenopathy cervical; Back distress; Psoriasis flare-up; Allergy aggravated; Nerve root lesion; Radiculopathy; Crying abnormal; Crying; Hepatic enzyme increased; Pain in jaw; Periodontal destruction; Gastric polyps; Throat tightness; Early satiety; Genital pain; Gingival pain; Hand dermatitis; Frequent bowel movements; Taste metallic; Pregnancy test positive; Dermal cyst; Pelvic inflammatory disease; Intervertebral disc protrusion; Parkinsonism; Tooth injury; Breast tenderness; Reflux gastritis; Hepatobiliary disease; Fluid retention; Generalised anxiety disorder; Eye swelling; Mouth injury; Foot fracture; Bronchitis viral; Peripheral coldness; Change of bowel habit; Facial spasm; Acute psychosis; Dysequilibrium; Balance disorder; Hepatitis fulminant; Blood bilirubin increased; Epidermal naevus; House dust allergy; Viral upper respiratory tract infection; Genital candidiasis; Vision blurred; Depressed mood; Benign breast neoplasm; Premenstrual tension; Platelet count decreased; Dysaesthesia; Initial insomnia; Middle insomnia; Joint injury; Finger deformity; Increased tendency to bruise; Psychomotor retardation; Respiratory sighs; Respiration abnormal; Facial paresis; Joint sprain; Ligament sprain; Ligament injury; Chromatopsia; Tonic-clonic seizures; Blood pressure increased; Pyelonephritis acute; Electrocardiogram PR shortened; Carbohydrate craving; Food craving; Self-injurious ideation; Paralysis; Terminal insomnia; Chromaturia; Sleep talking; Forgetfulness; Feeling jittery; Jaw stiffness; Bladder dilatation; Anxiety aggravated; Sensation of blood flow; Ischial neuralgia; Inflicted injury; Lumbar disc lesion; Intervertebral disc disorder; Bladder discomfort; Alcohol problem; Nasal septum deviation; Surgical intervention; Surgery; Traumatic haematoma; Lip dry; Skin laceration; Laceration; Stress at work; Sacroiliitis; Family stress; Sensation of heaviness; Genitourinary chlamydia infection; Blood glucose increased; Blood cholesterol increased; Tardive dyskinesia; Ear infection; Anxiety attack; Throat irritation; Emotional distress; Thermal burn; Genital infection; Limb injury; Gingival infection; Infection parasitic; Allergic sinusitis; Allergic oedema; Rhinitis perennial; Infestation NOS; Infestation; Blood and lymphatic system disorders; Ear and labyrinth disorders; Arthropod sting; International normalised ratio increased; Arthropod bite; Local swelling; Restlessness aggravated; Pharyngolaryngeal pain; Laryngeal pain; Lung infection; Tooth infection; Muscle tightness; Performance status decreased; Hypersomnia; Idiopathic thrombocytopenia; Sluggishness; Blood urine present; Latent tetany; Dysphasia; Aphasia; Orchitis noninfective; Rhinorrhoea; Gastrointestinal infection; Change in blood pressure; Blood pressure fluctuation; Abdominal bloating; Epigastric discomfort; Exostosis; Breast neoplasm; Post-traumatic pain; Procedural pain; Vein distended; Vasodilatation; Feeling hot; Loss of libido"
DB00490,Buspirone,"Buspirone is a novel anxiolytic agent with a unique structure and a pharmacological profile. Belonging to the azaspirodecanedione drug class,[A180991] buspirone is a serotonin 5-HT<sub>1A</sub> receptor agonist that is not chemically or pharmacologically related to benzodiazepines, barbiturates, and other sedative/anxiolytic drugs.[L4478] Unlike many drugs used to treat anxiety, buspirone does not exhibit anticonvulsant, sedative, hypnotic, and muscle-relaxant properties. Due to these characteristics, buspirone been termed 'anxioselective'.[A180985] First synthesized in 1968 then patented in 1975,[L7375] it is commonly marketed under the brand name Buspar®. Buspirone was first approved in 1986 by the FDA [A181751] and has been used to treat anxiety disorders, such as generalized anxiety disorder (GAD), and relieve symptoms of anxiety. It has also been used as a second-line therapy for unipolar depression when the use of selective serotonin reuptake inhibitors (SSRIs) is deemed clinically inadequate or inappropriate.[L7375] The potential use of buspirone in combination with [melatonin] in depression and cognitive impairment via promoting neurogenesis has also been investigated.[A181751]",indirect,N05BE01,CID000002477,LLT; PT,C0002170; C0002453; C0002957; C0002994; C0003123; C0232462; C0003564; C0003862; C0948594; C0004093; C0004134; C0005758; C0085932; C0008031; C0008909; C0009269; C1112320; C0009676; C1443060; C0009763; C0009806; C0011551; C0011570; C0011991; C0012746; C0012833; C0013144; C2830004; C0013384; C0013404; C0013428; C0013491; C0013604; C0014394; C0014457; C0014591; C0015230; C0011603; C0015672; C0015726; C0015967; C0016204; C0016382; C0018524; C0018681; C0018802; C0019080; C0518015; C0019521; C0020039; C0020517; C0020538; C0020578; C0020649; C0021177; C0855242; C0022104; C0559031; C0023530; C0025874; C0026205; C0026821; C0037763; C0026837; C0027051; C0948089; C0027424; C0027497; C0027769; C0233494; C0028084; C0028643; C0278134; C0020580; C0028734; C0030193; C0030252; C0030554; C0033774; C0033975; C0035258; C0036104; C0037036; C0036572; C0038454; C0038990; C0020458; C0039070; C0041657; C0036974; C0039231; C0040034; C0040264; C0040822; C0041834; C0042023; C0042109; C0042571; C0042963; C0043094; C0043096; C0043352; C0080274; C0085593; C0085628; C0549249; C0085631; C0085633; C0233472; C0085636; C0085762; C0151315; C0948525; C1320474; C0151564; C0151786; C0151827; C0151908; C0152032; C0156404; C0220870; C0231218; C0234215; C2047937; C0231303; C0700361; C0231528; C0232459; C0017178; C0013395; C0232461; C0233477; C0233571; C0233632; C1306341; C0234047; C0234133; C0015371; C0234238; C0234518; C0013362; C0235146; C0235287; C1510410; C0235660; C0241426; C0017672; C0242073; C0948349; C0242172; C0242350; C0242422; C0242429; C2363730; C2363731; C0267596; C0332575; C0344232; C0344320; C0234458; C0392156; C0392162; C0232431; C0392171; C0521839; C0423798; C0423823; C0027339; C0424000; C0424091; C0427086; C0428977; C0520966; C0541882; C0541919; C0393593; C0542571; C0578687; C0699828; C0702166; C0740425; C0013378; C0855329; C0878544; C0917801; C2242996; C2937228; C3495440,Alopecia; Amenorrhoea; Anger; Angioedema; Anorexia; Decreased appetite; Aphonia; Arthralgia; Musculoskeletal discomfort; Asthenia; Ataxia; Blister; Dermatitis bullous; Chest pain; Claustrophobia; Cold intolerance; Temperature intolerance; Confusional state; Feeling abnormal; Conjunctivitis; Constipation; Depersonalisation; Depression; Diarrhoea; Dissociative disorder; Dizziness; Drowsiness; Somnolence; Dyskinesia; Dyspnoea; Dysuria; Ecchymosis; Oedema; Enuresis; Eosinophilia; Epistaxis; Rash; Dermatitis; Fatigue; Fear; Body temperature increased; Flatulence; Flushing; Hallucination; Headache; Cardiac failure congestive; Haemorrhage; Haemoglobin; Hiccups; Hostility; Hypersensitivity; Hypertension; Hyperventilation; Hypotension; Libido increased; Disturbance in sexual arousal; Irritable bowel syndrome; Functional gastrointestinal disorder; Leukopenia; Metrorrhagia; Miosis; Cramp muscle; Muscle spasms; Muscle rigidity; Myocardial infarction; Acute coronary syndrome; Nasal congestion; Nausea; Nervousness; Tension; Nightmare; Numbness; Sensory loss; Hypoaesthesia; Nocturia; Pain; Palpitations; Paraesthesia; Pruritus; Psychotic disorder; Restless legs syndrome; Salivation; Salivary hypersecretion; Convulsion; Cerebrovascular accident; Sweating; Hyperhidrosis; Syncope; Loss of consciousness; Shock; Tachycardia; Thrombocytopenia; Tinnitus; Tremor; Erythema; Pollakiuria; Urticaria; Vertigo; Vomiting; Weight increased; Weight decreased; Dry mouth; Urinary retention; Chills; Stupor; Depressed level of consciousness; Agitation; Mood swings; Affect lability; Photophobia; Alcohol abuse; Neck stiffness; Musculoskeletal stiffness; Nuchal rigidity; Cogwheel rigidity; Muscular weakness; Eye pain; Dry skin; Urinary hesitation; Menstruation irregular; Lightheadedness; Malaise; Discomfort; Ill-defined disorder; Distress; Emotional distress; Myalgia; Digestion impaired; Gastrointestinal disorder; Dyspepsia; Increased appetite; Dysphoria; Excitement; Thinking abnormal; Mental disability; Ejaculation delayed; Extrapyramidal symptoms; Extrapyramidal disorder; Ache; Slurred speech; Dysarthria; Euphoric mood; Dysosmia; Parosmia; Galactorrhoea; Burning tongue; Glossodynia; Pulmonary congestion; Respiratory tract congestion; Pelvic inflammatory disease; Erectile dysfunction; Parkinsonism; Throat sore; Oropharyngeal discomfort; Oropharyngeal pain; Rectal haemorrhage; Redness; Vision blurred; Vivid dreams; Abnormal dreams; Akathisia; Sticky skin; Cold sweat; Influenza-like symptoms; Influenza like illness; Increased tendency to bruise; Nail thinning; Nail disorder; Suicidal ideation; Decreased interest; Movements involuntary; Bradycardia; Coordination abnormal; Difficulty thinking; Dystonic reaction; Dystonia; Face oedema; Sore eye; Serotonin syndrome; Acne; Taste altered; Dysgeusia; Electrocardiogram change; Cardiomyopathy; Insomnia; Tingling sensation; Tunnel vision; Bleeding breakthrough
DB00422,Methylphenidate,"Methylphenidate is a central nervous system stimulant used most commonly in the treatment of Attention-Deficit/Hyperactivity Disorder (ADHD) and for narcolepsy. Also known as the marketed products Ritalin, Concerta, or Biphentin, methylphenidate is used with other treatment modalities (psychological, educational, cognitive behaviour therapy, etc) to improve the following group of developmentally inappropriate symptoms associated with ADHD: moderate-to-severe distractibility, short attention span, hyperactivity, emotional lability, and impulsivity. Long-acting formulations of psychostimulants such as methylphenidate, [DB01576], and [DB01255] are considered the most effective and widely used treatment for ADHD, and are considered first-line options for children, adolescents, and adults as recommended by CADDRA (Canadian ADHD Resource Alliance). [L6037] CADDRA recommends the use of methylphenidate due to long term studies, of over twenty years in duration, which show methylphenidate is safe and effective.  

While its exact mechanism is unclear, methylphenidate (MPH) has been shown to act as a norepinephrine and dopamine reuptake inhibitor (NDRI), thereby increasing the presence of these neurotransmitters in the extraneuronal space and prolonging their action.[A177541] There is a dose-related effect of psychostimulants on receptor stimulation, where higher doses are shown to increase norepinephrine (NE) and dopamine (DA) efflux throughout the brain which can result in impaired cognition and locomotor-activating effects. In contrast, low doses are found to selectively activate NE and DA neurotransmission within the prefrontal cortex which is an area of the brain thought to play a prominent role in ADHD pathophysiology, thereby improving clinical efficacy and preventing side effects.[A177547] The lower doses used to treat ADHD are not associated with the locomotor-activating effects associated with higher doses and instead reduce movement, impulsivity, and increase cognitive function including sustained attention and working memory.[A177541, A177544] Methylphenidate's beneficial effects in sustaining attention have also been shown to be mediated by alpha-1 adrenergic receptor activity.[A177550] Clinical findings have shown that children with ADHD have an abnormality in the dopamine transporter gene (DAT1), the D4 receptor gene (DRD-4), and/or the D2 receptor gene that may be at least partly overcome by the dopaminergic effects of methylphenidate, suggesting a possible mode of action.[F4474]

When provided as Biphentin®, methylphenidate is released through a multi-layer release delivery system (MLRTM) where 40% of the dose is provided as an immediate release and 60% is provided through a gradual release. Biphentin was designed to be an alternative to separate doses of immediate-release (IR) methylphenidate by providing a biphasic concentration-time profile when given as a single dose. The MLRTM release system allows for a sustained effect for 10-12 hours, allowing for once-daily dosing that covers the major times that ADHD impairment might occur (such as school, homework periods, during the work day, etc).

When provided as Concerta®, methylphenidate is released through the patented Osmotic Controlled-Release Oral Delivery (OROS) system where 22% of the dose is provided as an immediate release and 78% is provided through a gradual release.[A631] OROS is comprised of an osmotically active trilayer core surrounded by a semipermeable membrane with an immediate-release drug overcoat. Within an aqueous environment, such as the stomach, the drug overcoat, which consists of 22% of the dose, dissolves within one hour, providing an initial immediate-release formulation of methylphenidate. Water then permeates through the membrane into the tablet core where the osmotically active polymer excipients expand, allowing methylphenidate to release slowly through the orifice over a period of 6-7 hours. Concerta also provides a sustained 10-12 hour effect, allowing for once-daily dosing.

Methylphenidate contains a blackbox warning stating that CNS stimulants, including methylphenidate-containing products and amphetamines, have a high potential for abuse and dependence. This abuse potential is likely related to the effects associated with higher doses of methylphenidate, which induce surface expression of the dopamine transporter (DAT).[A177553] In particular, increased dopamine in key brain areas is associated with the reinforcing and addictive properties of psychostimulants such as methylphenidate, and even amplifies the potency and reinforcing effects of other drugs of abuse such as amphetamines, making ADHD sufferers more susceptible to their addictive effects.[A177556] Concerns about abuse potential have spurred research into medications with fewer effects on DAT and the use of non-stimulant ADHD medications including [DB00289] and [DB01018].",indirect,N06BA04,CID000004158; CID000154100,LLT; PT,C0000737; C0687713; C0000833; C0001807; C0001925; C0002170; C0002792; C0002871; C0002874; C0002957; C0002962; C0002994; C0003123; C0232462; C0003467; C0003811; C0003862; C0948594; C0004093; C0004096; C0004604; C0004936; C0005940; C0006145; C0006277; C0006325; C0007773; C0007820; C0007859; C0008031; C0009421; C0009450; C0009676; C1443060; C0009763; C0009782; C0009806; C0009938; C0010200; C0011071; C0011124; C0855242; C0011175; C0011206; C0011334; C0011551; C0011570; C0011603; C0011606; C0011849; C0011991; C0012569; C0012833; C0013144; C2830004; C0013384; C0013390; C0013395; C0013404; C0013447; C0013456; C0013491; C0013595; C0013604; C0014549; C0014591; C0014742; C0015230; C0015256; C0015397; C0015672; C0015967; C0016382; C0017152; C0017160; C0017178; C0017601; C0018418; C0018524; C0018681; C0018790; C0018799; C0018808; C0018939; C0018965; C0019080; C0518015; C0019112; C0019147; C0019270; C0019340; C0019372; C0019521; C0020039; C0020458; C0020517; C0020538; C0020615; C0021053; C0021368; C0021400; C0022107; C0023067; C0023218; C0037763; C0023380; C0023530; C0025061; C0026603; C0026821; C0026946; C0026961; C0027051; C0948089; C0027339; C0027430; C0027441; C0027497; C0027651; C0027765; C0027769; C0233494; C0027849; C0027932; C0028768; C0028778; C0029882; C0030193; C0030196; C0030252; C0030305; C0030312; C0030554; C0031212; C0031256; C0031350; C0032285; C0033117; C0033774; C0033860; C0033893; C0033975; C0034882; C0687707; C0035455; C0036572; C0036830; C0037199; C0037822; C0038273; C0038325; C0038454; C0038661; C0852733; C0038663; C0038990; C0038999; C0039070; C0041657; C0036974; C0039231; C0039240; C0039971; C0040034; C0040460; C0040517; C0040822; C0041582; C0041671; C1263846; C0041834; C0041912; C0042075; C0041969; C0042109; C0042373; C0042384; C0042571; C0042963; C0043094; C0043096; C0043352; C0085096; C0085298; C0085593; C0085595; C0234930; C0085631; C0085632; C0233471; C0085633; C0233472; C0085641; C0086565; C0086692; C0086769; C0149931; C0151505; C0151571; C0151636; C0151686; C0151736; C3263723; C0151766; C0151827; C0151849; C0852911; C0151885; C0559546; C0151889; C0151905; C0151907; C0152030; C0152198; C0162429; C0162820; C0011616; C0162830; C0162834; C0162835; C0178298; C0037274; C0205204; C0221201; C0221242; C0011609; C0221512; C0232492; C0231218; C0234215; C2047937; C0231246; C0231528; C0231530; C0232288; C0232461; C0232487; C0233407; C0233514; C0233632; C1306341; C0233762; C0233763; C0233767; C0234458; C0234967; C0085583; C0235013; C0235146; C0235309; C0235710; C0235827; C0235996; C0236124; C0237849; C0240211; C0241934; C0242350; C0242429; C2363730; C2363731; C0267792; C0277925; C0302295; C0311468; C0314719; C0332534; C0332563; C0338831; C0340464; C0344232; C0344315; C0349506; C0376297; C0392156; C0392197; C2939147; C0392386; C0392676; C0393760; C0424000; C0424109; C0010399; C0424295; C0428977; C0434437; C0435002; C0497156; C0497247; C0521845; C0522224; C0547030; C3665347; C0549209; C0549297; C0553690; C0574067; C0580531; C0600142; C0236075; C0687133; C0699744; C0728899; C0032343; C0751900; C0040188; C0751901; C0851341; C1384353; C0851578; C0853813; C0854382; C0857305; C0858635; C0549373; C0877014; C0877322; C0917801; C1268766; C0549405; C1318520; C1325847; C1510472; C1760428; C1963951; C0029944; C1971624; C2937358; C3248383; C3536794; C3665386; C0027424,"Abdominal pain; Gastrointestinal pain; Abscess; Aggression; Albuminuria; Alopecia; Anaphylactic shock; Anaemia; Aplastic anaemia; Anger; Angina pectoris; Angioedema; Anorexia; Decreased appetite; Anxiety; Arrhythmia; Arthralgia; Musculoskeletal discomfort; Asthenia; Asthma; Back pain; Mental disorder; Bone disorder; Breast disorder; Bronchitis; Bruxism; Cerebral arteritis; Cerebrovascular disorder; Neck pain; Chest pain; Coma; Infection; Confusional state; Feeling abnormal; Conjunctivitis; Connective tissue disorder; Constipation; Contusion; Cough; Sudden death; Libido decreased; Disturbance in sexual arousal; Dehydration; Delirium; Dental caries; Depersonalisation; Depression; Dermatitis; Dermatitis exfoliative; Diabetes mellitus; Diarrhoea; Diplopia; Dizziness; Drowsiness; Somnolence; Dyskinesia; Dysmenorrhoea; Dyspepsia; Dyspnoea; Ear disorder; Ear pain; Ecchymosis; Eczema; Oedema; Grand mal convulsion; Epistaxis; Erythema multiforme; Rash; Excoriation; Eye disorder; Fatigue; Body temperature increased; Flushing; Gastritis; Gastroenteritis; Gastrointestinal disorder; Glaucoma; Gynaecomastia; Hallucination; Headache; Cardiac arrest; Cardiac disorder; Cardiac murmur; Blood disorder; Haematuria; Haemorrhage; Haemoglobin; Haemorrhoids; Coma hepatic; Hernia; Herpes NOS; Herpes virus infection; Hiccups; Hostility; Hyperhidrosis; Hypersensitivity; Hypertension; Hypoglycaemia; Immune system disorder; Inflammation; Influenza; Irritability; Laryngitis; Cramps of lower extremities; Muscle spasms; Lethargy; Leukopenia; Mediastinal disorder; Motion sickness; Cramp muscle; Fungal infection; Mydriasis; Myocardial infarction; Acute coronary syndrome; Nail disorder; Nasal polyps; Nasopharyngitis; Nausea; Neoplasm; Nervous system disorder; Nervousness; Tension; Neuroleptic malignant syndrome; Neurosis; Obsessive-compulsive disorder; Obstruction; Otitis media; Pain; Pain in extremity; Palpitations; Pancreatitis; Pancytopenia; Paraesthesia; Personality disorder; Petechiae; Pharyngitis; Pneumonia; Priapism; Pruritus; Psoriasis; Tension headache; Psychotic disorder; Rectal disorder; Anorectal disorder; Rhinitis; Convulsion; Serum sickness; Sinusitis; Speech disorder; Stereotypy; Stevens-Johnson syndrome; Cerebrovascular accident; Suicide; Completed suicide; Suicide attempt; Sweating; Swelling; Syncope; Loss of consciousness; Shock; Tachycardia; Supraventricular tachycardia; Thirst; Thrombocytopenia; Toothache; Tourette's disorder; Tremor; Ulcer; Attention deficit disorder; Attention deficit/hyperactivity disorder; Erythema; Upper respiratory tract infection; Urinary tract disorder; Urethral disorder; Urticaria; Angiopathy; Vasculitis; Vertigo; Vomiting; Weight increased; Weight decreased; Dry mouth; Peripheral vascular disorder; Sudden cardiac death; Chills; Body odor; Skin odour abnormal; Agitation; Apathy; Flat affect; Mood swings; Affect lability; Rash pustular; Hepatic function abnormal; Benign neoplasm; Panic attack; Migraine; Application site reaction; Corneal lesion; Ventricular extrasystoles; Growth retardation; Accidental injury; Injury; Liver function test abnormal; Eye pain; Phosphatase alkaline increased; Blood alkaline phosphatase increased; Reaction aggravation; Adverse reaction; Hyperreflexia; Alanine aminotransferase increased; Skin discolouration; Skin irritation; Accommodation disorder; Malnutrition; Allergic contact dermatitis; Dermatitis contact; Photosensitivity reaction; Skin hyperpigmentation; Leukoderma; Unspecified disorder of skin and subcutaneous tissue; Skin disorder; Scab; Rash macular; Fixed drug eruption; Drug eruption; Stomach ache; Abdominal pain upper; Malaise; Discomfort; Ill-defined disorder; Weight gain poor; Myalgia; Muscle twitching; Chest pain exertional; Increased appetite; Abdominal discomfort; Disorientation; Abnormal behaviour; Thinking abnormal; Mental disability; Hallucination, auditory; Hallucination, visual; Hallucination, tactile; Abnormal dreams; Choreoathetoid movements; Choreoathetosis; Hypervigilance; Euphoric mood; Upset stomach; Chest discomfort; Therapeutic response decreased; Hepatic enzyme increased; Gastrointestinal obstruction; Skin exfoliation; Lip swelling; Hypomania; Erectile dysfunction; Throat sore; Oropharyngeal discomfort; Oropharyngeal pain; Hepatobiliary disease; Peripheral coldness; Eruption; Blood bilirubin increased; Dry eye; Induration; Papule; Mania; Extrasystoles; Vision blurred; Depressed mood; Photosensitivity; Cardiac death; Akathisia; Warmth; Feeling hot; Platelet count decreased; Hyperpyrexia; Initial insomnia; Suicidal ideation; Tearfulness; Crying; Hyperkinesia; Bradycardia; Joint sprain; Ligament sprain; Lymphadenopathy; Blood pressure increased; Drug effect decreased; Paralysis; Visual disturbance; Visual impairment; Feeling jittery; Auricular swelling; Reversible ischaemic neurological deficit; Cough increased; White blood cell count abnormal; Hot flush; Menopausal symptoms; Drug interaction; Ear infection; Intoxication; Poisoning; Motor tic; Tic; Vocal tic; Infestation NOS; Infestation; Blood and lymphatic system disorders; Ear and labyrinth disorders; Sleep disorder; Bullous conditions; Exfoliative conditions; Local reaction; Libido disorder; Thrombocytopenic purpura; Pharyngolaryngeal pain; Laryngeal pain; Pruritus NEC; Sympathomimetic effect; Muscle tightness; Insomnia; Change in blood pressure; Blood pressure fluctuation; Vasculitis necrotising; Sensitisation; Drug dependence; Suicidal behaviour; Acute overdose; Overdose; Appetite absent; Cerebral haemorrhage; Logorrhoea; Feeling sad; Abnormal vision; Nasal congestion"
DB00334,Olanzapine,"Olanzapine is a thienobenzodiazepine classified as an atypical or second-generation antipsychotic agent.[A176996] The second-generation antipsychotics were introduced in the 90s and quickly gained traction due to their impressive efficacy, reduced risk for extrapyramidal side effects and reduced susceptibility to drug-drug interactions.[A177011] Olanzapine very closely resembles [clozapine] and only differs by two additional methyl groups and the absence of a chloride moiety.[T554] It was discovered by scientists at Eli Lilly and approved to be marketed in the US in 1996.[T548]",indirect,N05AH53;N05AH03,,,,
DB00313,Valproic acid,"Valproic acid, or valproate, is an fatty acid derivative and anticonvulsant originally synthesized in 1881 by Beverly S. Burton.[A178051] It enjoyed use as a popular organic solvent in industry and pharmaceutical manufacturing for nearly a century. In 1963, a serendipitous discovery was made by George Carraz during his investigations into the anticonvulsant effects of khelline when he found that all of his samples, dissolved in valproic acid, exerted a similar degree of anticonvulsive activity. It first received approval on February 28, 1978 from the FDA under the trade name Depakene.[L6190]

Since then, it has been investigated for neuroprotective, anti-manic, and anti-migraine effects. It is currently a compound of interest in the field of oncology for its anti-proliferative effects and is the subject of many clinical trials in a variety of cancer types.",indirect,N03AG01,CID000003121,LLT; PT,C0000729; C0000737; C0687713; C0000768; C0424605; C0001339; C0001807; C0001824; C0002170; C0002418; C0002453; C0002622; C0002792; C0002871; C0002874; C0002886; C0002994; C0003123; C0232462; C0003467; C0003811; C0003862; C0948594; C0004093; C0004134; C0004352; C0004604; C0004930; C0233514; C0004936; C0005758; C0085932; C0005779; C0006145; C0006277; C0007398; C0007859; C0008031; C0009241; C0009421; C0009450; C0009676; C1443060; C0009763; C0009782; C0009806; C0009938; C0010692; C0403632; C0232849; C0010709; C0011053; C0011168; C0011570; C0011609; C0011991; C0012569; C0012833; C0013144; C2830004; C0013362; C0029408; C0013378; C0013390; C0013395; C0013404; C0013428; C0013447; C0013456; C0013491; C0013604; C0014130; C0014394; C0014431; C0014457; C0014518; C0014591; C0014724; C0014742; C0014743; C0015230; C0011603; C0015371; C0015397; C0015624; C0151747; C0015672; C0015732; C0015967; C0016204; C0016412; C0016658; C0016655; C0016867; C0242301; C0017160; C0017178; C0017565; C0017675; C0018524; C0018681; C0018794; C0004245; C0018926; C0018944; C0019080; C0518015; C0019521; C0020039; C0020517; C0020538; C0020580; C0020625; C0020639; C0020649; C0020651; C0020672; C0413252; C0020676; C0021053; C0021141; C0021167; C0021364; C0021400; C0022408; C0023186; C0023218; C0037763; C0023380; C0023530; C0024138; C0024137; C0024282; C0025061; C0025345; C0025517; C0025874; C0026826; C0026946; C0026986; C0027497; C0027540; C0027651; C0027765; C0027769; C0233494; C0027947; C0028738; C0029453; C0029456; C0029882; C0030193; C0030252; C0030305; C0030312; C0030554; C0031085; C0518988; C0031212; C0031256; C0031350; C0032227; C0032285; C0032460; C0032584; C0032617; C1167965; C0033774; C0033975; C0034902; C0035455; C0036508; C0037199; C0037317; C0851578; C0037822; C0038325; C0038362; C0038990; C0020458; C0038999; C0039231; C0040034; C0040264; C0040435; C0040822; C0042023; C0042024; C0042029; C0042075; C0041969; C0042109; C0042267; C0404521; C0042373; C0042384; C0042401; C1142412; C0042571; C0042769; C0042963; C0043094; C0043096; C0043352; C0085584; C0085593; C0085602; C0085605; C0085628; C0549249; C0085631; C0085633; C0233472; C0085636; C0085649; C0086439; C0086565; C0149745; C0151315; C0948525; C1320474; C0151479; C0151529; C0151559; C0151599; C0151734; C0151735; C0151736; C3263723; C0151773; C0151825; C0151827; C0151828; C0151872; C0151883; C0085641; C0151889; C0151904; C0151905; C0151908; C0156404; C0158570; C0159039; C0423798; C0160390; C2242588; C0162429; C0162565; C0178298; C0037274; C0231218; C0234215; C2047937; C0231528; C0231530; C0232461; C0232492; C0232766; C0232910; C0232940; C0233414; C0233571; C0233632; C1306341; C0233794; C0234458; C0235146; C0235378; C0235660; C0235946; C0235996; C0236101; C0021290; C0242422; C0262988; C0267792; C0270823; C0014553; C0272315; C0314719; C0344232; C0349506; C0162830; C0392171; C0521839; C0409974; C0024141; C0423791; C0424295; C0428977; C0438235; C0475858; C0476327; C0497327; C0520966; C0542224; C3665347; C0542571; C0546884; C0548823; C0232487; C0553681; C0574067; C0010200; C0575081; C0686347; C0687133; C0700361; C0700590; C0740279; C0851536; C0856054; C0857576; C0476414; C0917801; C0947912; C0151786; C1167709; C1384666; C1510586; C1868980; C2225524; C2697368; C2979982; C3251821; C3665386,"Abdominal cramps; Abdominal pain; Gastrointestinal pain; Congenital anomaly; Developmental delay; Pancreatitis acute; Aggression; Agranulocytosis; Alopecia; Amblyopia; Amenorrhoea; Amnesia; Anaphylactic shock; Anaemia; Aplastic anaemia; Anaemia macrocytic; Angioedema; Anorexia; Decreased appetite; Anxiety; Arrhythmia; Arthralgia; Musculoskeletal discomfort; Asthenia; Ataxia; Autism; Back pain; Behavior disorder; Abnormal behaviour; Mental disorder; Blister; Dermatitis bullous; Coagulopathy; Breast disorder; Bronchitis; Catatonia; Neck pain; Chest pain; Cognitive disorder; Coma; Infection; Confusional state; Feeling abnormal; Conjunctivitis; Connective tissue disorder; Constipation; Contusion; Cystitis; Cystitis noninfective; Bladder pain; Cyst; Deafness; Dysphagia; Depression; Drug eruption; Diarrhoea; Diplopia; Dizziness; Drowsiness; Somnolence; Dysarthria; Osteoarthritis; Dysgeusia; Dysmenorrhoea; Dyspepsia; Dyspnoea; Dysuria; Ear disorder; Ear pain; Ecchymosis; Oedema; Endocrine disorder; Enuresis; Enzyme induction; Eosinophilia; Toxic epidermal necrolysis; Epistaxis; Eructation; Erythema multiforme; Erythema nodosum; Rash; Dermatitis; Extrapyramidal disorder; Eye disorder; Fanconi syndrome; Renal tubular disorder; Fatigue; Faecal incontinence; Body temperature increased; Flatulence; Folate deficiency; Fracture; Multiple fractures; Furunculosis; Furuncle; Gastroenteritis; Gastrointestinal disorder; Gingival bleeding; Glossitis; Hallucination; Headache; Block heart; Atrioventricular block; Haematemesis; Haematoma; Haemorrhage; Haemoglobin; Hiccups; Hostility; Hypersensitivity; Hypertension; Hypoaesthesia; Hyponatraemia; Hypoproteinaemia; Hypotension; Orthostatic hypotension; Body temperature decreased; Hypothermia; Hypothyroidism; Immune system disorder; Inappropriate antidiuretic hormone secretion; Incontinence; Infertility male; Influenza; Arthropathy; Learning disorder; Cramps of lower extremities; Muscle spasms; Lethargy; Leukopenia; Discoid lupus erythematosus; Cutaneous lupus erythematosus; Lymphocytosis; Mediastinal disorder; Menstrual disorder; Metabolic disorder; Metrorrhagia; Hypertonia; Fungal infection; Myelodysplastic syndrome; Nausea; Necrosis; Neoplasm; Nervous system disorder; Nervousness; Tension; Neutropenia; Nystagmus; Osteopenia; Osteoporosis; Otitis media; Pain; Palpitations; Pancreatitis; Pancytopenia; Paraesthesia; Abscess periodontal; Tooth abscess; Personality disorder; Petechiae; Pharyngitis; Pleural effusion; Pneumonia; Polycystic ovaries; Polyp; Polyuria; Urine output increased; Pruritus; Psychotic disorder; Aplasia pure red cell; Rhinitis; Seborrhoeic dermatitis; Sinusitis; Sleep disturbance; Sleep disorder; Speech disorder; Stevens-Johnson syndrome; Stomatitis; Sweating; Hyperhidrosis; Swelling; Tachycardia; Thrombocytopenia; Tinnitus; Tooth disorder; Tremor; Pollakiuria; Urinary incontinence; Urinary tract infection; Urinary tract disorder; Urethral disorder; Urticaria; Vaginal inflammation; Vaginal infection; Angiopathy; Vasculitis; Vasodilation; Vasodilation procedure; Vertigo; Viral infection; Vomiting; Weight increased; Weight decreased; Dry mouth; Encephalopathy; Chills; Polydipsia; Hepatic failure; Stupor; Depressed level of consciousness; Agitation; Mood swings; Affect lability; Photophobia; Oedema peripheral; Hypokinesia; Hepatic function abnormal; Mouth ulceration; Neck stiffness; Musculoskeletal stiffness; Nuchal rigidity; Amylase increased; Bleeding time prolonged; CNS depression NOS; Drug level increased; Injection site inflammation; Injection site reaction; Accidental injury; Injury; Bone marrow depression; Bone pain; Eye pain; Injection site pain; Prothrombin level increased; Vesiculobullous rash; Rash pustular; Hyperreflexia; Aspartate aminotransferase increased; Alanine aminotransferase increased; Dry skin; Menstruation irregular; Vascular anomaly; Spontaneous bruising; Increased tendency to bruise; Liver injury; Traumatic liver injury; Malnutrition; Porphyria acute; Unspecified disorder of skin and subcutaneous tissue; Skin disorder; Fatal outcomes; Malaise; Discomfort; Ill-defined disorder; Myalgia; Muscle twitching; Increased appetite; Abdominal pain upper; Asterixis; Teratogenicity; Amenorrhea secondary; Disturbance in attention; Excitement; Thinking abnormal; Mental disability; Memory impairment; Abnormal dreams; Euphoric mood; Hepatotoxicity; Galactorrhoea; Cerebral atrophy; Hepatic enzyme increased; Neonatal and infancy disorder; Neonatal disorder; Parkinsonism; Cutaneous vasculitis; Hepatobiliary disease; Petit mal status, epileptic; Petit mal epilepsy; Coagulation factor decreased; Dry eye; Vision blurred; Photosensitivity; Photosensitivity reaction; Influenza-like symptoms; Influenza like illness; Lupus erythematosus; Systemic lupus erythematosus; Rash maculo-papular; Hyperkinesia; Bradycardia; Liver function test normal; Pruritus generalised; Serum amylase increased; Dementia; Coordination abnormal; Spots before eyes; Visual impairment; Face oedema; Hypovolaemia; Distress gastrointestinal; Abdominal discomfort; Hypofibrinogenaemia; Cough increased; Cough; Gait disturbance; Tardive dyskinesia; Drug interaction; Emotional distress; Sweating increased; Cerebellar atrophy; Blood and lymphatic system disorders; Ear and labyrinth disorders; Administration site reaction; Mental status changes; Thyroid function abnormal; Thyroid function test abnormal; Insomnia; Myasthenia; Muscular weakness; Epidermal necrosis; Hearing impaired; Autism spectrum disorder; Pharmacokinetic interaction; Breast enlargement; Gastrointestinal tract irritation; Vaginal haemorrhage; Catatonic reaction; Abnormal vision"
DB00472,Fluoxetine,"Fluoxetine is a 2nd generation antidepressant categorized as a selective serotonin reuptake inhibitor (SSRI).[A181673] It gained FDA approval in 1987 and although it was initially intended for the treatment of depression, today it is commonly prescribed to manage depression in addition to various other pathologies.[L7721]",indirect,N06CA03;N06AB03,,,,
DB09167,Dosulepin,"Dosulepin (INN, BAN) formerly known as dothiepin (USAN), is a tricyclic antidepressant with anxiolytic properties that is used in several European and South Asian countries, as well as Australia, South Africa, and New Zealand. It is not FDA-approved due to low therpeutic index and significant toxicity in overdose. Dosulepin inhibits the reuptake of biogenic amines, increasing available neurotransmitter levels at the synaptic cleft. The use of dosulepsin is only recommended in patients who are intolerant or unresponsive to alternative antidepressant therapies. Dosulepsin is a thio derivative of [DB00321] with a similar efficacy to that of [DB00321], and also exhibits anticholinergic, antihistamine and central sedative properties [L882]. 
Its hydrochloride form is a common active ingredient in different drug formulations.",direct,N06AA16,CID005282425,LLT; PT,C0000729; C0000737; C0001824; C0002994; C0003467; C0003811; C0004134; C0005758; C0085932; C0009676; C1443060; C0009806; C0011124; C0855242; C0011253; C0011991; C0012833; C0013144; C2830004; C0013395; C0014130; C0014457; C0015230; C0011603; C0015672; C0004093; C0017178; C0018418; C0018524; C0018681; C0018794; C0004245; C0019158; C0020517; C0020538; C0020625; C0020649; C0020651; C0021053; C0022354; C0026650; C0013384; C0026961; C0027051; C0948089; C0027497; C0027765; C0028084; C0030252; C0030446; C0030554; C0031117; C0036572; C0038362; C0038454; C0038990; C0020458; C0039231; C0040034; C0040822; C0042023; C0042109; C0042963; C0043094; C0043096; C0043352; C0080274; C0085631; C0151773; C0030312; C0152198; C0162429; C0221490; C0232461; C0233407; C0233571; C0234133; C0015371; C0234708; C0235198; C1306341; C0233414; C0235293; C0013378; C0235347; C0151596; C0235660; C0241934; C0242350; C0264886; C0344232; C0520966; C0917801; C2584688,Abdominal cramps; Abdominal pain; Agranulocytosis; Angioedema; Anxiety; Arrhythmia; Ataxia; Blister; Dermatitis bullous; Confusional state; Feeling abnormal; Constipation; Libido decreased; Disturbance in sexual arousal; Delusion; Diarrhoea; Dizziness; Drowsiness; Somnolence; Dyspepsia; Endocrine disorder; Eosinophilia; Rash; Dermatitis; Fatigue; Asthenia; Gastrointestinal disorder; Gynaecomastia; Hallucination; Headache; Block heart; Atrioventricular block; Hepatitis; Hypersensitivity; Hypertension; Hyponatraemia; Hypotension; Orthostatic hypotension; Immune system disorder; Jaundice cholestatic; Movement disorder; Dyskinesia; Mydriasis; Myocardial infarction; Acute coronary syndrome; Nausea; Nervous system disorder; Nightmare; Palpitations; Ileus paralytic; Paraesthesia; Neuropathy peripheral; Convulsion; Stomatitis; Cerebrovascular accident; Sweating; Hyperhidrosis; Tachycardia; Thrombocytopenia; Tremor; Pollakiuria; Urticaria; Vomiting; Weight increased; Weight decreased; Dry mouth; Urinary retention; Agitation; Bone marrow depression; Pancytopenia; Accommodation disorder; Malnutrition; Epigastric distress; Increased appetite; Disorientation; Excitement; Extrapyramidal symptoms; Extrapyramidal disorder; Intraocular pressure increased; Cerebration impaired; Mental disability; Disturbance in attention; Taste peculiar; Dysgeusia; Black hairy tongue; Tongue discolouration; Galactorrhoea; Hypomania; Erectile dysfunction; Conduction disorder; Vision blurred; Coordination abnormal; Insomnia; Testicular swelling
DB07954,3-isobutyl-1-methyl-7H-xanthine,,direct,,,,,
DB08517,Sakuranetin,,direct,,,,,
DB08770,"4-{2-[(7-amino-2-furan-2-yl[1,2,4]triazolo[1,5-a][1,3,5]triazin-5-yl)amino]ethyl}phenol",,direct,,,,,
DB08839,Serotonin,"For temporary relief of nervousness, anxiety, mood swings, joint pains, weakness, drowsiness, itching and lethargy. Not evaluated by the FDA, homeopathic product.",direct,,,,,
DB08849,Nipecotic acid,,direct,,,,,
DB08897,Aclidinium,"Aclidinium is an anticholinergic for the long-term management of chronic obstructive pulmonary disease (COPD). It has a much higher propensity to bind to muscarinic receptors than nicotinic receptors. FDA approved on July 24, 2012.",direct,R03BB05;R03AL05,,,,
DB09076,Umeclidinium,"Umeclidinium is a long-acting muscarinic antagonist (LAMA) used as a maintenance treatment for symptoms of chronic obstructive pulmonary disease (COPD). COPD is a progressive obstructive lung disease characterized by shortness of breath, cough, sputum production, and chronically poor airflow with a forced expiratory volume in 1 second (FEV1) of less than 80%.[A7715]

Maintenance of the airway is controlled by the parasympathetic nervous system, particularly by the abundance of the muscarinic subtype 3 (M3) in the airway smooth muscle.[A7719] Parasympathetic ganglia are associated with the larger airways while postganglionic fibers innervate the smaller diameter bronchioles contributing to airway resistance.[A7719] By blocking the M3 muscarinic receptor, umeclidinium inhibits the binding of acetylcholine and thereby opens up the airways by preventing bronchoconstriction.[A7719] However, even though umeclidinium monotherapy is well-tolerated for up to 14 days, it is more likely to be used in combination therapy, as the international Gold Initiative for Chronic Obstructive Lung Disease (GOLD) guidelines recommended the use of two long-acting bronchodilators with differing mechanisms of action to maximize efficacy and minimize adverse effects.[A7718,A7714]

Umeclidinium was approved by the FDA in April 2014 under the brand name Incruse Ellipta as a standalone product.[L47042] Later, it was further approved as a combination product with [vilanterol] and [vilanterol]/[fluticasone furoate] under the brand name ANORO ELLIPTA and TRELEGY ELLIPTA respectively.[L44461,L44456]. ANORO ELLIPTA was approved in December 2013 while TRELEGY ELLIPTA was approved in September 2017.[L46881,L46886]",direct,R03AL08;R03AL03;R03BB07,,,,
DB09089,Trimebutine,"Trimebutine is a spasmolytic agent that regulates intestinal and colonic motility and relieves abdominal pain with antimuscarinic and weak mu opioid agonist effects. It is marketed for the treatment of irritable bowel syndrome (IBS) and lower gastrointestinal tract motility disorders, with IBS being one of the most common multifactorial GI disorders [A19691]. It is used to restore normal bowel function and is commonly present in pharmaceutical mixtures as trimebutine maleate salt form. Trimebutine is not a FDA-approved drug, but it is available in Canada and several other international countries.",direct,A03AA05,,,,
DB09194,Etoperidone,Etoperidone is an atypical antidepressant introduced in Europe in 1977. It is a phenylpiperazine-substituted triazole derivative with a composition that classifies it as an analog of tradozone and presents a similar pharmacological profile.[T45] Etoperidone was developed by Angelini Francesco ACRAF.[A4909],direct,N06AB09,,,,
DB09185,Viloxazine,"Viloxazine is a selective norepinephrine reuptake inhibitor.[L41685] For decades, an immediate-release formulation of viloxazine has been used in Europe as an antidepressant. It was first approved in the UK in 1974; however, the immediate-release formulation was discontinued due to business reasons unrelated to drug safety and efficacy. In the US, viloxazine was assigned an orphan drug designation in 1984 under the brand name CATATROL: while this product was intended to treat cataplexy and narcolepsy, the drug was never approved for these therapeutic indications. In April 2021, an extended-release formulation of viloxazine under the brand name QELBREE was approved by the FDA for the treatment of attention deficit hyperactivity disorder (ADHD).[A247985]",direct,N06AX09,,,,
DB09262,Imidafenacin,Imidafenacin is an antispasmodic agent with anticholinergic effects. It antagonizes muscarinic receptors in the bladder to reduce the frequency of urination in the treatment of overactive bladder. It is marketed in Japan under the tradenames Staybla by Ono Pharmaceutical and Uritos by Kyojin Pharmaceutical.,direct,G04BD14,,,,
DB09273,Doxofylline,"Doxofylline is a methylxanthine derivative with the presence of a dioxolane group in position 7. As a drug used in the treatment of asthma, doxofylline has shown similar efficacy to theophylline but with significantly fewer side effects in animal and human studies. In contrast with other xanthine derivatives, doxofylline does not significantly bind to adenosine alpha-1 or alpha-2 receptors and lacks stimulating effects. Decreased affinity for adenosine receptors may account for the better safety profile of doxofylline compared to theophylline [L1169]. Unlike theophylline, doxofylline does not affect calcium influx and does not antagonize the actions of calcium channel blockers which could explain reduced cardiac adverse reactions associated with the drug [A7885]. The anti-asthmatic effects of doxophylline are mediated by other mechanisms, primarily through inhibiting the activities of the phosphodiesterase (PDE) enzyme.",direct,R03DA11,,,,
DB09300,Butylscopolamine,"Butylscopolamine is a peripherally acting antimuscarinic, anticholinergic agent. It is used to treat pain and discomfort caused by abdominal cramps, menstrual cramps, or other spasmodic activity in the digestive system. It is also effective at preventing bladder spasms. It is not a pain medication in the normal sense, since it does not directly affect pain, but rather works to prevent painful cramps and spasms from occurring. It is on the WHO Model List of Essential Medicines, the most important medications needed in a basic health system.",direct,A03DB04;A03BB01,,,,
DB07340,Reversine,,direct,,,,,
DB11181,Homatropine,"Homatropine is an anticholinergic drug that acts as an antagonist at muscarinic acetylcholine receptors. It is present in antitussives, under the trade name Hycodan, in combination with hydrocodone (dihydrocodeinone) bitartrate indicated for the symptomatic relief of cough as oral tablets or solutions. Homatropine is included in subtherapeutic amounts as homatropine methylbromide to discourage deliberate overdosage. Homatropine hydrobromide has been administered as ophthalmic solutions as a cycloplegic to temporarily paralyze accomodation, and to induce mydriasis (the dilation of the pupil); however such therapeutic use has not been approved by the FDA to be safe and effective.",direct,S01FA05,CID000003623; CID005282593,LLT; PT,C0000731; C0004134; C0004936; C0009676; C1443060; C0009763; C0013080; C0013144; C2830004; C0013595; C0013604; C0015230; C0011603; C0015397; C0017601; C0018524; C0018799; C0020649; C0027765; C0033975; C0036572; C0039231; C0039971; C0042401; C1142412; C0080274; C0085621; C0085631; C0085636; C0151827; C0155169; C0014236; C0221384; C0233407; C0234708; C0235063; C0855775; C0235266; C0270611; C0392167; C0392676; C0423006; C0424295; C0542044; C0677500; C0030193; C0743680; C0002624; C0003028; C0005687; C0549253; C0015967; C0016382; C0344232; C0392684; C0237314; C0751837; C0858950,Abdominal distension; Ataxia; Mental disorder; Confusional state; Feeling abnormal; Conjunctivitis; Trisomy 21; Drowsiness; Somnolence; Eczema; Oedema; Rash; Dermatitis; Eye disorder; Glaucoma; Hallucination; Cardiac disorder; Hypotension; Nervous system disorder; Psychotic disorder; Convulsion; Tachycardia; Thirst; Vasodilation; Vasodilation procedure; Urinary retention; Spastic paralysis; Agitation; Photophobia; Eye pain; Ocular hyperaemia; Endophthalmitis; Follicular conjunctivitis; Disorientation; Intraocular pressure increased; Respiratory depression; Pulmonary function test decreased; Eye irritation; Brain injury; Drug effect prolonged; Hyperpyrexia; Eye discharge; Hyperkinesia; Incoherent; Stinging; Pain; Eye oedema; Retrograde amnesia; Anhidrosis; Bladder distension; Bladder dilatation; Body temperature increased; Flushing; Vision blurred; Pulse irregular; Heart rate irregular; Ataxic gait; Mental aberration
DB11235,Thonzylamine,"Thonzylamine is an antihistamine and anticholinergic drug. It is available as combination products with [DB04837] or [DB00388] for temporary relief of symptoms of common cold, hay fever (allergic rhinitis) or other upper respiratory allergies.",direct,D04AA01;R06AC06;R01AC06,,,,
DB11315,Methscopolamine,Methscopolamine is a quaternary ammonium derivative of scopolamine and antagonist at muscarininc (mACh) receptors. Methscopolamine bromide is the most common form of the active ingredient in oral pharmaceutical products. The oral tablets are used as an adjunct therapy for the treatment of peptic ulcer and is shown to be effective in decreasing the rate of recurrence of peptic ulcers as well as preventing complications.,direct,A03CB01;S01FA03;A03BB03,,,,
DB11582,Thiocolchicoside,"Thiocolchicoside is a semi-synthetic derivative of the colchicine, a natural anti-inflammatory glycoside which originates from the flower seeds of _Superba gloriosa_.  It is a muscle relaxant with anti-inflammatory and analgesic effects.  It has potent convulsant activity and should not be administered to individuals prone to seizures.[L1663]",direct,M03BX05;M03BX55,,,,
DB07776,Flavone,,direct,,,,,
DB06709,Methacholine,"Asthma is a complex condition associated with phenomena such as airway hyperresponsiveness (AHR), in which the smooth muscle in the airways (ASM) excessively contracts in response to stimuli, reducing pulmonary function and causing symptoms such as difficulty breathing.[A229598, A229603] Although the underlying pathology of AHR is complex, ASM contraction can be stimulated by cholinergic agonists that activate M<sub>3</sub> muscarinic receptors that stimulate ASM contraction.[A229603, A229618, A229643] Methacholine is a non-specific cholinergic agonist (parasympathomimetic) that acts through muscarinic receptors in the lungs to induce bronchoconstriction.[L31763] In patients with AHR, a lower dose of methacholine is required to induce bronchoconstriction, which forms the basis for the methacholine challenge test to diagnose AHR.[A229648, L31763]

Methacholine was granted FDA approval on October 31, 1986, and is marketed under the trademark PROVOCHOLINE® by Methapharm Inc.[L31763]",direct,V04CX03,,,,
DB06787,Hexocyclium,Hexocyclium is a muscarinic acetylcholine receptor antagonist which was presumably used in the treatment of gastric ulcer or diarrhea. It was once available under the tradename Tral marketed by Abbvie Inc. but has been discontinued. Proton pump inhibitors like [DB00338] and opiate anti-diarrheal agents like [DB00836] have largely replaced the use of anti-muscarinics in the treatment of gastric ulcers and diarrhea due to their more favorable side effect profiles.,direct,A03AB10,,,,
DB06747,ginkgolide-M,,direct,,,,,
DB04365,Arecoline,"An alkaloid obtained from the betel nut (Areca catechu), fruit of a palm tree. It is an agonist at both muscarinic and nicotinic acetylcholine receptors. It is used in the form of various salts as a ganglionic stimulant, a parasympathomimetic, and a vermifuge, especially in veterinary practice. It has been used as a euphoriant in the Pacific Islands.",direct,,,,,
DB04843,Mepenzolate,"Mepenzolate is a post-ganglionic parasympathetic inhibitor. It decreases gastric acid and pepsin secretion and suppresses spontaneous contractions of the colon. Mepenzolate diminishes gastric acid and pepsin secretion. Mepenzolate also suppresses spontaneous contractions of the colon. Pharmacologically, it is a post-ganglionic parasympathetic inhibitor. It has not been shown to be effective in contributing to the healing of peptic ulcer, decreasing the rate of recurrence, or preventing complications.",direct,A03AB12,CID000004057,LLT; PT,C0002792; C0004093; C0009676; C1443060; C0009806; C0012833; C0013144; C2830004; C0018681; C0020517; C0026961; C0027497; C0027769; C0233494; C0030252; C0039231; C0042109; C0042963; C0043352; C0080274; C0152032; C0235238; C0152198; C0242350; C0344232; C0553721; C0020620; C0857257; C0000731; C0917801; C2364111,Anaphylactic shock; Asthenia; Confusional state; Feeling abnormal; Constipation; Dizziness; Drowsiness; Somnolence; Headache; Hypersensitivity; Mydriasis; Nausea; Nervousness; Tension; Palpitations; Tachycardia; Urticaria; Vomiting; Dry mouth; Urinary retention; Urinary hesitation; Cycloplegia; Accommodation disorder; Erectile dysfunction; Vision blurred; Sweating decreased; Hypohidrosis; Bloated feeling; Abdominal distension; Insomnia; Ageusia
DB04853,Binodenoson,"Binodenoson is a pharmacologic stress agent specific to the only adenosine receptor necessary for increased cardiac blood flow, the A<sub>2A</sub> receptor. This specificity allows Binodenoson to deliver - in a single injection - a more effective dose of medication with fewer side effects than current treatments, which typically require a 15-20 minute infusion.",direct,,,,,
DB04932,Defibrotide,"Defibrotide is the sodium salt of a mixture of single-stranded oligodeoxyribonucleotides derived from porcine mucosal DNA. It has been shown to have antithrombotic, anti-inflammatory and anti-ischemic properties (but without associated significant systemic anticoagulant effects). It is marketed under the brand names Dasovas (FM), Noravid, and Prociclide in a variety of countries. In the USA it is was approved in March, 2016 as Defitelio.",direct,B01AX01,,,,
DB05009,Apadenoson,Apadenoson is a selective A2a adenosine receptor agonist designed for use as a pharmacologic stress agent in cardiac perfusion imaging studies. It is developed by Bristol-Myers Squibb and is in phase II of clinical trials.,direct,,,,,
DB05016,Ataluren,"Ataluren is a novel, orally administered drug that targets nonsense mutations. Ataluren is approved for use by the European Medicines Agency to treat Duchenne Muscular Dystrophy in patients aged 5 years and older who are able to walk. More specifically, ataluren is used in the small group of patients whose disease is caused by a specific genetic defect (called a ‘nonsense mutation’) in the dystrophin gene.

This drug does not yet have approval by the US Food and Drug Administration or by Health Canada for any indications.",direct,M09AX03,,,,
DB05191,Atl146e,ATL146e is an anti-inflammatory compounds which is an agonist of A2A adenosine receptors. ,direct,,,,,
DB05417,GW 468816,"GW 468816 is glycine receptor antagonist. It is designed to aid abstinence in people who have just quit smoking, delaying the time to relapse. It was undergoing phase II trials since December 2003.",direct,,,,,
DB05511,Piclidenoson,"CF 101 (known generically as IB-MECA) is an anti-inflammatory drug for rheumatoid arthritis patients. Its novel mechanism of action relies on antagonism of adenoside A3 receptors. 
CF101 is supplied as an oral drug and has an excellent safety profile. It is also being considered for the treatment of other autoimmune-inflammatory disorders, such as Crohn's disease, psorasis and dry eye syndrome.",direct,,,,,
DB05752,ALKS 27,"ALKS 27 is an inhaled formulation of trospium chloride for the treatment of chronic obstructive pulmonary disease (COPD). Study showed that ALKS 27 was well-tolerated over a wide dose range, with no dose-limited effects observed.",direct,,,,,
DB06153,Pizotifen,"Pizotifen belongs to the class of antamines and is related to [cyproheptadine].[A32532] It is a potent serotonin and tryptamine antagonist that has been used for migraine prevention for many years. It exhibits weak anticholinergic, antihistamine, and antikinin actions in addition to sedative and appetite-stimulating properties [L2292]. Some patients receiving pizotifen treatment developed tolerance with the prolonged use of the drug [L2292]. Numerous studies have revealed the potential antidepressant effects of pizotifen, which are independent of its antimigraine action [A32538]. While it is suggested that pizotifen may act similarly to the classic tricyclic antidepressants [A32538], its full mechanism of antidepressant action is not fully elucidated. Pizotifen hydrochloride is an active ingredient in Sandomigran, which is used for the prophylactic management of migraines. Sandomigran is available in a number of countries but is not approved by the FDA nor EMA.",direct,N02CX01,CID000027400,LLT; PT,C0004093; C0009676; C1443060; C0012833; C0013144; C2830004; C0013604; C0015672; C0018681; C0020649; C0027497; C0027769; C0233494; C0043094; C0043352; C0221490; C0013395; C0231528; C0948594; C0232461; C0242350,Asthenia; Confusional state; Feeling abnormal; Dizziness; Drowsiness; Somnolence; Oedema; Fatigue; Headache; Hypotension; Nausea; Nervousness; Tension; Weight increased; Dry mouth; Epigastric distress; Dyspepsia; Myalgia; Musculoskeletal discomfort; Increased appetite; Erectile dysfunction
DB06213,Regadenoson,"Regadenoson is an A2A adenosine receptor agonist that causes coronary vasodilation and used for myocardial perfusion imagining. Manufactured by Astellas and FDA approved April 10, 2008.",direct,C01EB21,CID000219024; CID022451303,LLT; PT,C0002962; C0004238; C0004245; C0008031; C0012833; C0013378; C0013404; C0016382; C0016385; C0018681; C0027497; C0085612; C0085614; C0232487; C0235710; C0264906; C0520887; C0600125; C1321523; C2939147; C0000731; C0000737; C0687713; C0002792; C0002994; C0003467; C0003862; C0948594; C0004093; C0004096; C0004239; C0004936; C0007787; C0009782; C0010200; C0011991; C0015230; C0011603; C0015397; C0015732; C0017178; C0018790; C0018794; C0018799; C0020458; C0020517; C0020538; C0020580; C0020649; C0021053; C0022116; C0024117; C0085129; C0025061; C0026858; C0027051; C0948089; C0027765; C0030193; C0030196; C0030232; C0030252; C0030554; C0036572; C0038454; C0039070; C0041657; C0036974; C0039231; C0040264; C0040822; C0041834; C0042109; C0042373; C0042401; C1142412; C0042963; C0043144; C0079043; C0006266; C0085610; C0151517; C0151699; C0151744; C0151827; C0151828; C0162297; C0178298; C0037274; C0231218; C0234215; C1443060; C2047937; C0231528; C0231835; C0236000; C0236071; C0277885; C0277890; C0277925; C0281856; C0344232; C0399459; C0425591; C0340464; C0428977; C0429029; C0476273; C0549249; C0150450; C0700184; C0746961; C0855333; C0151878; C0857153; C0863113; C0917801; C1096250; C1565489; C0035078; C1698480; C2830004,Angina pectoris; Atrial fibrillation; Atrioventricular block; Chest pain; Dizziness; Dysgeusia; Dyspnoea; Flushing; Cardiac flutter; Headache; Nausea; Ventricular arrhythmia; Atrioventricular block first degree; Abdominal discomfort; Chest discomfort; Atrioventricular block second degree; Electrocardiogram ST segment depression; Electrocardiogram PR prolongation; Wandering pacemaker; Feeling hot; Abdominal distension; Abdominal pain; Gastrointestinal pain; Anaphylactic shock; Angioedema; Anxiety; Arthralgia; Musculoskeletal discomfort; Asthenia; Asthma; Atrial flutter; Mental disorder; Transient ischaemic attack; Connective tissue disorder; Cough; Diarrhoea; Rash; Dermatitis; Eye disorder; Faecal incontinence; Gastrointestinal disorder; Cardiac arrest; Block heart; Cardiac disorder; Hyperhidrosis; Hypersensitivity; Hypertension; Hypoaesthesia; Hypotension; Immune system disorder; Ischaemia; Chronic obstructive pulmonary disease; Bronchial hyperreactivity; Mediastinal disorder; Musculoskeletal pain; Myocardial infarction; Acute coronary syndrome; Nervous system disorder; Pain; Pain in extremity; Pallor; Palpitations; Paraesthesia; Convulsion; Cerebrovascular accident; Syncope; Loss of consciousness; Shock; Tachycardia; Tinnitus; Tremor; Erythema; Urticaria; Angiopathy; Vasodilation; Vasodilation procedure; Vomiting; Wheezing; Bronchoconstriction; Bronchospasm; Sinus bradycardia; Atrioventricular block complete; Haemorrhage intracranial; Myocardial ischaemia; Eye pain; Injection site pain; Respiratory arrest; Unspecified disorder of skin and subcutaneous tissue; Skin disorder; Malaise; Discomfort; Feeling abnormal; Ill-defined disorder; Myalgia; Tachypnoea; Pain in jaw; Throat tightness; Blood pressure systolic decreased; Blood pressure diastolic decreased; Peripheral coldness; Generalized aching; Vision blurred; Oral discomfort; Dropped beats; Extrasystoles; Bradycardia; Electrocardiogram ST segment; Respiratory distress; Depressed level of consciousness; Altered state of consciousness; Throat irritation; Oxygen saturation decreased; Ear and labyrinth disorders; Electrocardiogram QT corrected interval prolonged; Electrocardiogram QT prolonged; Nodal block; Hypotension symptomatic; Insomnia; Gastrointestinal discomfort; Renal impairment; Renal failure; Supraventricular tachyarrhythmia; Somnolence
DB06625,Vipadenant,,direct,,,,,
DB06702,Fesoterodine,Fesoterodine is an antimuscarinic prodrug for the treatment of overactive bladder syndrome.,direct,G04BD11,CID006918558,LLT; PT,C0000737; C0687713; C0001883; C0600260; C0002962; C0002994; C0004604; C0004936; C0007682; C0027765; C0008031; C0009450; C0009676; C1443060; C0009806; C0010200; C0011991; C0012813; C0012833; C0013378; C0013395; C0013428; C0015230; C0011603; C0015397; C0015672; C0004093; C0016204; C0017160; C0017168; C0017178; C0018681; C0018799; C0020517; C0022104; C0559031; C0025061; C0026857; C0027497; C0030252; C0033774; C0037274; C0039231; C0041912; C0042029; C0042035; C0042075; C0041969; C0042109; C0042571; C0043352; C0080274; C0085649; C0151662; C0151905; C0151908; C0152032; C0178298; C0231919; C0232487; C0232492; C0235234; C0235996; C0267792; C0314719; C0344232; C0542571; C0850149; C0851341; C1384353; C0855331; C0429028; C0858635; C0549373; C0859037; C0917801; C1704272; C2830004,Abdominal pain; Gastrointestinal pain; Airway obstruction NOS; Obstructive airways disorder; Angina pectoris; Angioedema; Back pain; Mental disorder; Central nervous system disorder; Nervous system disorder; Chest pain; Infection; Confusional state; Feeling abnormal; Constipation; Cough; Diarrhoea; Diverticulitis; Dizziness; Dysgeusia; Dyspepsia; Dysuria; Rash; Dermatitis; Eye disorder; Fatigue; Asthenia; Flatulence; Gastroenteritis; Gastrooesophageal reflux disease; Gastrointestinal disorder; Headache; Cardiac disorder; Hypersensitivity; Irritable bowel syndrome; Functional gastrointestinal disorder; Mediastinal disorder; Musculoskeletal disorder; Nausea; Palpitations; Pruritus; Skin disorder; Tachycardia; Upper respiratory tract infection; Urinary tract infection; Micturition disorder; Urinary tract disorder; Urethral disorder; Urticaria; Vertigo; Dry mouth; Urinary retention; Oedema peripheral; Gamma-glutamyltransferase increased; Alanine aminotransferase increased; Dry skin; Urinary hesitation; Unspecified disorder of skin and subcutaneous tissue; Nasal dryness; Abdominal discomfort; Abdominal pain upper; Dry throat; Hepatic enzyme increased; Hepatobiliary disease; Dry eye; Vision blurred; Face oedema; Dry cough; Infestation NOS; Infestation; Ear and labyrinth disorders; Electrocardiogram QT corrected interval; Electrocardiogram QT interval; Pharyngolaryngeal pain; Laryngeal pain; Feeling of residual urine; Insomnia; Benign prostatic hyperplasia; Somnolence
DB11855,Revefenacin,"Revefenacin is a novel biphenyl carbamate tertiary amine agent that belongs to the family of the long-acting muscarinic antagonists (LAMA). The labile primary amide in the structure produces a ""soft-drug"" site that allows rapid systemic clearance and minimizing of the systemically mediated adverse reactions. The LAMA group falls into a parent category known as long-acting inhaled bronchodilators and this type of agents are recommended as a maintenance therapy for chronic obstructive pulmonary disease (COPD).[A40025] From the LAMA group, revefenacin is the first once-daily nebulized LAMA treatment.[A40026] It was developed by Theravance Biopharma and FDA approved on November 9, 2018.[L4818]",direct,R03BB08,,,,
DB06741,Gavestinel,"Highly potent and selective non-competitive antagonist acting at the strychnine-insensitive glycine binding site of the NMDA receptor-channel complex (Kd = 0.8 nM). Gavestinel displays > 1000-fold selectivity over NMDA, AMPA and kainate binding sites and is orally bioavailable and active in vivo.",direct,,,,,
DB06743,Ginkgolide A,Ginkgolide A is a highly active PAF antagonist cage molecule that is isolated from the leaves of the Ginkgo biloba tree. Shows potential in a wide variety of inflammatory and immunological disorders.,direct,,,,,
DB06745,ginkgolide-C,,direct,,,,,
DB06746,ginkgolide-J,,direct,,,,,
DB11757,Istradefylline,"Istradefylline, or KW6002, was developed by Kyowa Hakko Kirin in Japan for the treatment of Parkinson's disease as an adjunct to standard therapy.[A184067] Unlike standard dopaminergic therapies for Parkinson's, Istradefylline targets adenosine A<sub>2A</sub> receptors in the basal ganglia.[A184067] This region of the brain is highly involved in motor control.[A184067]

Istradefylline is indicated as an adjunct treatment to [levodopa] and [carbidopa] for Parkinson's disease.[L8237]

This drug was first approved in Japan on 25 March 2013.[A184067] Istradefylline was granted FDA approval on 27 August 2019.[L8213]",direct,N04CX01,,,,
DB12295,Evodenoson,Evodenoson has been used in trials studying the treatment of Open-angle Glaucoma and Ocular Hypertension.,direct,,,,,
DB11864,Preladenant,"Preladenant has been used in trials studying the treatment of Brain Diseases, Parkinson Disease, Movement Disorders, Antipsychotic Agents, and Parkinsonian Disorders, among others.",direct,,,,,
DB18810,Tarafenacin,,direct,,,,,
DB15495,Rocaglamide,"Rocaglamide, also referred to as rocaglamide-A, is the eponymous member of a class of anti-cancer phytochemicals known as rocaglamides.[A186760] Rocaglamides are secondary metabolites of the plant genus _Aglaia_, and extracts of the plant have traditionally been used as a form of insect repellant due to its natural insecticidal properties.[A186796] Reports of _Aglaia_ anti-tumor activity date back as far as 1973, and rocaglamide-A was first isolated in 1982 from the species _A. elliptifolia_.[A186760] Rocaglamide and a number of its derivatives (e.g. [didesmethylrocaglamide]) are currently being studied for use as chemotherapeutic agents in the treatment of various leukemias, lymphomas, and carcinomas, as well as adjuvant therapy in the treatment of certain chemotherapy-resistant cancers.[A186781,A186784,A186799,A186766]",direct,,,,,
DB15496,Didesmethylrocaglamide,"Didesmethylrocaglamide is a naturally-occurring derivative of [rocaglamide] and belongs to a class of anti-cancer phytochemicals referred to as ""rocaglamides"" derived from plants of the genus _Aglaia_.[A186760] While traditionally used for their insecticidal benefits,[A186796] this class of compounds is now being studied for use as chemotherapeutic agents in the treatment of various leukemias, lymphomas, and carcinomas.[A186802,A186763,A186781,A186784] Of the known derivatives of rocaglamide, didesmethylrocaglamide appears to carry the most potent anti-tumour activity.[A186802,A186805]",direct,,,,,
DB15593,Golodirsen,"Golodirsen is a morpholino antisense oligomer designed to treat about 8% of patients with Duchenne Muscular Dystrophy (DMD). This is an X-linked condition leading to progressive muscle degeneration that begins in early childhood, rendering many patients wheelchair-bound by age 12. Often, patients succumb to this condition by age 30 or younger due to cardiac and respiratory complications.[A188580,T756] A similar drug used in the treatment of other types of DMD is [eteplirsen], which targets a different genetic mutation.[L10773]

Golodirsen was developed by Sarepta Therapeutics and granted accelerated FDA approval on December 12, 2019 due to the urgent need for this drug in patients suffering from a certain form of DMD. Continued approval of this drug will depend on the results of clinical trials that confirm its clinical benefit.[L10755,L10758] Golodirsen was initially rejected for FDA approval over concerns about its potential renal toxicity, however, clinical trials did not show significant toxicity.[L10755]",direct,M09AX08,,,,
DB15954,Strychnine,,direct,,,,,
DB15968,Butropium,,direct,,,,,
DB16125,Ciforadenant,"Ciforadenant is under investigation in clinical trial NCT02253745 (Safety, Tolerability, PK & Efficacy of V81444 in Volunteers With Attention Deficit/ Hyperactivity Disorder (ADHD)).",direct,,,,,
DB16192,Imaradenant,Imaradenant is under investigation in clinical trial NCT03381274 (Oleclumab (MEDI9447) Egfrm NSCLC Novel Combination Study).,direct,,,,,
DB17080,KW-6356,KW-6356 is a selective antagonist of adenosine A2A receptors developed by Kyowa Kirin.[L43822],direct,,,,,
DB17506,Etrumadenant,,direct,,,,,
DB18811,Taminadenant,,direct,,,,,
DB12010,Fostamatinib,"Fostamatinib has been investigated for the treatment and basic science of Rheumatoid Arthritis and Immune Thrombocytopenic Purpura (ITP). It was approved on April 17, 2018, under the trade name Tavalisse for use in ITP [L2644, FDA Label]. Fostamatinib has also been granted orphan drug status by the FDA [L2644].

Recently, fostamatinib has been identified as a potential therapeutic for controlling acute respiratory distress syndrome (ARDS) in patients with severe COVID-19 through its ability to modulate the SYK kinase.[A235008, A235013, A235018]",direct,B02BX09,,,,
DB19129,Inupadenant,Inupadenant is under investigation in clinical trial NCT05060432 (Study of EOS-448 With Standard of Care And/or Investigational Therapies in Participants With Advanced Solid Tumors).,direct,,,,,
DB19325,Sofpironium,"Sofpironium is a ""soft"" anticholinergic analog of [glycopyrronium] that has been modified with a readily hydrolyzable ester moiety.[L51109] Soft drugs are designed to reduce systemic toxicity while enhancing local efficacy by employing retrometabolic drug design, in which a molecule contains a metabolically sensitive moiety that promotes rapid metabolism to inactive metabolites after exerting activity at its target site.[A264153] Sofpironium is rapidly converted to a less active metabolite, BBI-4010, after exerting its activity, thereby limiting the incidence and/or severity of systemic anticholinergic effects.[L51108,L51109]

Sofpironium bromide (Sofdra) was approved by the FDA in June 2024 for the topical treatment of primary axillary hyperhidrosis.[L51103,L51108] It has also been available in Japan since 2020 under the brand name Ecclock.[L51103]",direct,,,,,
DB19967,Alvameline,,direct,,,,,
DB20226,Metrifudil,,direct,,,,,
DB20240,Dizocilpine,,direct,,,,,
DB20667,Dexefaroxan,,direct,,,,,
DB21193,Mesulergine,,direct,,,,,
DB15357,Xanomeline,"Schizophrenia is a complex disease involving a number of different neurotransmitters, including serotonin, dopamine, and acetylcholine.[A264509] Positive symptoms (e.g. hallucinations, delusions) have traditionally been attributed to increased dopaminergic activity in mesolimbic pathways, whereas negative symptoms (e.g. apathy, anhedonia) and cognitive impairment have been attributed to decreased dopaminergic activity in mesocortical pathways.[A264509] Positive symptoms of schizophrenia are more amenable to drug therapy, whereas negative symptoms and cognitive impairment have proven more difficult to treat.[A264509] Advances in pre-clinical research and findings in clinical trials have led to a resurgence of interest in the cognition-enhancing potential of muscarinic agonists in schizophrenia, as it was discovered that M1 and M4 muscarinic acetylcholine receptors are highly expressed in brain regions that are implicated in cognition.[A264514]

Xanomeline is a muscarinic agonist that was approved for the treatment of schizophrenia by the FDA in September 2024, becoming the first approved treatment for schizophrenia to target muscarinic receptors as opposed to dopamine receptors.[L51713] It is approved as part of a combination product alongside [trospium], a muscarinic antagonist that acts primarily on peripheral muscarinic receptors in order to mitigate the risk and severity of peripheral cholinergic adverse effects.[L51629]",direct,,,,,
DB14185,Aripiprazole lauroxil,"Aripiprazole lauroxil is a long-acting injectable atypical antipsychotic drug used in the treatment of schizophrenia in adult patients. It is a prodrug of [aripiprazole], which acts as a partial agonist at the D2 and 5-HT1A receptors, and as an antagonist at the 5-HT2A receptors [A34289]. 

Affecting about 1% of the adult population in the United States and approximately 26 million people worldwide, schizophrenia is a chronic neurological disorder that may result in impairments in cognition and executive functions [A34289]. The quality of life in patients is greatly reduced due to negative health outcomes, and oftentimes the patients are faced with social stigma and discriminations. Schizophrenia is characterized by positive symptoms such as delusions, hallucinations, thought disorders, and catanoia, and negative symptoms that include social withdrawal, anhedonia, and flattening of emotional responses [T28]. D2 receptors have been the most common target for antipsychotic agents used in the treatment of schizophrenia: the positive symptoms are thought to arise from overactivity in the mesolimbic dopaminergic pathway activating D2 receptors, whereas  negative symptoms may result from a decreased activity in the mesocortical dopaminergic pathway with D1 receptors predominating [T28]. In a randomized, double-blind clinical trial, treatment of aripiprazole lauroxil in adult patients with schizophrenia resulted in improvement of positive and negative symptoms scores at day 85 of treatment [A34289, A34301]. 

Aripiprazole lauroxil was initially approved by the FDA in October 2015 under the market name Aristada for the treatment of schizophrenia. It is administered via intramuscular injection, and requires the establishment of tolerability prior to dosing in treatment-naïve patients [FDA Label]. On July 2nd, a different formulation of aripiprazole lauroxil marketed as Aristada Initio was FDA-approved for immediate initiation of Aristada at any dose. The patients may receive Aristada Initio in combination with a single 30 mg oral dose of aripiprazole to achieve appropriate levels of aripiprazole more rapidly. Long-acting injectable aripiprazole lauroxil displayed comparable efficacy and safety to aripiprazole [A34301], and reduced dosing frequency improves patient adherence.",direct,,,,,
DB14132,8-chlorotheophylline,"8-Chlorotheophylline is a stimulant drug of the xanthine chemical class, with physiological effects similar to caffeine. Its main use is in combination with [Diphenhydramine] as the antiemetic drug [Dimenhydrinate]. The stimulant properties of 8-chlorotheophylline are thought to ward off the drowsiness caused by diphenhydramine's anti-histamine activity in the central nervous system. 

8-chlorotheophylline produces a number of effects including nervousness, restlessness, insomnia, headache, and nausea, which are primarily attributed to its ability to block the adenosine receptor [A33889, A1539]. Because adenosine causes a decrease in neuronal firing, blockade of the adenosine receptor causes the reverse effect resulting in excitation.",direct,,,,,
DB14018,Bromotheophylline,"Bromotheophylline is the active moiety of pamabrom, a mixture of 2-amino-2-methyl-propanol and bromotheophylline. From this mixture, bromotheophylline acts as a weak diuretic that has been used along with some analgesics to relieve the symptoms of premenstrual syndrome.[A33018]  Bromotheophylline is categorized on the FDA as a drug substance with an inactive state since March, 1980.[L1082] It is also approved by Health Canada to be used alone or in combination with [DB00316] in OTC products.[L1113]",direct,R03DA20,,,,
DB12203,Tozadenant,Tozadenant has been investigated for the basic science of Cocaine Dependence.,direct,,,,,
DB12278,Propiverine,"Propiverine is a widely used antimuscarinic drug with a mixed mode of action in the treatment of symptoms associated with overactive bladder (OAB) [A32576].

Overactive bladder (OAB) is a chronic condition of the lower urinary tract characterized by urinary urgency, increased frequency of urination, and nocturia (frequent waking during the night to urinate). OAB has a negative impact on quality of life and may lead to leakage and inconvenient urinary accidents [L2327], [L2328]. Overactive bladder syndrome affects millions of elderly individuals in the United States and shows equal prevalence in men and women. The impact of OAB on quality of life is sometimes devastating, especially to elderly patients with other medical conditions [L2328].

Propiverine hydrochloride is a bladder detrusor muscle relaxant drug with dual antimuscarinic and calcium-modulating properties for the treatment of OAB [L2317].",direct,G04BD06,,,,
DB02282,5'-S-methyl-5'-thioadenosine,,direct,,,,,
DB12306,Cipargamin,"Cipargamin has been used in trials studying the treatment of Malaria, Cure Rate, and Plasmodium Falciparum Malaria.",direct,,,,,
DB12443,Sonedenoson,"Sonedenoson has been used in trials studying the treatment of Foot Ulcer, Diabetic and Diabetes Complications.",direct,,,,,
DB12569,Tonapofylline,"Tonapofylline has been used in trials studying the treatment of Heart Failure, Renal Insufficiency, and Congestive Heart Failure.",direct,,,,,
DB12691,UK-432097,"UK-432,097 has been used in trials studying the treatment of Pulmonary Disease, Chronic Obstructive.",direct,,,,,
DB12885,Namodenoson,Namodenoson has been used in trials studying the treatment of Chronic Hepatitis C and Hepatocellular Carcinoma.,direct,,,,,
DB12919,T-62,T-62 has been used in trials studying the treatment of Postherpetic Neuralgia.,direct,,,,,
DB12946,DPCPX,CPX has been used in trials studying the treatment of Cystic Fibrosis.,direct,,,,,
DB13262,Aceclidine,Aceclidine has been marketed in Europe but has not been used clinically in the United States. It is used in the treatment of open-angle glaucoma and is a parasympathomimetic agent.,direct,S01EB58;S01EB08,,,,
DB13581,Rociverine,,direct,A03AA06,,,,
DB13688,Drisapersen,,direct,M09AX04,,,,
DB13720,Diphemanil,,direct,A03CA08;A03AB15,,,,
DB13793,Vinburnine,,direct,C04AX17,,,,
DB03128,Acetylcholine,"A neurotransmitter. Acetylcholine in vertebrates is the major transmitter at neuromuscular junctions, autonomic ganglia, parasympathetic effector junctions, a subset of sympathetic effector junctions, and at many sites in the central nervous system. It is generally not used as an administered drug because it is broken down very rapidly by cholinesterases, but it is useful in some ophthalmological applications.",direct,S01EB09,CID000000187,LLT; PT,C0010037; C0010038; C0013404; C0016382; C0020649; C0038990; C0020458; C0428977; C0948284,Corneal oedema; Corneal opacity; Dyspnoea; Flushing; Hypotension; Sweating; Hyperhidrosis; Bradycardia; Corneal decompensation
DB01403,Methotrimeprazine,"A phenothiazine with pharmacological activity similar to that of both chlorpromazine and promethazine. It has the histamine-antagonist properties of the antihistamines together with central nervous system effects resembling those of chlorpromazine. (From Martindale, The Extra Pharmacopoeia, 30th ed, p604)",direct,N05AA02,CID000072286,LLT; PT,C0001824; C0009806; C0011071; C0013144; C2830004; C0020517; C0020651; C0022346; C0033117; C0039231; C0043094; C0080274; C0151763; C0160390; C0349506; C0162830; C0520459; C0948692; C1442826; C0520806; C0687133,"Agranulocytosis; Constipation; Sudden death; Drowsiness; Somnolence; Hypersensitivity; Orthostatic hypotension; Jaundice; Priapism; Tachycardia; Weight increased; Urinary retention; Hepatocellular injury; Liver injury; Photosensitivity; Photosensitivity reaction; Necrotizing enterocolitis; Necrotising colitis; Necrotising enterocolitis neonatal; Sudden death, cause unknown; Drug interaction"
DB00466,Picrotoxin,"A noncompetitive antagonist at GABA-A receptors and thus a convulsant. Picrotoxin blocks the gamma-aminobutyric acid-activated chloride ionophore. Although it is most often used as a research tool, it has been used as a CNS stimulant and an antidote in poisoning by CNS depressants, especially the barbiturates. [PubChem]",direct,,,,,
DB00387,Procyclidine,A muscarinic antagonist that crosses the blood-brain barrier and is used in the treatment of drug-induced extrapyramidal disorders and in parkinsonism.,direct,N04AA04,,,,
DB00408,Loxapine,An antipsychotic agent used in schizophrenia. [PubChem],direct,N05AH01,CID000003964,LLT; PT,C0001824; C0002170; C0002453; C0004093; C0006266; C0009676; C1443060; C0009806; C0010200; C0011168; C0011603; C0012833; C0013144; C2830004; C0013378; C0013384; C0013404; C0013604; C0015230; C0015672; C0017178; C0017601; C0018418; C0018681; C0019158; C0020517; C0020538; C0020649; C0020651; C0022346; C0023530; C0025061; C0026837; C0027424; C0027497; C0027765; C0027849; C0028643; C0278134; C0020580; C0030446; C0030554; C0033774; C0033975; C0035078; C0036508; C0036572; C0037036; C0037763; C0038454; C0039070; C0041657; C0036974; C0039231; C0040034; C0040822; C0042373; C0042963; C0043094; C0043096; C0043144; C0043352; C0080274; C0085602; C0085623; C0085631; C0151763; C0160390; C0156404; C0220870; C0231530; C0231688; C0575081; C0232292; C0235710; C0233494; C0234133; C0015371; C0234518; C0013362; C0234967; C0085583; C0235063; C0855775; C0235660; C0008031; C0236071; C0241442; C0314719; C0344232; C0349506; C0162830; C0392156; C0392676; C0424448; C0427086; C0686347; C0700075; C0700184; C0701824; C0751494; C0917801; C1262064; C0085637; C1527358; C1735368; C0393593,Agranulocytosis; Alopecia; Amenorrhoea; Asthenia; Bronchospasm; Confusional state; Feeling abnormal; Constipation; Cough; Dysphagia; Dermatitis; Dizziness; Drowsiness; Somnolence; Dysgeusia; Dyskinesia; Dyspnoea; Oedema; Rash; Fatigue; Gastrointestinal disorder; Glaucoma; Gynaecomastia; Headache; Hepatitis; Hypersensitivity; Hypertension; Hypotension; Orthostatic hypotension; Jaundice; Leukopenia; Mediastinal disorder; Muscle rigidity; Nasal congestion; Nausea; Nervous system disorder; Neuroleptic malignant syndrome; Numbness; Sensory loss; Hypoaesthesia; Ileus paralytic; Paraesthesia; Pruritus; Psychotic disorder; Renal failure; Seborrhoeic dermatitis; Convulsion; Salivary hypersecretion; Muscle spasms; Cerebrovascular accident; Syncope; Loss of consciousness; Shock; Tachycardia; Thrombocytopenia; Tremor; Angiopathy; Vomiting; Weight increased; Weight decreased; Wheezing; Dry mouth; Urinary retention; Polydipsia; Akinesia; Agitation; Hepatocellular injury; Liver injury; Menstruation irregular; Lightheadedness; Muscle twitching; Gait shuffling; Gait disturbance; Chest tightness; Chest discomfort; Tension; Extrapyramidal symptoms; Extrapyramidal disorder; Slurred speech; Dysarthria; Choreoathetoid movements; Choreoathetosis; Respiratory depression; Pulmonary function test decreased; Galactorrhoea; Chest pain; Throat tightness; Protrusion tongue; Dry eye; Vision blurred; Photosensitivity; Photosensitivity reaction; Akathisia; Hyperpyrexia; Masked facies; Movements involuntary; Tardive dyskinesia; Motor restlessness; Throat irritation; Staggering gait; Convulsive seizure; Insomnia; Oculogyration; Oculogyric crisis; Phototoxicity; Acute dystonia; Dystonia
DB00411,Carbamoylcholine,"Carbamoylcholine, also known as carbachol, is a muscarinic agonist discovered in 1932.[A226315] Carbamoylcholine was initially used as a treatment for migraines,[A226365] induction of diuresis,[A226370] and other parasympathetic effects.

Carbamoylcholine was granted FDA approval on 28 September 1972.[L30245]",direct,N07AB01;S01EB02,,,,
DB00424,Hyoscyamine,"Hyoscyamine is a tropane alkaloid and the levo-isomer of [atropine].[A228423] It is commonly extracted from plants in the _Solanaceae_ or nightshade family.[A228423] Research into the action of hyoscyamine in published literature dates back to 1826.[A228713] Hyoscyamine is used for a wide variety of treatments and therapeutics due to its antimuscarinic properties.[L31548,L31553]

Although hyoscyamine is marketed in the United States, it is not FDA approved.[L31548,L31553]",direct,A03BA03;A03CB31,,,,
DB00431,Lindane,"An organochlorine insecticide that has been used as a pediculicide and a scabicide. Lindane has been banned in California, United Kingdom, Australia, and many western countries due to concerns about neurotoxicity and adverse effects on the environment. In Canada, Lindane is not recommmended as a first-line therapy due to reports of resistance, neurotoxicity, and bone marrow suppression, but has been approved by the FDA as a second-line therapy for topical treatment of pediculosis capitis (head lice), pediculosis pubis (pubic lice), or scabies in patients greater than two years of age who cannot tolerate or have failed first-line treatment. Lindane is still allowed for pharmaceutical use until 2015.",direct,P03AB02,CID000000727,LLT; PT,C0002170; C0011603; C0012833; C0018681; C0030193; C0030554; C0033774; C0036572; C0042109; C0162823; C0011616,Alopecia; Dermatitis; Dizziness; Headache; Pain; Paraesthesia; Pruritus; Convulsion; Urticaria; Dermatitis irritant contact; Dermatitis contact
DB00434,Cyproheptadine,"Cyproheptadine is a potent competitive antagonist of both serotonin and histamine receptors.[L32474] It is used primarily to treat allergic symptoms, though it is perhaps more notable for its use in appetite stimulation[L32519] and its off-label use in the treatment of serotonin syndrome.[A231274]",direct,R06AX02,CID000002913,LLT; PT,C0001824; C0002878; C0003123; C0232462; C0008370; C0009676; C1443060; C0009806; C0011991; C0012569; C0012833; C0013144; C2830004; C0013604; C0015230; C0011603; C0015672; C0004093; C0018524; C0018681; C0019158; C0020649; C0020701; C0009946; C0022107; C0022346; C0022893; C0023530; C0027424; C0027497; C0027769; C0233494; C0027813; C0031117; C0030252; C0030554; C0036572; C0039070; C0041657; C0036974; C0039231; C0040034; C0040264; C0040822; C0042023; C0042109; C0042571; C0042963; C0043094; C0043144; C0080274; C0085593; C0085605; C0085631; C0221490; C0013395; C0231919; C0232292; C0235710; C0232461; C0235146; C0340464; C0344232; C0349506; C0162830; C0700590; C0020458; C0917801,Agranulocytosis; Haemolytic anaemia; Anorexia; Decreased appetite; Cholestasis; Confusional state; Feeling abnormal; Constipation; Diarrhoea; Diplopia; Dizziness; Drowsiness; Somnolence; Oedema; Rash; Dermatitis; Fatigue; Asthenia; Hallucination; Headache; Hepatitis; Hypotension; Hysteria; Conversion disorder; Irritability; Jaundice; Labyrinthitis; Leukopenia; Nasal congestion; Nausea; Nervousness; Tension; Neuritis; Neuropathy peripheral; Palpitations; Paraesthesia; Convulsion; Syncope; Loss of consciousness; Shock; Tachycardia; Thrombocytopenia; Tinnitus; Tremor; Pollakiuria; Urticaria; Vertigo; Vomiting; Weight increased; Wheezing; Urinary retention; Chills; Hepatic failure; Agitation; Epigastric distress; Dyspepsia; Nasal dryness; Chest tightness; Chest discomfort; Increased appetite; Euphoric mood; Extrasystoles; Vision blurred; Photosensitivity; Photosensitivity reaction; Sweating increased; Hyperhidrosis; Insomnia
DB00454,Meperidine,"A narcotic analgesic that can be used for the relief of most types of moderate to severe pain, including postoperative pain and the pain of labor. Prolonged use may lead to dependence of the morphine type; withdrawal symptoms appear more rapidly than with morphine and are of shorter duration.",direct,N02AB02;N02AB72;N02AB52;N02AG03,,,,
DB00458,Imipramine,"Imipramine, the prototypical tricyclic antidepressant (TCA), is a dibenzazepine-derivative TCA. TCAs are structurally similar to phenothiazines. They contain a tricyclic ring system with an alkyl amine substituent on the central ring. In non-depressed individuals, imipramine does not affect mood or arousal, but may cause sedation. In depressed individuals, imipramine exerts a positive effect on mood. TCAs are potent inhibitors of serotonin and norepinephrine reuptake. Tertiary amine TCAs, such as imipramine and amitriptyline, are more potent inhibitors of serotonin reuptake than secondary amine TCAs, such as nortriptyline and desipramine. TCAs also block histamine H<sub>1</sub> receptors, &alpha;<sub>1</sub>-adrenergic receptors and muscarinic receptors, which accounts for their sedative, hypotensive and anticholinergic effects (e.g. blurred vision, dry mouth, constipation, urinary retention), respectively [A6584]. Imipramine has less sedative and anticholinergic effects than the tertiary amine TCAs, amitriptyline and clomipramine. Imipramine may be used to treat depression and nocturnal enuresis in children [FDA Label]. Unlabeled indications include chronic and neuropathic pain (including diabetic neuropathy), panic disorder, attention-deficit/hyperactivity disorder (ADHD), and post-traumatic stress disorder (PTSD) [L1349,L1348,A31900,L1351,L1352,L1353,A31904].",direct,N06AA02,CID000003696,LLT; PT,C0000729; C0000737; C0687713; C0001416; C0024205; C0001807; C0001824; C0002170; C0002390; C0002792; C0003123; C0232462; C0003467; C0003811; C0004093; C0004134; C0004936; C0006145; C0006384; C0009450; C0009676; C1443060; C0009806; C0011071; C0011124; C0855242; C0011206; C0011253; C0011334; C0011615; C0011991; C0012833; C0013144; C2830004; C0013604; C0014130; C0014457; C0015230; C0011603; C0015371; C0015397; C0015672; C0015967; C0016382; C0017178; C0017601; C0017605; C0018418; C0018524; C0018681; C0018794; C0004245; C0018799; C0018801; C0018802; C0019158; C0020458; C0020538; C0020565; C2225524; C0020651; C0021053; C0021141; C0022346; C0023530; C0025061; C0026961; C0027051; C0948089; C0027066; C0027497; C0027765; C0027769; C0233494; C0028084; C0028643; C0278134; C0020580; C0030252; C0030446; C0030554; C0031117; C0031256; C0033774; C0033975; C0034150; C1368065; C0036572; C0037317; C0851578; C0037822; C0038362; C0038454; C0039070; C0041657; C0036974; C0039231; C0039239; C0040034; C0040264; C0040479; C0040822; C0042023; C0042035; C0042075; C0041969; C0042109; C0042373; C0042510; C0042514; C0042963; C0043094; C0043096; C0043352; C0080274; C0085612; C0085616; C0085631; C0085633; C0233472; C0087169; C0152128; C0151611; C0151766; C0151773; C0030312; C0152198; C0162429; C0162830; C0162834; C0178298; C0037274; C0221490; C0013395; C0231218; C0234215; C2047937; C0232459; C0233407; C0234133; C0235293; C0013378; C0235347; C0151596; C0235351; C0235660; C0235857; C0239385; C0241934; C0242350; C0264886; C0267792; C0338831; C0344232; C0424823; C0341047; C0429097; C0429098; C0497247; C0520966; C0600142; C0236075; C0851341; C1384353; C0854382; C0917801; C1290864; C1320835; C2242996; C2584688,Abdominal cramps; Abdominal pain; Gastrointestinal pain; Adenitis; Lymphadenitis; Aggression; Agranulocytosis; Alopecia; Alveolitis allergic; Anaphylactic shock; Anorexia; Decreased appetite; Anxiety; Arrhythmia; Asthenia; Ataxia; Mental disorder; Breast disorder; Bundle branch block; Infection; Confusional state; Feeling abnormal; Constipation; Sudden death; Libido decreased; Disturbance in sexual arousal; Delirium; Delusion; Dental caries; Dermatitis atopic; Diarrhoea; Dizziness; Drowsiness; Somnolence; Oedema; Endocrine disorder; Eosinophilia; Rash; Dermatitis; Extrapyramidal disorder; Eye disorder; Fatigue; Body temperature increased; Flushing; Gastrointestinal disorder; Glaucoma; Angle closure glaucoma; Gynaecomastia; Hallucination; Headache; Block heart; Atrioventricular block; Cardiac disorder; Cardiac failure; Cardiac failure congestive; Hepatitis; Hyperhidrosis; Hypertension; Hypertrophy of breast; Breast enlargement; Orthostatic hypotension; Immune system disorder; Inappropriate antidiuretic hormone secretion; Jaundice; Leukopenia; Mediastinal disorder; Mydriasis; Myocardial infarction; Acute coronary syndrome; Myoclonus; Nausea; Nervous system disorder; Nervousness; Tension; Nightmare; Numbness; Sensory loss; Hypoaesthesia; Palpitations; Ileus paralytic; Paraesthesia; Neuropathy peripheral; Petechiae; Pruritus; Psychotic disorder; Purpura; Vascular purpura; Convulsion; Sleep disturbance; Sleep disorder; Speech disorder; Stomatitis; Cerebrovascular accident; Syncope; Loss of consciousness; Shock; Tachycardia; Sinus tachycardia; Thrombocytopenia; Tinnitus; Torsade de pointes; Tremor; Pollakiuria; Micturition disorder; Urinary tract disorder; Urethral disorder; Urticaria; Angiopathy; Ventricular fibrillation; Ventricular tachycardia; Vomiting; Weight increased; Weight decreased; Dry mouth; Urinary retention; Ventricular arrhythmia; Vasospasm; Agitation; Mood swings; Affect lability; Withdrawal symptom; Drug withdrawal syndrome; Electroencephalogram abnormal; Liver function test abnormal; Bone marrow depression; Pancytopenia; Accommodation disorder; Malnutrition; Photosensitivity reaction; Skin hyperpigmentation; Unspecified disorder of skin and subcutaneous tissue; Skin disorder; Epigastric distress; Dyspepsia; Malaise; Discomfort; Ill-defined disorder; Digestion impaired; Disorientation; Extrapyramidal symptoms; Taste peculiar; Dysgeusia; Black hairy tongue; Tongue discolouration; Tongue ulceration; Galactorrhoea; Lacrimation decreased; Paresthesia of limbs; Hypomania; Erectile dysfunction; Conduction disorder; Hepatobiliary disease; Mania; Vision blurred; Parotid swelling; Parotid gland enlargement; QRS complex; Electrocardiogram QRS complex; Blood pressure increased; Coordination abnormal; Hot flush; Menopausal symptoms; Infestation NOS; Infestation; Blood and lymphatic system disorders; Ear and labyrinth disorders; Libido disorder; Insomnia; Abdominal disorder; Drug fever; Tingling sensation; Testicular swelling
DB00462,Methscopolamine bromide,A muscarinic antagonist used to study binding characteristics of muscarinic cholinergic receptors.,direct,,,,,
DB00477,Chlorpromazine,"The prototypical phenothiazine antipsychotic drug. Like the other drugs in this class, chlorpromazine's antipsychotic actions are thought to be due to long-term adaptation by the brain to blocking dopamine receptors. Chlorpromazine has several other actions and therapeutic uses, including as an antiemetic and in the treatment of intractable hiccup.",direct,N05AA01,CID000002726,LLT; PT,C0001824; C0002453; C0002874; C0002878; C0002994; C0004044; C0004096; C0006114; C1527311; C0007398; C0009450; C0009806; C0010200; C0011071; C0011168; C0011606; C0011616; C0012833; C0013132; C0013144; C2830004; C0013404; C0014130; C0014457; C0014553; C0015967; C0017979; C0018418; C0018790; C0018939; C0019159; C0020456; C0020517; C0020615; C0020649; C0020651; C0021400; C0022346; C0022354; C0023052; C0023530; C0024141; C0026205; C0026961; C0027424; C0027849; C0030312; C0030446; C0033117; C0035309; C0036974; C0037290; C0549567; C0037763; C0039070; C0041657; C0039231; C0040822; C0043352; C0080274; C0085649; C0085688; C0151564; C0151865; C0152115; C0013384; C0221152; C0231688; C0575081; C0234133; C0015371; C0235270; C0236071; C0241442; C0242350; C0242422; C0242429; C2363730; C2363731; C0267516; C0025160; C0340865; C0002792; C0349506; C0162830; C0392676; C0424448; C0425945; C0025323; C0427086; C0542165; C0549209; C0027769; C0686347; C0700075; C0392156; C0751494; C0036572; C0751564; C1112182; C0857305; C0857353; C0917801; C3665347,Agranulocytosis; Amenorrhoea; Aplastic anaemia; Haemolytic anaemia; Angioedema; Asphyxia; Asthma; Edema cerebral; Brain oedema; Catatonia; Infection; Constipation; Cough; Sudden death; Dysphagia; Dermatitis exfoliative; Dermatitis contact; Dizziness; Drooling; Drowsiness; Somnolence; Dyspnoea; Endocrine disorder; Eosinophilia; Petit mal epilepsy; Body temperature increased; Glycosuria; Gynaecomastia; Cardiac arrest; Blood disorder; Hepatitis A; Hyperglycaemia; Hypersensitivity; Hypoglycaemia; Hypotension; Orthostatic hypotension; Influenza; Jaundice; Jaundice cholestatic; Laryngeal oedema; Leukopenia; Systemic lupus erythematosus; Miosis; Mydriasis; Nasal congestion; Neuroleptic malignant syndrome; Pancytopenia; Ileus paralytic; Priapism; Retinal disorder; Shock; Pigmentation skin; Pigmentation disorder; Muscle spasms; Syncope; Loss of consciousness; Tachycardia; Tremor; Dry mouth; Urinary retention; Oedema peripheral; Breast engorgement; Cogwheel rigidity; Pregnancy test false positive; Orofacial dyskinesia; Dyskinesia; Obstipation; Gait shuffling; Gait disturbance; Extrapyramidal symptoms; Extrapyramidal disorder; Keratopathy; Throat tightness; Protrusion tongue; Erectile dysfunction; Parkinsonism; Throat sore; Oropharyngeal discomfort; Oropharyngeal pain; Colon atonic; Megacolon; Anaphylactoid reaction; Anaphylactic shock; Photosensitivity; Photosensitivity reaction; Hyperpyrexia; Masked facies; Prolonged menses; Menorrhagia; Movements involuntary; Pseudoparkinsonism; Feeling jittery; Nervousness; Tardive dyskinesia; Motor restlessness; Akathisia; Convulsive seizure; Convulsion; Pill rolling; Parkinsonian rest tremor; Thrombocytopenic purpura; Hypotensive; Insomnia; Visual impairment
DB01956,Taurine,"Taurine, whose chemical name is 2-aminoethanesulfonic acid, is one of the most abundant amino acids in several organs. It plays important role in essential biological processes.[A31396] This conditional amino acid can be either be manufactured by the body or obtained in the diet mainly by the consumption of fish and meat.[L1058] The supplements containing taurine were FDA approved by 1984 and they are hypertonic injections composed by cristalline amino acids.[FDA label]",direct,,,,,
DB00496,Darifenacin,"Darifenacin (Enablex®, Novartis) is a medication used to treat urinary incontinence.

Darifenacin blocks M3 muscarinic acetylcholine receptors, which mediate bladder muscle contractions. This block reduces the urgency to urinate and so it should not be used in people with urinary retention.

It is unknown if M3 receptor selectivity is clinically advantageous in overactive bladder syndrome treatments.",direct,G04BD10,CID000444030,LLT; PT,C0000737; C0687713; C0001883; C0600260; C0002792; C0002994; C0003862; C0948594; C0004093; C0004604; C0004936; C0006145; C0006277; C0009450; C0009676; C1443060; C0009806; C0010200; C0011991; C0012833; C0013378; C0013395; C0013404; C0013604; C0014742; C0015230; C0011603; C0015397; C0016204; C0016977; C0017178; C0018524; C0018681; C0020458; C0020517; C0020538; C0021400; C0025061; C0027497; C0027765; C0030193; C0030252; C0031350; C0033774; C0035243; C0035455; C0037199; C0038367; C0149745; C0038454; C0038990; C0039070; C0041657; C0036974; C0039231; C0042029; C0042075; C0041969; C0042267; C0404521; C0042373; C0042963; C0043094; C0043352; C0080274; C0085074; C0085649; C0038362; C0151736; C3263723; C0151904; C0151905; C0151908; C0178298; C0037274; C0231919; C0232849; C0233632; C1306341; C0242350; C0314719; C0341742; C0344232; C0344315; C0401149; C0542571; C0547030; C3665347; C0574067; C0851341; C1384353; C0917801; C0948873; C2830004; C3665386,Abdominal pain; Gastrointestinal pain; Airway obstruction NOS; Obstructive airways disorder; Anaphylactic shock; Angioedema; Arthralgia; Musculoskeletal discomfort; Asthenia; Back pain; Mental disorder; Breast disorder; Bronchitis; Infection; Confusional state; Feeling abnormal; Constipation; Cough; Diarrhoea; Dizziness; Dysgeusia; Dyspepsia; Dyspnoea; Oedema; Erythema multiforme; Rash; Dermatitis; Eye disorder; Flatulence; Gallbladder disorder; Gastrointestinal disorder; Hallucination; Headache; Hyperhidrosis; Hypersensitivity; Hypertension; Influenza; Mediastinal disorder; Nausea; Nervous system disorder; Pain; Palpitations; Pharyngitis; Pruritus; Respiratory tract infection; Rhinitis; Sinusitis; Ulcerative stomatitis; Mouth ulceration; Cerebrovascular accident; Sweating; Syncope; Loss of consciousness; Shock; Tachycardia; Urinary tract infection; Urinary tract disorder; Urethral disorder; Vaginal inflammation; Vaginal infection; Angiopathy; Vomiting; Weight increased; Dry mouth; Urinary retention; Granuloma annulare; Oedema peripheral; Stomatitis; Accidental injury; Injury; Aspartate aminotransferase increased; Alanine aminotransferase increased; Dry skin; Unspecified disorder of skin and subcutaneous tissue; Skin disorder; Nasal dryness; Bladder pain; Thinking abnormal; Mental disability; Erectile dysfunction; Dry eye; Acute retention of urine; Vision blurred; Depressed mood; Constipation chronic; Face oedema; Visual disturbance; Visual impairment; Cough increased; Infestation NOS; Infestation; Insomnia; Flu symptoms; Somnolence; Abnormal vision
DB00502,Haloperidol,"Haloperidol is a high potency first-generation (typical) antipsychotic and one of the most frequently used antipsychotic medications used worldwide.[A180616] While haloperidol has demonstrated pharmacologic activity at a number of receptors in the brain,[A27477] it exerts its antipsychotic effect through its strong antagonism of the dopamine receptor (mainly D2), particularly within the mesolimbic and mesocortical systems of the brain. Haloperidol is indicated for the treatment of the manifestations of several psychotic disorders including schizophrenia, acute psychosis, Tourette syndrome, and other severe behavioural states.[F4645] It is also used off-label for the management of chorea associated with Huntington's disease and for the treatment of intractable hiccups as it is a potent antiemetic. Dopamine-antagonizing medications such as haloperidol are though to improve psychotic symptoms and states that are caused by an over-production of dopamine, such as schizophrenia, which is theorized to be caused by a hyperdopaminergic state within the limbic system of the brain.[A34360]

Use of the first-generation antipsychotics (including haloperidol) is considered highly effective for the management of the ""positive"" symptoms of schizophrenia including hallucinations, hearing voices, aggression/hostility, disorganized speech, and psychomotor agitation. However, this class of drugs is also limited by the development of movement disorders induced by dopamine-blockade such as drug-induced parkinsonism, akathisia, dystonia, tardive dyskinesia, as well as other side effects including sedation, weight gain, and prolactin changes. While there are limited high-quality studies comparing haloperidol to lower-potency first-generation antipsychotics such as [DB00477], [DB01624], [DB00623], and [DB01403], haloperidol typically demonstrates the least amount of side effects within this class, but demonstrates a stronger disposition for causing extrapyramidal symptoms (EPS).[A180613, A180616, A180625] These other low‐potency antipsychotics are limited by their lower affinity for dopamine receptors, which requires a higher dose to effectively treat symptoms of schizophrenia. In addition, they block many receptors other than the primary target (dopamine receptors), such as cholinergic or histaminergic receptors, resulting in a higher incidence of side effects such as sedation, weight gain, and hypotension.

Interestingly, in vivo pharmacogenetic studies have demonstrated that the metabolism of haloperidol may be modulated by genetically determined polymorphic _CYP2D6_ activity. However, these findings contradict the findings from studies in vitro with human liver microsomes and from drug interaction studies in vivo. Inter-ethnic and pharmacogenetic differences in haloperidol metabolism may possibly explain these observations.[A32346]

First-generation antipsychotic drugs have largely been replaced with second- and third-generation (atypical) antipsychotics such as [DB00734], [DB00334], [DB00363], [DB01224], [DB01238], and [DB00246]. However, haloperidol use remains widespread and is considered the benchmark for comparison in trials of the newer generation antipsychotics.[A180625]

The efficacy of haloperidol was first established in controlled trials in the 1960s.[A180610]",direct,N05AD01,CID000003559,LLT; PT,C0001824; C0002170; C0002453; C0002792; C0002871; C0003123; C0232462; C0003467; C0004936; C0006145; C0006266; C0007398; C0008370; C0009676; C1443060; C0009782; C0009806; C0011071; C0011124; C0855242; C0011168; C0011570; C0011606; C0011991; C0012833; C0013144; C2830004; C0013384; C0013390; C0013395; C0013404; C0013604; C0014130; C0015230; C0011603; C0015371; C0015397; C0015967; C0017178; C0018418; C0018524; C0018681; C0018790; C0018799; C0018843; C0019158; C0020456; C0020458; C0020514; C0020517; C0020538; C0020615; C0020625; C0020649; C0020651; C0020672; C0413252; C0021053; C0021141; C0021177; C0022346; C0023052; C0023066; C0023380; C0023518; C0023530; C0024902; C0025061; C0025323; C0025345; C0026826; C0026837; C0027497; C0027609; C0027765; C0027849; C0027947; C0028738; C0030312; C0031133; C0233514; C0032961; C0033117; C0033774; C0033975; C0035309; C0036572; C0037036; C0037763; C0039231; C0040034; C0040479; C0040485; C0040822; C0041105; C0042075; C0041969; C0042109; C0042373; C0042510; C0042514; C0042571; C0042963; C0043094; C0043096; C0043352; C0080274; C0085612; C0085623; C0085631; C0085637; C0085688; C0086439; C0086543; C0086565; C0151564; C0151735; C0151766; C0151818; C0151878; C0152115; C0156404; C0162429; C0162557; C0162830; C0175683; C0178298; C0037274; C0220994; C0231530; C0233565; C0234131; C0234133; C0235086; C0235146; C0235660; C0236071; C0241442; C0242350; C0242422; C0267792; C0340464; C0344232; C0349506; C0392156; C0392676; C0424295; C0424448; C0427086; C0494475; C0014549; C0520806; C0542571; C0547030; C3665347; C0549622; C0575081; C0686347; C0700590; C0877338; C0917801; C0948525; C2973529; C2981158,"Agranulocytosis; Alopecia; Amenorrhoea; Anaphylactic shock; Anaemia; Anorexia; Decreased appetite; Anxiety; Mental disorder; Breast disorder; Bronchospasm; Catatonia; Cholestasis; Confusional state; Feeling abnormal; Connective tissue disorder; Constipation; Sudden death; Libido decreased; Disturbance in sexual arousal; Dysphagia; Depression; Dermatitis exfoliative; Diarrhoea; Dizziness; Drowsiness; Somnolence; Dyskinesia; Dysmenorrhoea; Dyspepsia; Dyspnoea; Oedema; Endocrine disorder; Rash; Dermatitis; Extrapyramidal disorder; Eye disorder; Body temperature increased; Gastrointestinal disorder; Gynaecomastia; Hallucination; Headache; Cardiac arrest; Cardiac disorder; Heat stroke; Hepatitis; Hyperglycaemia; Hyperhidrosis; Hyperprolactinaemia; Hypersensitivity; Hypertension; Hypoglycaemia; Hyponatraemia; Hypotension; Orthostatic hypotension; Body temperature decreased; Hypothermia; Immune system disorder; Inappropriate antidiuretic hormone secretion; Libido increased; Jaundice; Laryngeal oedema; Laryngospasm; Lethargy; Leukocytosis; Leukopenia; Breast pain; Mediastinal disorder; Menorrhagia; Menstrual disorder; Hypertonia; Muscle rigidity; Nausea; Drug withdrawal syndrome neonatal; Nervous system disorder; Neuroleptic malignant syndrome; Neutropenia; Nystagmus; Pancytopenia; Vermiculation; Abnormal behaviour; Pregnancy; Priapism; Pruritus; Psychotic disorder; Retinal disorder; Convulsion; Salivary hypersecretion; Muscle spasms; Tachycardia; Thrombocytopenia; Torsade de pointes; Torticollis; Tremor; Trismus; Urinary tract disorder; Urethral disorder; Urticaria; Angiopathy; Ventricular fibrillation; Ventricular tachycardia; Vertigo; Vomiting; Weight increased; Weight decreased; Dry mouth; Urinary retention; Ventricular arrhythmia; Akinesia; Agitation; Oculogyric crisis; Breast engorgement; Hypokinesia; Cataract; Hepatic function abnormal; Cogwheel rigidity; Injection site reaction; Liver function test abnormal; Opisthotonus; Electrocardiogram QT prolonged; Orofacial dyskinesia; Menstruation irregular; Malnutrition; Acute hepatic failure; Photosensitivity reaction; Argininosuccinate synthetase deficiency; Unspecified disorder of skin and subcutaneous tissue; Skin disorder; Hyperammonaemia; Muscle twitching; Bradykinesia; Motor dysfunction; Extrapyramidal symptoms; Muscle contractions involuntary; Euphoric mood; Galactorrhoea; Throat tightness; Protrusion tongue; Erectile dysfunction; Parkinsonism; Hepatobiliary disease; Extrasystoles; Vision blurred; Photosensitivity; Akathisia; Hyperpyrexia; Hyperkinesia; Masked facies; Movements involuntary; Tonic-clonic seizures; Grand mal convulsion; Sudden death, cause unknown; Face oedema; Visual disturbance; Visual impairment; Sexual dysfunction; Gait disturbance; Tardive dyskinesia; Sweating increased; Blood and lymphatic system disorders; Breast discomfort; Insomnia; Musculoskeletal stiffness; Leukocytoclastic vasculitis; Loss of libido"
DB00505,Tridihexethyl,"Tridihexethyl is a synthetic anticholinergic agent which has been shown in experimental and clinical studies to have a pronounced antispasmodic and antisecretory effect on the gastrointestinal tract. Tridihexethyl is an antimuscarinic, anticholinergic drug. Tridihexethyl is no longer available in the US market. ",direct,A03AB08,,,,
DB00517,Anisotropine methylbromide,"Anisotropine methylbromide is a quaternary ammonium compound. Its use as treatment adjunct in peptic ulcer has been replaced by the use of more effective agents. Depending on the dose, anisotropine methylbromide may reduce the motility and secretory activity of the gastrointestinal system, and the tone of the ureter and urinary bladder and may have a slight relaxant action on the bile ducts and gallbladder. In general, smaller doses of anisotropine methylbromide inhibit salivary and bronchial secretions, sweating, and accommodation; cause dilatation of the pupil; and increase the heart rate. Larger doses are required to decrease motility of the gastrointestinal and urinary tracts and to inhibit gastric acid secretion.",direct,,,,,
DB00540,Nortriptyline,"Nortriptyline hydrochloride, the active metabolite of [amitriptyline], is a tricyclic antidepressant (TCA).[L11878] It is used in the treatment of major depression and is also used off-label for chronic pain and other conditions.[L11881]",direct,N06AA10,CID000004543,LLT; PT,C0000729; C0000737; C0001416; C0024205; C0001824; C0002170; C0002874; C0003123; C0232462; C0003467; C0003811; C0004093; C0004134; C0006384; C0008370; C0009676; C1443060; C0009806; C0011124; C0855242; C0011206; C0011253; C0011991; C0012833; C0013144; C2830004; C0013604; C0014457; C0015230; C0011603; C0015397; C0015672; C0015967; C0016382; C0017574; C0017605; C0018418; C0018524; C0018681; C0018794; C0004245; C0019158; C0020517; C0020538; C0020649; C0020651; C0021141; C0022107; C0022346; C0023530; C0026961; C0027051; C0948089; C0027497; C0027769; C0233494; C0028084; C0028643; C0278134; C0020580; C0028734; C0030252; C0030318; C0030446; C0030554; C0031117; C0031256; C0033774; C0033975; C0034150; C1368065; C0036572; C0038362; C0038454; C0038990; C0020458; C0039070; C0041657; C0036974; C0039231; C0040034; C0040264; C0040479; C0040822; C0042023; C0042109; C0042510; C0042514; C0042963; C0043094; C0043096; C0043352; C0080274; C0085631; C0085649; C0086565; C0087169; C0152128; C0151610; C0040409; C0151773; C0030312; C0151798; C0151827; C0152198; C0221490; C0013395; C0231218; C0234215; C2047937; C0233407; C0233844; C0234133; C0015371; C0234708; C0235293; C0013378; C0235347; C0151596; C0235660; C0236068; C0237314; C0239385; C0241934; C0242350; C0242429; C2363730; C2363731; C0264886; C0338831; C0344232; C0424000; C0424823; C0341047; C0429097; C0429098; C0520966; C0558148; C0585186; C0011615; C0600142; C0236075; C0700590; C0855333; C0151878; C0917801; C1320835; C1971624; C2225524; C2242996; C2584688; C2981158,Abdominal cramps; Abdominal pain; Adenitis; Lymphadenitis; Agranulocytosis; Alopecia; Aplastic anaemia; Anorexia; Decreased appetite; Anxiety; Arrhythmia; Asthenia; Ataxia; Bundle branch block; Cholestasis; Confusional state; Feeling abnormal; Constipation; Libido decreased; Disturbance in sexual arousal; Delirium; Delusion; Diarrhoea; Dizziness; Drowsiness; Somnolence; Oedema; Eosinophilia; Rash; Dermatitis; Eye disorder; Fatigue; Body temperature increased; Flushing; Gingivitis; Angle closure glaucoma; Gynaecomastia; Hallucination; Headache; Block heart; Atrioventricular block; Hepatitis; Hypersensitivity; Hypertension; Hypotension; Orthostatic hypotension; Inappropriate antidiuretic hormone secretion; Irritability; Jaundice; Leukopenia; Mydriasis; Myocardial infarction; Acute coronary syndrome; Nausea; Nervousness; Tension; Nightmare; Numbness; Sensory loss; Hypoaesthesia; Nocturia; Palpitations; Panic reaction; Ileus paralytic; Paraesthesia; Neuropathy peripheral; Petechiae; Pruritus; Psychotic disorder; Purpura; Vascular purpura; Convulsion; Stomatitis; Cerebrovascular accident; Sweating; Hyperhidrosis; Syncope; Loss of consciousness; Shock; Tachycardia; Taste disorders; Thrombocytopenia; Tinnitus; Torsade de pointes; Tremor; Pollakiuria; Urticaria; Ventricular fibrillation; Ventricular tachycardia; Vomiting; Weight increased; Weight decreased; Dry mouth; Urinary retention; Agitation; Oedema peripheral; Hepatic function abnormal; Withdrawal symptom; Drug withdrawal syndrome; Tongue oedema; Tongue disorder; Bone marrow depression; Pancytopenia; Hepatic necrosis; Eye pain; Accommodation disorder; Epigastric distress; Dyspepsia; Malaise; Discomfort; Ill-defined disorder; Disorientation; Clumsiness; Extrapyramidal symptoms; Extrapyramidal disorder; Intraocular pressure increased; Taste peculiar; Dysgeusia; Black hairy tongue; Tongue discolouration; Galactorrhoea; Swollen tongue; Heart rate irregular; Paresthesia of limbs; Hypomania; Erectile dysfunction; Throat sore; Oropharyngeal discomfort; Oropharyngeal pain; Conduction disorder; Mania; Vision blurred; Suicidal ideation; Parotid swelling; Parotid gland enlargement; QRS complex; Electrocardiogram QRS complex; Coordination abnormal; Yellow skin; Cutaneous hypersensitivity; Dermatitis atopic; Hot flush; Menopausal symptoms; Sweating increased; Electrocardiogram QT corrected interval prolonged; Electrocardiogram QT prolonged; Insomnia; Drug fever; Appetite absent; Breast enlargement; Tingling sensation; Testicular swelling; Loss of libido
DB00543,Amoxapine,"Amoxapine, the <i>N</i>-demethylated derivative of the antipsychotic agent loxapine, is a dibenzoxazepine-derivative tricyclic antidepressant (TCA). TCAs are structurally similar to phenothiazines. They contain a tricyclic ring system with an alkyl amine substituent on the central ring. In non-depressed individuals, amoxapine does not affect mood or arousal, but may cause sedation. In depressed individuals, amoxapine exerts a positive effect on mood. TCAs are potent inhibitors of serotonin and norepinephrine reuptake. In addition, TCAs down-regulate cerebral cortical &beta;-adrenergic receptors and sensitize post-synaptic serotonergic receptors with chronic use. The antidepressant effects of TCAs are thought to be due to an overall increase in serotonergic neurotransmission. TCAs also block histamine H<sub>1</sub> receptors, &alpha;<sub>1</sub>-adrenergic receptors and muscarinic receptors, which accounts for their sedative, hypotensive and anticholinergic effects (e.g. blurred vision, dry mouth, constipation, urinary retention), respectively. See toxicity section below for a complete listing of side effects. Amoxapine may be used to treat neurotic and reactive depressive disorders, endogenous and psychotic depression, and mixed symptoms of depression and anxiety or agitation.",direct,N06AA17,CID000002170,LLT; PT,C0000737; C0687713; C0001416; C0024205; C0001824; C0002170; C0003123; C0232462; C0004093; C0004134; C0004238; C0009676; C1443060; C0009806; C0011124; C0855242; C0011253; C0011991; C0012833; C0013144; C2830004; C0013604; C0014457; C0015230; C0011603; C0015672; C0015967; C0016204; C0018418; C0018524; C0018681; C0018794; C0004245; C0019158; C0020538; C0020649; C0021141; C0022346; C0023530; C0026961; C0027051; C0948089; C0027424; C0027497; C0027769; C0233494; C0027849; C0028084; C0028643; C0278134; C0020580; C0030252; C0030305; C0030446; C0031256; C0033774; C0034150; C1368065; C0036572; C0038362; C0038454; C0039070; C0041657; C0036974; C0039231; C0040034; C0040264; C0040822; C0042023; C0042109; C0042384; C0042963; C0043094; C0043352; C0080274; C0085611; C0428974; C0152198; C0156404; C0221490; C0013395; C0233407; C0233571; C0085631; C0234133; C0015371; C0235198; C1306341; C0233414; C0235293; C0013378; C0235347; C0151596; C0235660; C0239385; C0030554; C0241934; C0242350; C0278107; C0344232; C0423153; C0152227; C0424823; C0341047; C0426584; C0232461; C0520966; C0686347; C0917801; C1320835; C2225524; C2242996; C2584688,Abdominal pain; Gastrointestinal pain; Adenitis; Lymphadenitis; Agranulocytosis; Alopecia; Anorexia; Decreased appetite; Asthenia; Ataxia; Atrial fibrillation; Confusional state; Feeling abnormal; Constipation; Libido decreased; Disturbance in sexual arousal; Delusion; Diarrhoea; Dizziness; Drowsiness; Somnolence; Oedema; Eosinophilia; Rash; Dermatitis; Fatigue; Body temperature increased; Flatulence; Gynaecomastia; Hallucination; Headache; Block heart; Atrioventricular block; Hepatitis; Hypertension; Hypotension; Inappropriate antidiuretic hormone secretion; Jaundice; Leukopenia; Mydriasis; Myocardial infarction; Acute coronary syndrome; Nasal congestion; Nausea; Nervousness; Tension; Neuroleptic malignant syndrome; Nightmare; Numbness; Sensory loss; Hypoaesthesia; Palpitations; Pancreatitis; Ileus paralytic; Petechiae; Pruritus; Purpura; Vascular purpura; Convulsion; Stomatitis; Cerebrovascular accident; Syncope; Loss of consciousness; Shock; Tachycardia; Thrombocytopenia; Tinnitus; Tremor; Pollakiuria; Urticaria; Vasculitis; Vomiting; Weight increased; Dry mouth; Urinary retention; Atrial arrhythmia; Arrhythmia supraventricular; Accommodation disorder; Menstruation irregular; Epigastric distress; Dyspepsia; Disorientation; Excitement; Agitation; Extrapyramidal symptoms; Extrapyramidal disorder; Cerebration impaired; Mental disability; Disturbance in attention; Taste peculiar; Dysgeusia; Black hairy tongue; Tongue discolouration; Galactorrhoea; Paresthesia of limbs; Paraesthesia; Hypomania; Erectile dysfunction; Painful ejaculation; Vision blurred; Lacrimation; Lacrimation increased; Parotid swelling; Parotid gland enlargement; Appetite exaggerated; Increased appetite; Coordination abnormal; Tardive dyskinesia; Insomnia; Drug fever; Breast enlargement; Tingling sensation; Testicular swelling
DB00555,Lamotrigine,"Lamotrigine is an antiepileptic drug belonging in the phenyltriazine class. It is used in the treatment of both epilepsy and as a mood stabilizer in bipolar disorder. Lamotrigine is the first medication since lithium granted Food and Drug Administration (FDA) approval for the maintenance treatment of bipolar type I. It is approved for use in more than 30 countries.[A191350]

Lamotrigine has relatively few side-effects and does not require laboratory monitoring. While it is indicated for epilepsy and bipolar disorders, there is evidence that lamotrigine could have some clinical efficacy in certain neuropathic pain states.[A849,A850]",direct,N03AX09,CID000003878,LLT; PT,C0000737; C0687713; C0000833; C0001824; C0002170; C0002418; C0002453; C0002622; C0002871; C0002874; C0002878; C0002886; C0002962; C0002994; C0003123; C0232462; C0003467; C0003537; C0003578; C0003635; C0003862; C0948594; C0003864; C0004093; C0004096; C0004134; C0004238; C0004604; C0004690; C0004936; C0005586; C0853193; C0005741; C0006147; C0006266; C0006277; C0006444; C0006852; C0700345; C1609512; C0007760; C0027765; C0007859; C0008031; C0009421; C0009450; C0009676; C1443060; C0009763; C0009782; C0009806; C0010200; C0010481; C0010692; C0403632; C0232849; C0011053; C0011124; C0855242; C0011168; C0011206; C0011253; C0011551; C0011570; C0011606; C0011616; C0011630; C0011991; C0012569; C0012739; C0012833; C0013144; C2830004; C0013362; C0029408; C0013378; C0013384; C0013390; C0013395; C0013404; C0013428; C0013447; C0013456; C0013491; C0013595; C0013604; C0014457; C0014518; C0014534; C0014549; C0014591; C0014724; C0014742; C0014868; C0015230; C0011603; C0015371; C0015397; C0015468; C0015672; C0015967; C0016204; C0016382; C0017152; C0017178; C0017181; C0017565; C0017566; C0017574; C0017675; C0018021; C0018520; C0018524; C0018681; C0018790; C0018801; C0018926; C0018939; C0018965; C0018991; C0019080; C0518015; C0019158; C0019360; C0019521; C0019572; C0020039; C0020429; C0020453; C0020433; C0020456; C0020517; C0020538; C0020578; C0020580; C0020651; C0020676; C0021177; C0021400; C0022107; C0022408; C0022568; C0022658; C0022660; C0022904; C3495920; C0023218; C0037763; C0023518; C0023530; C0024282; C0024902; C0025061; C0025222; C0025290; C0025323; C0025345; C0026650; C0026766; C0026826; C0026827; C1142135; C0026846; C0027051; C0948089; C0027066; C0027339; C0027424; C0027497; C0027769; C0233494; C0027796; C0027813; C0031117; C0027932; C0027947; C0028734; C0028738; C0030193; C0030252; C0030305; C0030312; C0030554; C0030567; C0242422; C0030846; C0030920; C0031212; C0031256; C0031350; C0032285; C0032617; C1167965; C0033774; C0033975; C0035078; C0035410; C0035455; C0036454; C0036508; C0036572; C0037036; C0037199; C0037299; C0037822; C0038220; C0038325; C0038358; C0038362; C0038363; C0038454; C0038661; C0852733; C0038663; C0038990; C0020458; C0039070; C0041657; C0036974; C0039231; C0039971; C0040034; C0040046; C0040053; C0040264; C0040435; C0040822; C0041834; C0042023; C0042024; C0042029; C0042109; C0042164; C0042267; C0404521; C0042373; C0042384; C0042401; C1142412; C0042571; C0042963; C0043094; C0043096; C0043352; C0043387; C0080274; C0085583; C0085593; C0085605; C0085606; C0085628; C0549249; C0085631; C0085632; C0233471; C0085633; C0233472; C0085636; C0085641; C0085649; C0086439; C0086769; C0149745; C0149931; C0151463; C0151474; C0151559; C0151565; C0151623; C0151610; C0040409; C0151736; C3263723; C0151752; C0235660; C0151766; C0151827; C0151836; C1456784; C0151883; C0085932; C0151888; C0151889; C0151904; C0151905; C0151907; C0151908; C0152128; C0152198; C0158350; C0162316; C0162429; C0162835; C0231218; C0234215; C2047937; C0231528; C0231530; C0232461; C0233477; C0234022; C0234376; C0234428; C0150450; C0234458; C0234535; C0235097; C0234547; C0235146; C0235639; C0438142; C0240211; C0241934; C0242350; C0267596; C0281963; C0034902; C0314719; C0338831; C0338908; C0344232; C0349410; C0349506; C0162830; C0392025; C0000731; C0392156; C0409974; C0024141; C0422980; C0423791; C0424000; C0424295; C0427108; C0575090; C0438215; C0497156; C0520966; C0522224; C0542571; C0543698; C1142139; C0558489; C0574067; C0575081; C0578687; C0600142; C0236075; C0687133; C0702166; C0851341; C1384353; C0851578; C0858635; C0549373; C0917801; C0947912; C0151786; C1458155; C1510410; C1536075; C1579838; C0221776; C1760428; C2364111; C2937350; C0235969,Abdominal pain; Gastrointestinal pain; Abscess; Agranulocytosis; Alopecia; Amblyopia; Amenorrhoea; Amnesia; Anaemia; Aplastic anaemia; Haemolytic anaemia; Anaemia macrocytic; Angina pectoris; Angioedema; Anorexia; Decreased appetite; Anxiety; Aphasia; Apnoea; Apraxia; Arthralgia; Musculoskeletal discomfort; Arthritis; Asthenia; Asthma; Ataxia; Atrial fibrillation; Back pain; Balanitis; Mental disorder; Bipolar disorder; Bipolar I disorder; Blepharitis; Breast feeding; Bronchospasm; Bronchitis; Bursitis; Vaginal moniliasis; Vulvovaginal candidiasis; Vulvovaginal mycotic infection; Cerebellar syndrome; Nervous system disorder; Neck pain; Chest pain; Coma; Infection; Confusional state; Feeling abnormal; Conjunctivitis; Connective tissue disorder; Constipation; Cough; Cushing's syndrome; Cystitis; Cystitis noninfective; Bladder pain; Deafness; Libido decreased; Disturbance in sexual arousal; Dysphagia; Delirium; Delusion; Depersonalisation; Depression; Dermatitis exfoliative; Dermatitis contact; Fungal skin infection; Diarrhoea; Diplopia; Disseminated intravascular coagulation; Dizziness; Drowsiness; Somnolence; Dysarthria; Osteoarthritis; Dysgeusia; Dyskinesia; Dysmenorrhoea; Dyspepsia; Dyspnoea; Dysuria; Ear disorder; Ear pain; Ecchymosis; Eczema; Oedema; Eosinophilia; Toxic epidermal necrolysis; Epididymitis; Grand mal convulsion; Epistaxis; Eructation; Erythema multiforme; Oesophagitis; Rash; Dermatitis; Extrapyramidal disorder; Eye disorder; Facial pain; Fatigue; Body temperature increased; Flatulence; Flushing; Gastritis; Gastrointestinal disorder; Gastrointestinal haemorrhage; Gingival bleeding; Gingival hyperplasia; Gingivitis; Glossitis; Goitre; Breath odour; Hallucination; Headache; Cardiac arrest; Cardiac failure; Haematemesis; Blood disorder; Haematuria; Hemiplegia; Haemorrhage; Haemoglobin; Hepatitis; Herpes zoster; Hiccups; Hirsutism; Hostility; Hyperpathia; Hyperaesthesia; Hyperbilirubinaemia; Hyperglycaemia; Hypersensitivity; Hypertension; Hyperventilation; Hypoaesthesia; Orthostatic hypotension; Hypothyroidism; Libido increased; Influenza; Irritability; Arthropathy; Keratitis; Nephropathy; Renal failure acute; Lacrimal disorder; Lacrimal structural disorder; Cramps of lower extremities; Muscle spasms; Leukocytosis; Leukopenia; Lymphocytosis; Breast pain; Mediastinal disorder; Melaena; Meningitis aseptic; Menorrhagia; Menstrual disorder; Movement disorder; Multi-organ failure; Hypertonia; Hypotonia; Muscle relaxant therapy; Muscle atrophy; Myocardial infarction; Acute coronary syndrome; Myoclonus; Nail disorder; Nasal congestion; Nausea; Nervousness; Tension; Neuralgia; Neuritis; Neuropathy peripheral; Neurosis; Neutropenia; Nocturia; Nystagmus; Pain; Palpitations; Pancreatitis; Pancytopenia; Paraesthesia; Parkinson's disease; Parkinsonism; Penis disorder; Peptic ulcer; Personality disorder; Petechiae; Pharyngitis; Pneumonia; Polyuria; Urine output increased; Pruritus; Psychotic disorder; Renal failure; Rhabdomyolysis; Rhinitis; Scotoma; Seborrhoeic dermatitis; Convulsion; Salivary hypersecretion; Sinusitis; Skin ulcer; Speech disorder; Status epilepticus; Stevens-Johnson syndrome; Gastric ulcer; Stomatitis; Aphthous stomatitis; Cerebrovascular accident; Suicide; Completed suicide; Suicide attempt; Sweating; Hyperhidrosis; Syncope; Loss of consciousness; Shock; Tachycardia; Thirst; Thrombocytopenia; Thrombophlebitis; Thrombosis; Tinnitus; Tooth disorder; Tremor; Erythema; Pollakiuria; Urinary incontinence; Urinary tract infection; Urticaria; Uveitis; Vaginal inflammation; Vaginal infection; Angiopathy; Vasculitis; Vasodilation; Vasodilation procedure; Vertigo; Vomiting; Weight increased; Weight decreased; Dry mouth; Yawning; Urinary retention; Choreoathetosis; Chills; Hepatic failure; Micturition urgency; Stupor; Depressed level of consciousness; Agitation; Apathy; Flat affect; Mood swings; Affect lability; Photophobia; Rash pustular; Oedema peripheral; Hypokinesia; Panic attack; Mouth ulceration; Migraine; Breast abscess; Alcohol intolerance; CNS depression NOS; Hemorrhagic colitis; Enterocolitis haemorrhagic; Tongue oedema; Tongue disorder; Accidental injury; Injury; Lactation female; Galactorrhoea; Liver function test abnormal; Eye pain; Paranoid reaction; Paranoia; Vesiculobullous rash; Dermatitis bullous; Hyporeflexia; Hyperreflexia; Aspartate aminotransferase increased; Alanine aminotransferase increased; Skin discolouration; Dry skin; Drug withdrawal syndrome; Accommodation disorder; Tendinous contracture; Iron deficiency anaemia; Malnutrition; Leukoderma; Malaise; Discomfort; Ill-defined disorder; Myalgia; Muscle twitching; Increased appetite; Dysphoria; Anorgasmia; Action tremor; Consciousness abnormal; Altered state of consciousness; Abnormal dreams; Clonic convulsion; Withdrawal seizures; Drug withdrawal convulsions; Euphoric mood; Urine abnormality; Urine analysis abnormal; Lip swelling; Hypomania; Erectile dysfunction; Rectal haemorrhage; Red cell aplasia; Aplasia pure red cell; Dry eye; Mania; Anxiety depression; Vision blurred; Organ failure; Photosensitivity; Photosensitivity reaction; Enlargement abdomen; Abdominal distension; Akathisia; Lupus erythematosus; Systemic lupus erythematosus; Oscillopsia; Rash maculo-papular; Suicidal ideation; Hyperkinesia; Unsteadiness; Balance disorder; Laboratory test abnormal; Lymphadenopathy; Coordination abnormal; Paralysis; Face oedema; Hypersensitive syndrome; Drug reaction with eosinophilia and systemic symptoms; Renal pain; Cough increased; Gait disturbance; Sore eye; Hot flush; Menopausal symptoms; Drug interaction; Acne; Infestation NOS; Infestation; Ear and labyrinth disorders; Sleep disorder; Pharyngolaryngeal pain; Laryngeal pain; Insomnia; Myasthenia; Muscular weakness; Breast neoplasm; Parosmia; Sudden unexplained death in epilepsy; Sore mouth; Oral pain; Suicidal behaviour; Ageusia; Abnormal ejaculation; Ejaculation disorder
DB00565,Cisatracurium,"Cisatracurium is a non-depolarising neuromuscular blocking agent of the benzylisoquinolinium class, available in its salt form, cisatracurium besylate.[A243416,A253592] Cisatracurium has an intermediate duration of action and is one of the most commonly used neuromuscular blocking agents in intensive care.[A253592,A253597]. Cisatracurium acts on cholinergic receptors, blocking neuromuscular transmission. This action is antagonized by acetylcholinesterase inhibitors such as neostigmine.[A243416,A253592] Cisatracurium is an R-cis-R-cis isomer of [atracurium] and has approximately 3 times its neuromuscular blocking potency.[A243416] Compared to atracurium, cisatracurium produces a lower degree of histamine release.[A253597]",direct,M03AC11,CID000047320; CID000062886,LLT; PT,C0002994; C0006266; C0007222; C0013404; C0015230; C0011603; C0016382; C0018790; C0020517; C0020538; C0020649; C0023066; C0026848; C0033774; C0036572; C0039231; C0041834; C0042109; C0043144; C0151786; C0340865; C0002792; C0428886; C0428977; C0700292; C0242184; C0849916; C0857370; C0520758,Angioedema; Bronchospasm; Cardiovascular disorder; Dyspnoea; Rash; Dermatitis; Flushing; Cardiac arrest; Hypersensitivity; Hypertension; Hypotension; Laryngospasm; Myopathy; Pruritus; Convulsion; Tachycardia; Erythema; Urticaria; Wheezing; Muscular weakness; Anaphylactoid reaction; Anaphylactic shock; Mean arterial pressure; Bradycardia; Hypoxemia; Hypoxia; Generalised erythema; Generalized flushing; Neuromuscular block prolonged
DB00568,Cinnarizine,"First synthesized by Janssen Pharmaceuticals in 1955, cinnarizine is an anti-histaminic drug mainly used for the control of vestibular disorders and motion sickness. Cinnarizine is a specific calcium channel blocker that primarily works on the central vestibular system to interfere with the signal transmission between vestibular apparatus of the inner ear and the vomiting centre of the hypothalamus. Cinnarizine could be also viewed as a nootropic drug because of its vasorelaxating abilities (due to calcium channel blockage), which happen mostly in brain. Combination use of cinnarizine with other nootropics, such as [piracetam] resulted in enhanced effect of boosting brain oxygen supply.",direct,N07CA52;N07CA02,,,,
DB00383,Oxyphencyclimine,Oxyphencyclimine is an anticholinergic drug (trade name Daricon) used in treating peptic ulcers.,direct,A03AA01;A03CA03,,,,
DB00376,Trihexyphenidyl,"Trihexyphenidyl is a centrally acting muscarinic antagonist used for treatment of parkinsonism and drug-induced extrapyramidal disorders.[L31773,L31778] Its discovery was published in 1949 in a study looking for drugs with antispasmodic activity.[A229103] Trihexyphenidyl is rarely used in the treatment of parkinsonism, and is not a first line treatment due to significant adverse effects.[L31843] It has largely been replaced by drugs such as [levodopa].[L31843]

Trihexyphenidyl was granted FDA approval on 13 May 1949.[L31768]",direct,N04AA01,CID000005572,LLT; PT,C0004093; C0008489; C0009676; C1443060; C0009806; C0011253; C0012833; C0013144; C2830004; C0015230; C0011603; C0017605; C0018524; C0018681; C0026961; C0027497; C0027769; C0233494; C0027849; C0030446; C0030583; C0033975; C0039231; C0042963; C0043096; C0085610; C0085631; C0151908; C0152032; C0233794; C0234708; C0235146; C0235238; C0152198; C0338656; C0009241; C0344232; C0424295; C0456909; C0542476; C1456784,Asthenia; Chorea; Confusional state; Feeling abnormal; Constipation; Delusion; Dizziness; Drowsiness; Somnolence; Rash; Dermatitis; Angle closure glaucoma; Hallucination; Headache; Mydriasis; Nausea; Nervousness; Tension; Neuroleptic malignant syndrome; Ileus paralytic; Parotitis; Psychotic disorder; Tachycardia; Vomiting; Weight decreased; Sinus bradycardia; Agitation; Dry skin; Urinary hesitation; Memory impairment; Intraocular pressure increased; Euphoric mood; Cycloplegia; Accommodation disorder; Cognitive impairment; Cognitive disorder; Vision blurred; Hyperkinesia; Blindness; Forgetfulness; Paranoia
DB00366,Doxylamine,"Histamine H1 antagonist with pronounced sedative properties. It is used in allergies and as an antitussive, antiemetic, and hypnotic. Doxylamine has also been administered in veterinary applications and was formerly used in parkinsonism.",direct,R06AA09;R06AA59,,,,
DB00363,Clozapine,"Clozapine is a tricyclic dibenzodiazepine, classified as an atypical antipsychotic agent.[A256708] Clozapine displays affinity to various neuroreceptors with a particularly low affinity to the dopamine receptors, thus breaking the mold of first-generation antipsychotics and deeming it ""atypical"".[A256723]. This low affinity to dopamine receptors results in fewer extrapyramidal side effects, especially tardive dyskinesia.[A185747] However, its promiscuity toward the muscarinic and adrenergic receptors can result in other side effects, notably gastrointestinal hypomotility and orthostatic hypotension. [L905,A215552]. Despite its effectiveness in treating both positive and negative symptoms of schizophrenia, clozapine was briefly removed from the market in various jurisdictions in 1970 due to severe agranulocytosis.[A256713,A256718] However, continued evidence of its effectiveness led to clozapine's eventual reintroduction, although with a reluctance to prescribe it.[A256718] 

Clozapine was approved by the FDA in 1989 for treatment-resistant schizophrenia under the brand CLOZARIL.[L905] Due to its severe adverse effects profile, clozapine is only available through a restricted program under a Risk Evaluation Mitigation Strategy (REMS) called the Clozapine REMS Program.[L905]",direct,N05AH02,CID000002818,LLT; PT,C0000731; C0001339; C0002622; C0002871; C0002962; C0003123; C0232462; C0003467; C0003811; C0003862; C0948594; C0004093; C0004134; C0004936; C0005858; C0155169; C0005956; C0006277; C0006826; C0007384; C0008031; C0008370; C0009421; C0009450; C0009676; C1443060; C0009806; C0009938; C0010200; C0010520; C0011071; C0011168; C0011206; C0011253; C0011570; C0011603; C0011849; C0011991; C0012797; C0032617; C0012833; C0013144; C2830004; C0013146; C0013362; C0029408; C0013390; C0013395; C0013404; C0013447; C0013595; C0013604; C0014457; C0014544; C0014591; C0014724; C0014742; C0015230; C0015397; C0015423; C0015672; C0015734; C1321686; C0015967; C0017160; C0017178; C0017605; C0018524; C0018681; C0018790; C0018794; C0004245; C0018798; C0152021; C0018799; C0018801; C0018834; C0018926; C0019158; C0020443; C0020456; C0020457; C0020517; C0020538; C0020557; C0853692; C0020578; C0020625; C0020649; C0020651; C0020672; C0413252; C0021167; C0021605; C0917801; C0021843; C0022107; C0022346; C0022354; C0023067; C0023380; C0023518; C0023530; C0023890; C0023895; C0151763; C0239571; C0024902; C0026266; C0026837; C0026961; C0027051; C0948089; C0027066; C0027424; C0027497; C0027707; C0041349; C0027765; C0027849; C0027947; C0028084; C0028643; C0278134; C0020580; C0028738; C0030193; C0030232; C0030252; C0030305; C0030446; C0030554; C0031039; C0031046; C0031256; C0031485; C0031542; C0032227; C0032285; C0032290; C0033117; C0033774; C0033975; C0034065; C0035078; C0035410; C0036104; C0037036; C0036572; C0036974; C0037383; C0037763; C0038220; C0038325; C0038358; C0038506; C1096340; C0038990; C0020458; C0039070; C0041657; C0039231; C0040034; C0040038; C0013922; C0340726; C0040046; C0040479; C0040822; C0041834; C0042023; C0042024; C0042075; C0041969; C0042109; C0042256; C1112214; C0042384; C0042510; C0042514; C0042571; C0042790; C3665347; C0042963; C0043094; C0043096; C0043144; C0043352; C0080274; C0085593; C0085602; C0085605; C0085606; C0085623; C0085631; C0086439; C0149725; C0149871; C0149937; C0151205; C0151611; C0151632; C0151636; C0151786; C0151798; C0151889; C0160390; C2242588; C0162287; C0162297; C0162429; C0178298; C0037274; C0220982; C0231218; C0234215; C2047937; C0231528; C0231530; C0232461; C0232487; C0234133; C0015371; C0234146; C0234233; C0234238; C0234518; C0235063; C0855775; C0235234; C0235290; C0013378; C0235378; C0235996; C0236071; C0239946; C0240925; C0020569; C0242339; C0242350; C0242422; C0242429; C2363730; C2363731; C0243026; C0267596; C0267792; C0270327; C0014394; C0271650; C0274702; C3160741; C0341047; C0344232; C0349506; C0162830; C0392156; C0392703; C0424000; C0424295; C0427086; C0013384; C0428977; C0497327; C0520806; C0542184; C0542223; C0003537; C0547030; C0549225; C0549448; C0600142; C0236075; C0686347; C0740394; C0235416; C0750394; C0751295; C0836924; C0855329; C0878544; C1258215; C1260880; C0027441; C1456784; C2711227; C2937350; C0235969,"Abdominal distension; Pancreatitis acute; Amnesia; Anaemia; Angina pectoris; Anorexia; Decreased appetite; Anxiety; Arrhythmia; Arthralgia; Musculoskeletal discomfort; Asthenia; Ataxia; Mental disorder; Bloodshot eye; Ocular hyperaemia; Bone marrow disorder; Bronchitis; Neoplasm malignant; Cataplexy; Chest pain; Cholestasis; Coma; Infection; Confusional state; Feeling abnormal; Constipation; Contusion; Cough; Cyanosis; Sudden death; Dysphagia; Delirium; Delusion; Depression; Dermatitis; Diabetes mellitus; Diarrhoea; Diuresis; Polyuria; Dizziness; Drowsiness; Somnolence; Drug abuse; Dysarthria; Osteoarthritis; Dysmenorrhoea; Dyspepsia; Dyspnoea; Ear disorder; Eczema; Oedema; Eosinophilia; Epilepsy; Epistaxis; Eructation; Erythema multiforme; Rash; Eye disorder; Eyelid disorder; Fatigue; Faecalith; Faecaloma; Body temperature increased; Gastroenteritis; Gastrointestinal disorder; Angle closure glaucoma; Hallucination; Headache; Cardiac arrest; Block heart; Atrioventricular block; Heart malformation; Heart disease congenital; Cardiac disorder; Cardiac failure; Heartburn; Haematemesis; Hepatitis; Hypercholesterolaemia; Hyperglycaemia; Diabetic hyperosmolar coma; Hypersensitivity; Hypertension; Hypertriglyceridaemia; Blood triglycerides increased; Hyperventilation; Hyponatraemia; Hypotension; Orthostatic hypotension; Body temperature decreased; Hypothermia; Incontinence; Insomnia NEC; Insomnia; Intestinal obstruction; Irritability; Jaundice; Jaundice cholestatic; Laryngitis; Lethargy; Leukocytosis; Leukopenia; Hepatic cirrhosis; Liver disorder; Hepatocellular injury; Foetor hepaticus; Breast pain; Mitral valve incompetence; Muscle rigidity; Mydriasis; Myocardial infarction; Acute coronary syndrome; Myoclonus; Nasal congestion; Nausea; Nephritis interstitial; Tubulointerstitial nephritis; Nervous system disorder; Neuroleptic malignant syndrome; Neutropenia; Nightmare; Numbness; Sensory loss; Hypoaesthesia; Nystagmus; Pain; Pallor; Palpitations; Pancreatitis; Ileus paralytic; Paraesthesia; Pericardial effusion; Pericarditis; Petechiae; Phenylketonuria; Phlebitis; Pleural effusion; Pneumonia; Pneumonia aspiration; Priapism; Pruritus; Psychotic disorder; Pulmonary embolism; Renal failure; Rhabdomyolysis; Salivation; Salivary hypersecretion; Convulsion; Shock; Sneezing; Muscle spasms; Status epilepticus; Stevens-Johnson syndrome; Gastric ulcer; Stuttering; Dysphemia; Sweating; Hyperhidrosis; Syncope; Loss of consciousness; Tachycardia; Thrombocytopenia; Thromboembolism; Embolism; Embolism venous; Thrombophlebitis; Torsade de pointes; Tremor; Erythema; Pollakiuria; Urinary incontinence; Urinary tract disorder; Urethral disorder; Urticaria; Vaginal itching; Vulvovaginal pruritus; Vasculitis; Ventricular fibrillation; Ventricular tachycardia; Vertigo; Disorder sight; Visual impairment; Vomiting; Weight increased; Weight decreased; Wheezing; Dry mouth; Urinary retention; Chills; Polydipsia; Hepatic failure; Micturition urgency; Akinesia; Agitation; Hypokinesia; Lower respiratory tract infection; Deep vein thrombosis; Acute interstitial nephritis; Periorbital oedema; Electroencephalogram abnormal; Red blood cell sedimentation rate increased; Ventricular extrasystoles; Muscular weakness; Hepatic necrosis; Hyperreflexia; Liver injury; Traumatic liver injury; Abnormal faeces; Respiratory arrest; Malnutrition; Unspecified disorder of skin and subcutaneous tissue; Skin disorder; Ketoacidosis; Malaise; Discomfort; Ill-defined disorder; Myalgia; Muscle twitching; Increased appetite; Abdominal discomfort; Extrapyramidal symptoms; Extrapyramidal disorder; Areflexia; Tenderness; Ache; Slurred speech; Respiratory depression; Pulmonary function test decreased; Dry throat; Taste bitter; Dysgeusia; Hepatotoxicity; Hepatic enzyme increased; Throat tightness; Hepatic fibrosis; Salivary gland swelling; Salivary gland enlargement; Dyslipidaemia; Erectile dysfunction; Parkinsonism; Throat sore; Oropharyngeal discomfort; Oropharyngeal pain; Sepsis; Rectal haemorrhage; Hepatobiliary disease; Nocturnal enuresis; Enuresis; Glucose tolerance impaired; Cholinergic syndrome; Toxicity to various agents; Parotid gland enlargement; Vision blurred; Photosensitivity; Photosensitivity reaction; Akathisia; Shakiness; Suicidal ideation; Hyperkinesia; Movements involuntary; Dyskinesia; Bradycardia; Dementia; Sudden death, cause unknown; Reaction gastrointestinal; Speech loss; Aphasia; Visual disturbance; Myasthenic syndrome; Haemoglobin increased; Hot flush; Menopausal symptoms; Tardive dyskinesia; Hyperuricaemia; Blood uric acid increased; Urinary abnormalities; White blood cell count decreased; Memory loss; Thrombocytosis; Blood and lymphatic system disorders; Electrocardiogram change; Cardiomyopathy; Ileus; Rhinorrhoea; Nasopharyngitis; Paranoia; Hepatic steatosis; Abnormal ejaculation; Ejaculation disorder"
DB00145,Glycine,A non-essential amino acid. It is found primarily in gelatin and silk fibroin and used therapeutically as a nutrient. It is also a fast inhibitory neurotransmitter.,direct,B05CX03,CID000000750,LLT; PT,C0001122; C0002962; C0004604; C0007222; C0009421; C0011175; C0011991; C0012254; C3160741; C0012797; C0032617; C0013604; C0020517; C0020625; C0020649; C0024115; C0027497; C0030193; C0035455; C0036104; C0037036; C0036572; C0039231; C0039971; C0040046; C0042109; C0042571; C0042963; C0080274; C0085584; C0085593; C0155003; C0220870; C0012833; C0220994; C0242073; C0948349; C0267994; C0342579; C0344232; C0546817; C0547030; C3665347,"Acidosis; Angina pectoris; Back pain; Cardiovascular disorder; Coma; Dehydration; Diarrhoea; Digitalis toxicity; Toxicity to various agents; Diuresis; Polyuria; Oedema; Hypersensitivity; Hyponatraemia; Hypotension; Lung disorder; Nausea; Pain; Rhinitis; Salivation; Salivary hypersecretion; Convulsion; Tachycardia; Thirst; Thrombophlebitis; Urticaria; Vertigo; Vomiting; Urinary retention; Encephalopathy; Chills; Blindness transient; Lightheadedness; Dizziness; Hyperammonaemia; Pulmonary congestion; Respiratory tract congestion; Disorders of fluid, electrolyte and acid-base balance; Electrolyte imbalance; Vision blurred; Fluid overload; Visual disturbance; Visual impairment"
DB00184,Nicotine,Nicotine is highly toxic alkaloid. It is the prototypical agonist at nicotinic cholinergic receptors where it dramatically stimulates neurons and ultimately blocks synaptic transmission. Nicotine is also important medically because of its presence in tobacco smoke.,direct,N07BA01,CID000000942; CID000089594,LLT; PT,C0004238; C0010200; C0012833; C0018681; C0019521; C0027424; C0027497; C0030252; C0038363; C0042963; C0853813; C0917801; C1096250; C0232487; C0000737; C0687713; C0002622; C0002792; C0002994; C0003467; C0003537; C0003811; C0003862; C0948594; C0003864; C0004093; C0004604; C0004936; C0005758; C0085932; C0006266; C0006277; C0008031; C0009676; C1443060; C0009806; C0010692; C0403632; C0232849; C0011168; C0011991; C0013146; C0013378; C0013390; C0013395; C0013404; C0013456; C0013604; C0014591; C0014724; C0015230; C0011603; C0015672; C0015967; C0016204; C0016382; C0017178; C0017574; C0018799; C0018801; C0018834; C0019345; C0341012; C0019825; C1527344; C0020517; C0020538; C0020649; C0021053; C0021400; C0022107; C0023218; C0037763; C0025061; C0025345; C0027765; C0027769; C0233494; C0028043; C0028643; C0278134; C0020580; C0030193; C0030232; C0030554; C0031350; C0033774; C0035232; C0035455; C0036104; C0037036; C0036572; C0036974; C0037199; C0037317; C0851578; C0037383; C0038358; C0038362; C0038367; C0149745; C0038587; C0038661; C0852733; C0039070; C0041657; C0039231; C0040128; C0040409; C0040435; C0040460; C0040822; C0041834; C0042109; C0042571; C0043094; C0043352; C0085624; C0085631; C0085632; C0233471; C0085633; C0233472; C0085649; C0149931; C0151505; C0162287; C0221423; C0231218; C0234215; C2047937; C0231528; C0231530; C0232292; C0235710; C0232431; C0232461; C0232492; C0233794; C0234131; C0234233; C0235198; C1306341; C0233414; C0235266; C0235966; C0234458; C0236000; C0238311; C0275378; C0240557; C0858259; C0264267; C0277794; C0332575; C0340464; C0392171; C0521839; C0399459; C0439857; C0497247; C0520966; C0542203; C0268000; C0600142; C0236075; C0700184; C0700590; C0020458; C0702166; C0853619; C0858635; C0549373; C1145670; C1167842; C1260880; C0027441; C1268766; C0549405; C2242996; C2830004; C3257803; C0152227; C3665386; C3665347,Atrial fibrillation; Cough; Dizziness; Headache; Hiccups; Nasal congestion; Nausea; Palpitations; Aphthous stomatitis; Vomiting; Local reaction; Insomnia; Gastrointestinal discomfort; Abdominal discomfort; Abdominal pain; Gastrointestinal pain; Amnesia; Anaphylactic shock; Angioedema; Anxiety; Aphasia; Arrhythmia; Arthralgia; Musculoskeletal discomfort; Arthritis; Asthenia; Back pain; Mental disorder; Blister; Dermatitis bullous; Bronchospasm; Bronchitis; Chest pain; Confusional state; Feeling abnormal; Constipation; Cystitis; Cystitis noninfective; Bladder pain; Dysphagia; Diarrhoea; Drug abuse; Dysgeusia; Dysmenorrhoea; Dyspepsia; Dyspnoea; Ear pain; Oedema; Epistaxis; Eructation; Rash; Dermatitis; Fatigue; Body temperature increased; Flatulence; Flushing; Gastrointestinal disorder; Gingivitis; Cardiac disorder; Cardiac failure; Heartburn; Herpes labialis; Oral herpes; Hoarseness; Dysphonia; Hypersensitivity; Hypertension; Hypotension; Immune system disorder; Influenza; Irritability; Cramps of lower extremities; Muscle spasms; Mediastinal disorder; Menstrual disorder; Nervous system disorder; Nervousness; Tension; Nicotine dependence; Numbness; Sensory loss; Hypoaesthesia; Pain; Pallor; Paraesthesia; Pharyngitis; Pruritus; Respiratory paralysis; Rhinitis; Salivation; Salivary hypersecretion; Convulsion; Shock; Sinusitis; Sleep disturbance; Sleep disorder; Sneezing; Gastric ulcer; Stomatitis; Ulcerative stomatitis; Mouth ulceration; Withdrawal syndrome; Suicide; Completed suicide; Syncope; Loss of consciousness; Tachycardia; Thyroid disorder; Tongue disorder; Tooth disorder; Toothache; Tremor; Erythema; Urticaria; Vertigo; Weight increased; Dry mouth; Burning sensation; Agitation; Apathy; Flat affect; Mood swings; Affect lability; Oedema peripheral; Migraine; Application site reaction; Abnormal faeces; Sickness; Malaise; Discomfort; Ill-defined disorder; Myalgia; Muscle twitching; Chest tightness; Chest discomfort; Cold sweat; Increased appetite; Abdominal pain upper; Memory impairment; Motor dysfunction; Tenderness; Cerebration impaired; Mental disability; Disturbance in attention; Eye irritation; Dreaming excessive; Abnormal dreams; Pain in jaw; Nicotine poisoning; Tobacco poisoning; Nasal irritation; Nasal discomfort; Nasal ulcer; Prostration; Redness; Extrasystoles; Influenza-like symptoms; Influenza like illness; Oral discomfort; Dependence; Blood pressure increased; Coordination abnormal; Water retention; Fluid retention; Hot flush; Menopausal symptoms; Throat irritation; Sweating increased; Hyperhidrosis; Acne; Local swelling; Pharyngolaryngeal pain; Laryngeal pain; Respiratory failure; Tobacco withdrawal symptoms; Rhinorrhoea; Nasopharyngitis; Change in blood pressure; Blood pressure fluctuation; Tingling sensation; Somnolence; Tearing eyes; Lacrimation increased; Abnormal vision; Visual impairment
DB00185,Cevimeline,Cevimeline is a parasympathomimetic agent that act as an agonist at the muscarinic acetylcholine receptors M1 and M3. It is indicated by the Food and Drug Administration for the treatment of dry mouth associated with Sjögren's syndrome.,direct,N07AX03,CID000083898,LLT; PT,C0000737; C0687713; C0000833; C0001824; C0001925; C0002170; C0002453; C0002622; C0002871; C0002884; C0002962; C0003123; C0232462; C0003467; C0003537; C0003578; C0003615; C0003811; C0003862; C0948594; C0003864; C0004093; C0004096; C0004144; C0032326; C0004604; C0004623; C0005741; C0005940; C0006266; C0006277; C0006384; C0006444; C0006840; C0007117; C0007137; C0007222; C0007286; C0007642; C0008031; C0008301; C0008325; C0008350; C0009324; C0033247; C0009421; C0009450; C0009676; C1443060; C0009763; C0009806; C0010038; C0010043; C0010200; C0010692; C0403632; C0232849; C0011053; C0011168; C0011175; C0011206; C0011253; C0011334; C0011551; C0011603; C0011616; C0011644; C0011849; C0011991; C0012569; C0012691; C0012813; C0012833; C0013298; C0013378; C0013384; C0013390; C0013395; C0013404; C0013428; C0013456; C0013595; C0013604; C0014130; C0014356; C0014457; C0014534; C0014591; C0014724; C0014866; C0014868; C0015230; C0015393; C0015397; C0015402; C0015403; C0015544; C0015672; C0015967; C0016204; C0016382; C0016479; C0016867; C0242301; C0017152; C0017160; C0017168; C0017181; C0017566; C0017574; C0017601; C0017675; C0017677; C0017979; C0018021; C0018099; C0018524; C0018681; C0018772; C1384666; C0018799; C0018800; C0018808; C0018843; C0018939; C0018944; C0018965; C0019079; C0019080; C0518015; C0019112; C0019348; C0019360; C0019521; C0020437; C0020443; C0020453; C0020456; C0020461; C0020473; C0020517; C0020538; C0020557; C0853692; C0020569; C0020580; C0020615; C0020621; C0020625; C0020649; C0020651; C0020676; C0020903; C0021843; C0022104; C0559031; C0022408; C0029408; C0022568; C0022573; C0022650; C0392525; C0023067; C0023218; C0037763; C0023222; C0030196; C0023518; C0023530; C0023533; C0227791; C0023646; C0024117; C0085129; C0024282; C0025222; C0025323; C0025345; C0025874; C0026603; C0026769; C0026826; C0026857; C0026946; C0026961; C0027051; C0948089; C0027092; C0027339; C0027497; C0027651; C0027720; C0027726; C0027765; C0027796; C0027932; C0028084; C0028734; C0028961; C0029163; C0029443; C0029456; C0029882; C0029927; C0029928; C0030193; C0030201; C1619712; C0030232; C0030252; C0030554; C0030578; C0030920; C0031046; C0031212; C0031350; C0032227; C0032231; C0032285; C0032617; C1167965; C0032788; C0919874; C0033575; C0033774; C0033777; C0034065; C0034069; C0034150; C1368065; C0034186; C0034359; C0034882; C0687707; C0035309; C0035455; C0035854; C0036416; C0036508; C0036572; C0037023; C0037036; C0037199; C0037274; C0037299; C0037822; C0038358; C0038362; C0038367; C0149745; C0039070; C0041657; C0036974; C0039103; C0039231; C0039240; C0039503; C0039520; C0039971; C0040034; C0040046; C0040213; C0040261; C0040264; C0040409; C0040435; C0040460; C0040822; C0041912; C0041969; C0042023; C0042024; C0042029; C0042035; C0042109; C0042134; C0042267; C0404521; C0042373; C0042384; C0042571; C0042721; C0042769; C0042907; C0042963; C0043037; C0347390; C0043094; C0043096; C0043251; C3263723; C0043349; C0043387; C0079043; C0080274; C0080276; C0085631; C0085632; C0233471; C0085633; C0233472; C0085635; C0085649; C0086543; C0149756; C0149931; C0151205; C0151479; C0151539; C0151596; C0151613; C0342579; C0853748; C0151622; C0151717; C0151746; C1565489; C0151772; C0338831; C0151786; C0151825; C0151826; C0151827; C0151836; C1456784; C0151849; C0852911; C0151854; C0005818; C0151888; C0151905; C0151907; C0151908; C0162429; C0162830; C0162848; C1274594; C0221345; C0221392; C0149836; C0231218; C0234215; C2047937; C0231528; C0232286; C0232461; C0232726; C2242737; C0034886; C0233632; C1306341; C0234913; C0235086; C0235338; C0235351; C0235490; C0235592; C0497156; C0235639; C0438142; C0235750; C0235762; C0003873; C0235818; C0085932; C0235847; C0235573; C0235848; C0232431; C0235876; C0011570; C0235889; C0235893; C0235939; C0010399; C0235972; C0236023; C0236065; C0237849; C0241705; C0242073; C0948349; C0242350; C0243026; C0264267; C0267988; C0274702; C3160741; C0278008; C0333355; C0340464; C0343863; C0392025; C0000731; C0392171; C0521839; C0392699; C0409974; C0024141; C0410480; C0029445; C0424295; C0424790; C0085593; C0442874; C0031117; C0497327; C0520888; C0520966; C0522055; C0522224; C0542571; C0549391; C0549405; C0549418; C0549433; C0543467; C0549622; C0553713; C0024902; C0558489; C0575081; C0600142; C0236075; C0700590; C0020458; C0701821; C0740394; C0235416; C0750876; C0836924; C0857305; C0870082; C0917801; C1258215; C1457883; C0001807; C1458155; C1510410; C1527344; C2830004; C2979982; C3665386; C3665347,Abdominal pain; Gastrointestinal pain; Abscess; Agranulocytosis; Albuminuria; Alopecia; Amenorrhoea; Amnesia; Anaemia; Hypochromic anaemia; Angina pectoris; Anorexia; Decreased appetite; Anxiety; Aphasia; Apnoea; Appendicitis; Arrhythmia; Arthralgia; Musculoskeletal discomfort; Arthritis; Asthenia; Asthma; Atelectasis; Pneumothorax; Back pain; Bacterial infection; Blepharitis; Bone disorder; Bronchospasm; Bronchitis; Bundle branch block; Bursitis; Candida infection; Basal cell carcinoma; Squamous cell carcinoma; Cardiovascular disorder; Carpal tunnel syndrome; Cellulitis; Chest pain; Choking; Cholecystitis; Cholelithiasis; Colitis ulcerative; Proctocolitis; Coma; Infection; Confusional state; Feeling abnormal; Conjunctivitis; Constipation; Corneal opacity; Ulcerative keratitis; Cough; Cystitis; Cystitis noninfective; Bladder pain; Deafness; Dysphagia; Dehydration; Delirium; Delusion; Dental caries; Depersonalisation; Dermatitis; Dermatitis contact; Scleroderma; Diabetes mellitus; Diarrhoea; Diplopia; Joint dislocation; Diverticulitis; Dizziness; Duodenitis; Dysgeusia; Dyskinesia; Dysmenorrhoea; Dyspepsia; Dyspnoea; Dysuria; Ear pain; Eczema; Oedema; Endocrine disorder; Enterocolitis; Eosinophilia; Epididymitis; Epistaxis; Eructation; Oesophageal stenosis; Oesophagitis; Rash; Congenital eye disorder; Eye disorder; Eye haemorrhage; Eye infection; Failure to thrive; Fatigue; Body temperature increased; Flatulence; Flushing; Food poisoning; Furunculosis; Furuncle; Gastritis; Gastroenteritis; Gastrooesophageal reflux disease; Gastrointestinal haemorrhage; Gingival hyperplasia; Gingivitis; Glaucoma; Glossitis; Tongue geographic; Glycosuria; Goitre; Gout; Hallucination; Headache; Partial hearing loss; Hearing impaired; Cardiac disorder; Cardiomegaly; Cardiac murmur; Heat stroke; Blood disorder; Haematoma; Haematuria; Haemoptysis; Haemorrhage; Haemoglobin; Haemorrhoids; Herpes simplex; Herpes zoster; Hiccups; Hypercalcaemia; Hypercholesterolaemia; Hyperaesthesia; Hyperglycaemia; Hyperkalaemia; Hyperlipidaemia; Hypersensitivity; Hypertension; Hypertriglyceridaemia; Blood triglycerides increased; Salivary gland enlargement; Hypoaesthesia; Hypoglycaemia; Hypokalaemia; Hyponatraemia; Hypotension; Orthostatic hypotension; Hypothyroidism; Illusion; Intestinal obstruction; Irritable bowel syndrome; Functional gastrointestinal disorder; Arthropathy; Osteoarthritis; Keratitis; Keratoconjunctivitis; Calculus of kidney; Nephrolithiasis; Laryngitis; Cramps of lower extremities; Muscle spasms; Leg pain; Pain in extremity; Leukocytosis; Leukopenia; Leukorrhea; Vaginal discharge; Lichen planus; Chronic obstructive pulmonary disease; Bronchial hyperreactivity; Lymphocytosis; Melaena; Menorrhagia; Menstrual disorder; Metrorrhagia; Motion sickness; Multiple sclerosis; Hypertonia; Musculoskeletal disorder; Fungal infection; Mydriasis; Myocardial infarction; Acute coronary syndrome; Myopia; Nail disorder; Nausea; Neoplasm; Nephrosis; Nephrotic syndrome; Nervous system disorder; Neuralgia; Neurosis; Nightmare; Nocturia; Oliguria; Mouth haemorrhage; Osteomyelitis; Osteoporosis; Otitis media; Ovarian cyst; Ovarian disorder; Pain; Postoperative pain; Procedural pain; Pallor; Palpitations; Paraesthesia; Paronychia; Peptic ulcer; Pericarditis; Personality disorder; Pharyngitis; Pleural effusion; Pleurisy; Pneumonia; Polyuria; Urine output increased; Postoperative hemorrhage; Post procedural haemorrhage; Prostatic disorder; Pruritus; Pruritus genital; Pulmonary embolism; Pulmonary fibrosis; Purpura; Vascular purpura; Pyelonephritis; Pyuria; Rectal disorder; Anorectal disorder; Retinal disorder; Rhinitis; Rosacea; Scleritis; Seborrhoeic dermatitis; Convulsion; Sialoadenitis; Salivary hypersecretion; Sinusitis; Skin disorder; Skin ulcer; Speech disorder; Gastric ulcer; Stomatitis; Ulcerative stomatitis; Mouth ulceration; Syncope; Loss of consciousness; Shock; Synovitis; Tachycardia; Supraventricular tachycardia; Tendonitis; Tenosynovitis; Thirst; Thrombocytopenia; Thrombophlebitis; Costochondritis; Onychomycosis; Tinnitus; Tongue disorder; Tooth disorder; Toothache; Tremor; Upper respiratory tract infection; Urethral disorder; Pollakiuria; Urinary incontinence; Urinary tract infection; Micturition disorder; Urticaria; Uterine haemorrhage; Vaginal inflammation; Vaginal infection; Angiopathy; Vasculitis; Vertigo; Hepatitis viral; Viral infection; Vitreous detachment; Vomiting; Common wart; Skin papilloma; Weight increased; Weight decreased; Trauma; Injury; Xerophthalmia; Yawning; Bronchoconstriction; Urinary retention; Urogenital disorder; Agitation; Apathy; Flat affect; Mood swings; Affect lability; Photopsia; Oedema peripheral; Cataract; Plantar fasciitis; Migraine; Periorbital oedema; Amylase increased; Blood urea increased; Tongue discolouration; Electrolyte abnormality; Electrolyte imbalance; Blood electrolytes abnormal; Endometrial disorder; Skin hypertrophy; Kidney function abnormal; Renal impairment; Manic psychosis; Mania; Muscular weakness; Bone pain; Retrosternal pain; Eye pain; Paranoid reaction; Paranoia; Phosphatase alkaline increased; Blood alkaline phosphatase increased; Abnormal platelets; Platelet disorder; Hyporeflexia; Alanine aminotransferase increased; Skin discolouration; Dry skin; Malnutrition; Photosensitivity reaction; Eruption lichenoid; Lichenoid keratosis; Nail discolouration; Vaginitis atrophic; Atrophic vulvovaginitis; Malaise; Discomfort; Ill-defined disorder; Myalgia; Precordial pain; Increased appetite; Rectal tenesmus; Anorectal discomfort; Proctalgia; Thinking abnormal; Mental disability; Rash erythematous; Muscle contractions involuntary; Salivary gland pain; Tongue ulceration; Peripheral ischaemia; Lymphadenopathy cervical; Lymphadenopathy; Urine abnormality; Urine analysis abnormal; Hypertension worsened; Rheumatoid arthritis aggravated; Rheumatoid arthritis; Bullous eruption; Dermatitis bullous; Hyperhemoglobinemia; Haemoglobinaemia; Skin cold clammy; Cold sweat; Depression aggravated; Depression; Arthritis aggravated; Allergy aggravated; Crying abnormal; Crying; Retinal deposits; Periodontal destruction; Oedema mouth; Skin exfoliation; Strangury; Pulmonary congestion; Respiratory tract congestion; Erectile dysfunction; Sepsis; Nasal ulcer; Hyperproteinaemia; Cholinergic syndrome; Toxicity to various agents; Change of bowel habit; Mucosal inflammation; Extrasystoles; Genital candidiasis; Enlargement abdomen; Abdominal distension; Influenza-like symptoms; Influenza like illness; Dysaesthesia; Lupus erythematosus; Systemic lupus erythematosus; Avascular necrosis femoral head; Osteonecrosis; Hyperkinesia; Rigors; Chills; Neuropathy; Neuropathy peripheral; Dementia; Electrocardiogram T wave inversion; Coordination abnormal; Electrocardiogram abnormal; Paralysis; Face oedema; Bladder discomfort; Blood pressure fluctuation; Urine flow decreased; Surgical intervention; Surgery; Sexual dysfunction; Breast pain female; Breast pain; Renal pain; Gait disturbance; Hot flush; Menopausal symptoms; Sweating increased; Hyperhidrosis; Onychia; Hyperuricaemia; Blood uric acid increased; Phlebitis superficial; Thrombocytosis; Thrombocytopenic purpura; Hyperkeratosis; Insomnia; Ileus; Aggressive reaction; Aggression; Breast neoplasm; Parosmia; Dysphonia; Somnolence; Vaginal haemorrhage; Abnormal vision; Visual impairment
DB00193,Tramadol,"Tramadol is a centrally acting synthetic opioid analgesic and SNRI (serotonin/norepinephrine reuptake-inhibitor) that is structurally related to [codeine] and [morphine]. Due to its good tolerability profile and multimodal mechanism of action, tramadol is generally considered a lower-risk opioid option for the treatment of moderate to severe pain. It is considered a Step 2 option on the World Health Organization's pain ladder and has about 1/10th of the potency of [morphine]. 

Tramadol differs from other traditional opioid medications in that it doesn't just act as a μ-opioid agonist, but also affects monoamines by modulating the effects of neurotransmitters involved in the modulation of pain such as serotonin and norepinpehrine which activate descending pain inhibitory pathways.[A182279] Tramadol's effects on serotonin and norepinephrine mimic the effects of other SNRI antidepressants such as [duloxetine] and [venlafaxine].

Tramadol exists as a racemic mixture consisting of two pharmacologically active enantiomers that both contribute to its analgesic property through different mechanisms and are also themselves metabolized into active metabolites: (+)-tramadol and its primary metabolite (+)-O-desmethyl-tramadol (M1) are agonists of the μ opioid receptor while (+)-tramadol inhibits serotonin reuptake and (-)-tramadol inhibits norepinephrine reuptake. These pathways are complementary and synergistic, improving tramadol's ability to modulate the perception of and response to pain.[A4269,A183842] 

Tramadol has also been shown to affect a number of other pain modulators within the central nervous system as well as non-neuronal inflammatory markers and immune mediators.[A183728,A183734,A183761,A17159,A182300] Due to the broad spectrum of targets involved in pain and inflammation, it's not surprising that the evidence has shown that tramadol is effective for a number of pain types including neuropathic pain, post-operative pain, lower back pain, as well as pain associated with labour, osteoarthritis, fibromyalgia, and cancer. Due to its SNRI activity, tramadol also has anxiolytic, antidepressant, and anti-shivering effects which are all frequently found as comorbidities with pain.[A182300]

Similar to other opioid medications, tramadol poses a risk for development of tolerance, dependence and abuse. If used in higher doses, or with other opioids, there is a dose-related risk of overdose, respiratory depression, and death.[A183830,F4679] However, unlike other opioid medications, tramadol use also carries a risk of seizure and serotonin syndrome, particularly if used with other serotonergic medications.[A183836,A179926]",direct,N02AJ16;N02AJ13;N02AJ14;N02AX02,,,,
DB00201,Caffeine,"Caffeine is a drug of the methylxanthine class used for a variety of purposes, including certain respiratory conditions of the premature newborn, pain relief, and to combat drowsiness. Caffeine is similar in chemical structure to [Theophylline] and [Theobromine].[A187691,L9851] It can be sourced from coffee beans, but also occurs naturally in various teas and cacao beans, which are different than coffee beans.[T716] Caffeine is also used in a variety of cosmetic products and can be administered topically, orally, by inhalation, or by injection.[T716]

The caffeine citrate injection, used for apnea of the premature newborn, was initially approved by the FDA in 1999.[L9863] According to an article from 2017, more than 15 million babies are born prematurely worldwide. This correlates to about 1 in 10 births. Premature birth can lead to apnea and bronchopulmonary dysplasia, a condition that interferes with lung development and may eventually cause asthma or early onset emphysema in those born prematurely.[A187694] Caffeine is beneficial in preventing and treating apnea and bronchopulmonary dysplasia in newborns, improving the quality of life of premature infants.[T716]",direct,D11AX26;R03DA20;V04CG30;N06BC01,,,,
DB00202,Succinylcholine,"Succinylcholine is a depolarizing skeletal muscle relaxant consisting of two molecules of the endogenous neurotransmitter [acetylcholine] (ACh) linked by their acetyl groups.[A19054] It has been widely used for over 50 years,[A299] most commonly in its chloride salt form, as a means of neuromuscular blockade during intubation and surgical procedures. Its rapid onset and offset, with effects beginning within 60 seconds of intravenous administration and lasting between four to six minutes, make succinylcholine particularly useful in the setting of short medical procedures requiring brief periods of muscle relaxation.[L9004]",direct,M03AB01,CID000005314,LLT; PT,C0002792; C0003578; C0003811; C0006266; C0015230; C0011603; C0015644; C0235086; C0015967; C0016382; C0018790; C0020461; C0020517; C0020538; C0020649; C0022660; C0026826; C0026837; C0026896; C0027080; C0853875; C0032708; C0034063; C0035078; C0035410; C0036974; C0037036; C0039231; C0039242; C0041105; C0042109; C0042510; C0231528; C0948594; C0234708; C0235063; C0855775; C0235567; C1262144; C0340865; C0428977; C1142397; C1145670,Anaphylactic shock; Apnoea; Arrhythmia; Bronchospasm; Rash; Dermatitis; Fasciculation; Muscle contractions involuntary; Body temperature increased; Flushing; Cardiac arrest; Hyperkalaemia; Hypersensitivity; Hypertension; Hypotension; Renal failure acute; Hypertonia; Muscle rigidity; Myasthenia gravis; Myoglobinuria; Myoglobin urine present; Porphyrin metabolism disorder; Pulmonary oedema; Renal failure; Rhabdomyolysis; Shock; Salivary hypersecretion; Tachycardia; Tachyphylaxis; Trismus; Urticaria; Ventricular fibrillation; Myalgia; Musculoskeletal discomfort; Intraocular pressure increased; Respiratory depression; Pulmonary function test decreased; Sputum increased; Increased bronchial secretion; Anaphylactoid reaction; Bradycardia; Myoglobinaemia; Respiratory failure
DB00209,Trospium,"Trospium is an antispasmodic agent used to treat the symptoms of overactive bladder, a condition that causes the bladder muscles to contract uncontrollably.[L6208] An overactive bladder leads to an increased urge to urinate, frequent urination, and sometimes, loss of control over urination.[L6208]  Trospium is manufactured by _Indevus Pharmaceutical Inc._ and was granted FDA approval in 2007.[L6211]",direct,A03DA06;G04BD09,,,,
DB00237,Butabarbital,"Butabarbital, or Butisol, is a fast onset barbiturate with short duration of action compared to other barbiturates.[A201977,L13613] This makes butabarbital a useful drug for treating severe insomnia and pre-operative anxiety.[A201977,L13613] Butabarbital is less commonly used in recent years, as more patients are typically prescribed benzodiazepines.[A19735] Its short duration of action gives butabarbital a high abuse potential, comparable to [secobarbital].[A201977,A201980]

Butabarbital was granted FDA approval on 5 June 1939.[L13613]",direct,N05CB01,,,,
DB00246,Ziprasidone,"Disorders such as schizophrenia and bipolar disorder can significantly impair mood, cognition, and behavior.[A190525] These mental illnesses can often be accompanied by comorbidities such as depression and substance abuse, and can significantly impact the quality of life of patients and caregivers.[A190525] Luckily, several treatment options for psychotic disorders have been introduced to market since the realization of chlorpromazine's antipsychotic properties in 1952.[A190525] 

Second generation antipsychotics (commonly referred to as atypical antipsychotics) include [clozapine], [quetiapine], [olanzapine], [aripiprazole] and [ziprasidone] among others, and are generally thought to be as efficacious as first generation antipsychotics but differ in their adverse effect profiles.[A190525,A190534] First generation antipsychotics are associated with extrapyramidal adverse effects while atypical antipsychotics are linked to weight gain, impaired glucose tolerance and metabolic syndrome.[A190534,A190537] 

Ziprasidone is used to treat schizophrenia and bipolar disorder.[A180748] It can effectively reduce the rate and time of relapses in schizophrenia, and can be used to treat manic episodes in bipolar disorder although the mechanism of action is unknown.[A180748] Although ziprasidone is classified as an atypical antipsychotic, it appears to have a lower incidence of metabolic adverse effects compared to other medications in the same class.[A190525]",direct,N05AE04,CID000060853,LLT; PT,C0000737; C0687713; C0001925; C0002064; C0002170; C0002395; C0002418; C0002453; C0002622; C0002871; C0002884; C0002962; C0002994; C0003123; C0232462; C0003467; C0003811; C0003862; C0948594; C0004093; C0004134; C0004238; C0004245; C0004604; C0004936; C0005741; C0006145; C0006147; C0006384; C0007785; C0008031; C0009450; C0009676; C1443060; C0009763; C0009782; C0009806; C0011168; C0011175; C0011206; C0011606; C0011615; C0011616; C0011630; C0011991; C0012569; C0012833; C0013132; C0013146; C0013362; C0029408; C0013384; C0013390; C0013395; C0013404; C0013428; C0013456; C0013491; C0013595; C0014394; C0014457; C0014591; C0014858; C0015230; C0011603; C0015371; C0015397; C0015402; C0015672; C0015734; C1321686; C0015967; C0016199; C0016204; C0016867; C0242301; C0017152; C0017168; C0017178; C0017565; C0017979; C0018099; C0018418; C0018681; C0018799; C0018800; C0018818; C0018843; C0018926; C0018965; C0019079; C0019080; C0518015; C0019158; C0019209; C0019521; C0020039; C0020443; C0020456; C0020461; C0020473; C0020505; C0020514; C0020517; C0020538; C0020550; C0020580; C0020598; C0020615; C0020621; C0020625; C0020639; C0020649; C0020651; C0020672; C0413252; C0020676; C0021053; C0021400; C0022281; C0022346; C0022354; C0022408; C0022568; C0022573; C0022638; C0022660; C0023066; C0023380; C0023518; C0023530; C0023532; C0024236; C0024282; C0025061; C0025222; C0025323; C0025874; C0026650; C0026821; C0037763; C0026826; C0026827; C1142135; C0026837; C0026848; C0027059; C0027066; C0027080; C0853875; C0027497; C0027651; C0027765; C0027849; C0028084; C0028734; C0028738; C0028961; C0030196; C0030252; C0030552; C0030554; C0031212; C0031350; C0031542; C0032285; C0032290; C0032461; C0032617; C1167965; C0032961; C0033117; C0033860; C0033975; C0034065; C0035243; C0035258; C0035410; C0035455; C0036454; C0037036; C0037672; C0037822; C0038454; C0038587; C0038661; C0852733; C0038663; C0038990; C0020458; C0039070; C0041657; C0036974; C0039231; C0039520; C0039971; C0040034; C0040046; C0040147; C0040264; C0040435; C0040479; C0040485; C0040822; C0041105; C0041667; C0041834; C0041912; C0042024; C0042075; C0041969; C0042109; C0042134; C0042373; C0042401; C1142412; C0042571; C0042963; C0043094; C0043096; C0043352; C0080274; C0085583; C0085593; C0085602; C0085614; C0085615; C0085623; C0085631; C0085636; C0085637; C0085649; C0085679; C0085680; C0085702; C0086439; C0086543; C0086769; C0151538; C0151539; C0151564; C0151576; C0853034; C0151578; C0235431; C0151602; C0151610; C0040409; C0151662; C0151671; C0151718; C0151723; C0151736; C3263723; C0151752; C0235660; C0151754; C0853149; C0151765; C2711227; C0151766; C0151818; C0151828; C0151838; C0521591; C0151849; C0852911; C0151883; C0085932; C0085641; C0151889; C0152030; C0162298; C0162429; C0162830; C0178298; C0037274; C0220870; C0231528; C0231530; C0232461; C0232910; C0233414; C0233471; C0233565; C0234022; C0234133; C0234987; C0235996; C0236051; C0013220; C0236068; C0236071; C0241863; C0011849; C0241934; C0242350; C0242422; C0242429; C2363730; C2363731; C0243026; C0262385; C0267596; C0271710; C0278061; C0278079; C1510472; C0278080; C0439857; C0314719; C0338831; C0344232; C0392156; C0392676; C0392684; C0237314; C0423791; C0424295; C0427055; C0919980; C0428977; C0442874; C0031117; C0494475; C0014549; C0497156; C0520966; C0522224; C0522351; C0541941; C0542571; C0547030; C3665347; C0549433; C0543467; C0554976; C0574067; C0010200; C0575081; C0686347; C0687133; C0694536; C0699828; C0700590; C0702166; C0702266; C0740394; C0235416; C0747979; C0854082; C0836924; C0851341; C1384353; C0853644; C0855333; C0151878; C0856623; C0857980; C0863093; C0027441; C0917799; C0917801; C0920289; C0948525; C0948807; C0023895; C1096250; C0232487; C1112442; C1112443; C1263960; C0853011; C1320835; C1519353; C1565489; C0035078; C1861172; C0340726; C2129214; C2240374; C2830004; C2937350; C0235969; C2939147; C2979982; C3665386,Abdominal pain; Gastrointestinal pain; Albuminuria; Respiratory alkalosis; Alopecia; Dementia Alzheimer's type; Amblyopia; Amenorrhoea; Amnesia; Anaemia; Hypochromic anaemia; Angina pectoris; Angioedema; Anorexia; Decreased appetite; Anxiety; Arrhythmia; Arthralgia; Musculoskeletal discomfort; Asthenia; Ataxia; Atrial fibrillation; Atrioventricular block; Back pain; Mental disorder; Blepharitis; Breast disorder; Breast feeding; Bundle branch block; Cerebral infarction; Chest pain; Infection; Confusional state; Feeling abnormal; Conjunctivitis; Connective tissue disorder; Constipation; Dysphagia; Dehydration; Delirium; Dermatitis exfoliative; Dermatitis atopic; Dermatitis contact; Fungal skin infection; Diarrhoea; Diplopia; Dizziness; Drooling; Drug abuse; Dysarthria; Osteoarthritis; Dyskinesia; Dysmenorrhoea; Dyspepsia; Dyspnoea; Dysuria; Ear pain; Ecchymosis; Eczema; Enuresis; Eosinophilia; Epistaxis; Oesophageal motility disorder; Rash; Dermatitis; Extrapyramidal disorder; Eye disorder; Eye haemorrhage; Fatigue; Faecalith; Faecaloma; Body temperature increased; Flank pain; Flatulence; Furunculosis; Furuncle; Gastritis; Gastrooesophageal reflux disease; Gastrointestinal disorder; Gingival bleeding; Glycosuria; Gout; Gynaecomastia; Headache; Cardiac disorder; Cardiomegaly; Ventricular septal defect; Heat stroke; Haematemesis; Haematuria; Haemoptysis; Haemorrhage; Haemoglobin; Hepatitis; Hepatomegaly; Hiccups; Hostility; Hypercholesterolaemia; Hyperglycaemia; Hyperkalaemia; Hyperlipidaemia; Hyperphagia; Hyperprolactinaemia; Hypersensitivity; Hypertension; Hyperthyroidism; Hypoaesthesia; Hypocalcaemia; Hypoglycaemia; Hypokalaemia; Hyponatraemia; Hypoproteinaemia; Hypotension; Orthostatic hypotension; Body temperature decreased; Hypothermia; Hypothyroidism; Immune system disorder; Influenza; Eye pruritus; Jaundice; Jaundice cholestatic; Arthropathy; Keratitis; Keratoconjunctivitis; Ketosis; Renal failure acute; Laryngospasm; Lethargy; Leukocytosis; Leukopenia; Leukoplakia oral; Lymphoedema; Lymphocytosis; Mediastinal disorder; Melaena; Menorrhagia; Metrorrhagia; Movement disorder; Cramp muscle; Muscle spasms; Hypertonia; Hypotonia; Muscle relaxant therapy; Muscle rigidity; Myopathy; Myocarditis; Myoclonus; Myoglobinuria; Myoglobin urine present; Nausea; Neoplasm; Nervous system disorder; Neuroleptic malignant syndrome; Nightmare; Nocturia; Nystagmus; Oliguria; Pain in extremity; Palpitations; Paresis; Paraesthesia; Personality disorder; Pharyngitis; Phlebitis; Pneumonia; Pneumonia aspiration; Polycythaemia; Polyuria; Urine output increased; Pregnancy; Priapism; Psoriasis; Psychotic disorder; Pulmonary embolism; Respiratory tract infection; Restless legs syndrome; Rhabdomyolysis; Rhinitis; Scotoma; Salivary hypersecretion; Somnambulism; Speech disorder; Cerebrovascular accident; Withdrawal syndrome; Suicide; Completed suicide; Suicide attempt; Sweating; Hyperhidrosis; Syncope; Loss of consciousness; Shock; Tachycardia; Tenosynovitis; Thirst; Thrombocytopenia; Thrombophlebitis; Thyroiditis; Tinnitus; Tooth disorder; Torsade de pointes; Torticollis; Tremor; Trismus; Underweight; Erythema; Upper respiratory tract infection; Urinary incontinence; Urinary tract disorder; Urethral disorder; Urticaria; Uterine haemorrhage; Angiopathy; Vasodilation; Vasodilation procedure; Vertigo; Vomiting; Weight increased; Weight decreased; Dry mouth; Urinary retention; Choreoathetosis; Chills; Polydipsia; Atrioventricular block first degree; Bundle branch block right; Akinesia; Agitation; Photophobia; Oculogyric crisis; Oedema peripheral; Hyperchloraemia; Hypochloraemia; Monocytosis; Hypokinesia; Cataract; Panic attack; Buccoglossal syndrome; Blood urea increased; Cogwheel rigidity; Creatine phosphokinase increased; Blood creatine phosphokinase increased; Creatinine increased; Blood creatinine increased; Swelling face; Tongue oedema; Tongue disorder; Gamma-glutamyltransferase increased; Glucose tolerance decreased; Hypocholesterolaemia; Hypomagnesaemia; Accidental injury; Injury; Lactation female; Galactorrhoea; Lactic dehydrogenase activity increased; Blood lactate dehydrogenase increased; Liver fatty deposition; Hepatic steatosis; Liver function test abnormal; Opisthotonus; Injection site pain; Circumoral paresthesia; Paraesthesia oral; Phosphatase alkaline increased; Blood alkaline phosphatase increased; Vesiculobullous rash; Dermatitis bullous; Rash pustular; Hyperreflexia; Skin irritation; Joint stiffness; Malnutrition; Photosensitivity reaction; Unspecified disorder of skin and subcutaneous tissue; Skin disorder; Lightheadedness; Myalgia; Muscle twitching; Increased appetite; Teratogenicity; Disturbance in attention; Flat affect; Bradykinesia; Anorgasmia; Extrapyramidal symptoms; Dizziness postural; Hepatic enzyme increased; Tolerance development; Drug tolerance; Swollen tongue; Throat tightness; Diabetic; Diabetes mellitus; Hypomania; Erectile dysfunction; Parkinsonism; Throat sore; Oropharyngeal discomfort; Oropharyngeal pain; Sepsis; Autonomic nervous system imbalance; Rectal haemorrhage; Hypoglycemic reaction; Mental state abnormal; Dependence psychological; Drug dependence; Dependence physiological; Dependence; Dry eye; Mania; Vision blurred; Akathisia; Hyperpyrexia; Pulse irregular; Heart rate irregular; Rash maculo-papular; Hyperkinesia; Facial paresis; VIIth nerve paralysis; Bradycardia; Neuropathy; Neuropathy peripheral; Tonic-clonic seizures; Grand mal convulsion; Lymphadenopathy; Coordination abnormal; Paralysis; Vertigo positional; Erection increased; Face oedema; Visual disturbance; Visual impairment; Surgical intervention; Surgery; Bradyphrenia; Cough increased; Cough; Gait disturbance; Tardive dyskinesia; Drug interaction; Drug seeking behavior; Serotonin syndrome; Sweating increased; Acne; Basophilia; Hyperuricaemia; Blood uric acid increased; Increased prolactin level; Blood prolactin increased; Thrombocytosis; Infestation NOS; Infestation; Blood and lymphatic system disorders; Ear and labyrinth disorders; Eosinophil count abnormal; Electrocardiogram QT corrected interval prolonged; Electrocardiogram QT prolonged; Orofacial oedema; Serum prolactin increased; Cold symptoms; Nasopharyngitis; Hypersomnia; Insomnia; Sluggishness; Musculoskeletal stiffness; Hepatic impairment; Liver disorder; Gastrointestinal discomfort; Abdominal discomfort; Female sexual dysfunction; Male sexual dysfunction; Diabetic coma; Diabetic hyperglycaemic coma; Drug fever; Rash papular; Renal impairment; Renal failure; Venous thromboembolism; Embolism venous; Loose stools; Eosinophil count increased; Somnolence; Abnormal ejaculation; Ejaculation disorder; Feeling hot; Vaginal haemorrhage; Abnormal vision
DB00277,Theophylline,"A methylxanthine derivative from tea with diuretic, smooth muscle relaxant, bronchial dilation, cardiac and central nervous system stimulant activities. Mechanistically, theophylline acts as a phosphodiesterase inhibitor, adenosine receptor blocker, and histone deacetylase activator. Theophylline is marketed under several brand names such as Uniphyl and Theochron, and it is indicated mainly for asthma, bronchospasm, and COPD.",direct,R03DA54;R03DA74;R03DA20;R03DA04;R03DB04,,,,
DB00280,Disopyramide,A class I anti-arrhythmic agent (one that interferes directly with the depolarization of the cardiac membrane and thus serves as a membrane-stabilizing agent) with a depressant action on the heart similar to that of guanidine. It also possesses some anticholinergic and local anesthetic properties.,direct,C01BA03,CID000003114,LLT; PT,C0001824; C0002994; C0003123; C0232462; C0003578; C0004245; C0006384; C0007166; C0008031; C0009421; C0009676; C1443060; C0009806; C0010520; C0011570; C0011991; C0012569; C0012833; C0013144; C2830004; C0013395; C0013404; C0013428; C0013604; C0015230; C0011603; C0015672; C0004093; C0015967; C0016204; C0018418; C0018681; C0018790; C0018794; C0018801; C0018802; C0019158; C0020443; C0020615; C0020621; C0020649; C0022354; C0026961; C0027497; C0027769; C0233494; C0027947; C0028643; C0278134; C0020580; C0030193; C0030232; C0030554; C0033774; C0033975; C0036974; C0036980; C0037274; C0039070; C0041657; C0040034; C0040479; C0042023; C0042109; C0042510; C0042514; C0042571; C0042963; C0043094; C0043352; C0080274; C0086168; C0151539; C0151578; C0235431; C0151786; C0152032; C0152198; C0162119; C0231218; C0234215; C2047937; C0231919; C0232197; C0232208; C0232493; C0232492; C0234238; C0234918; C0235996; C0242350; C0242453; C0264909; C0281774; C0314719; C0341742; C0344232; C0409974; C0024141; C0428977; C0429097; C0429098; C0497365; C0541782; C0541799; C0013378; C0549386; C2939147; C0700590; C0020458; C0728899; C0032343; C0861149; C0003811; C0917801; C1291077; C0000731; C2242996,Agranulocytosis; Angioedema; Anorexia; Decreased appetite; Apnoea; Atrioventricular block; Bundle branch block; Cardiac output decreased; Chest pain; Coma; Confusional state; Feeling abnormal; Constipation; Cyanosis; Depression; Diarrhoea; Diplopia; Dizziness; Drowsiness; Somnolence; Dyspepsia; Dyspnoea; Dysuria; Oedema; Rash; Dermatitis; Fatigue; Asthenia; Body temperature increased; Flatulence; Gynaecomastia; Headache; Cardiac arrest; Block heart; Cardiac failure; Cardiac failure congestive; Hepatitis; Hypercholesterolaemia; Hypoglycaemia; Hypokalaemia; Hypotension; Jaundice cholestatic; Mydriasis; Nausea; Nervousness; Tension; Neutropenia; Numbness; Sensory loss; Hypoaesthesia; Pain; Pallor; Paraesthesia; Pruritus; Psychotic disorder; Shock; Cardiogenic shock; Skin disorder; Syncope; Loss of consciousness; Thrombocytopenia; Torsade de pointes; Pollakiuria; Urticaria; Ventricular fibrillation; Ventricular tachycardia; Vertigo; Vomiting; Weight increased; Dry mouth; Urinary retention; Dissociation; Blood urea increased; Creatinine increased; Blood creatinine increased; Muscular weakness; Urinary hesitation; Accommodation disorder; Haemoglobin decreased; Malaise; Discomfort; Ill-defined disorder; Nasal dryness; Cardiac fibrillation; Nodal rhythm; Epigastric pain; Abdominal pain upper; Ache; Rash morbilliform; Hepatic enzyme increased; Erectile dysfunction; Prostatism; Defect conduction intraventricular; Acute psychosis; Dry eye; Acute retention of urine; Vision blurred; Lupus erythematosus; Systemic lupus erythematosus; Bradycardia; QRS complex; Electrocardiogram QRS complex; Rash generalised; Sinus arrest; Bad taste; Dysgeusia; Sensation of warmth; Feeling hot; Sweating increased; Hyperhidrosis; Intoxication; Poisoning; Proarrhythmic effect; Arrhythmia; Insomnia; Abdominal bloating; Abdominal distension; Tingling sensation
DB00321,Amitriptyline,"Amitriptyline is a tricyclic antidepressant that has been used to treat depression for decades. ELAVIL, a previously approved branded product of amitriptyline, was first approved by the FDA in 1961.[A259342] Amitriptyline has been investigated in the treatment of pain-related conditions, attributed to its analgesic properties.[A174661]",direct,N06AA09;N06CA01,,,,
DB00332,Ipratropium,"Ipratropium is a quaternary ammonium derivative of [atropine][A176957] that acts as an anticholinergic agent.[A176939] It is commonly administered through inhalation which allows producing a local effect without presenting a significant systemic absorption.[A176957]

Ipratropium as a therapeutic agent was developed by Boehringer Ingelheim and its first monotherapy product was FDA approved in 1986, while the combination product of ipratropium and [albuterol] was approved in 1996.[L5894, L5891]",direct,R03BB01;R01AX03;R03AL01;R03AL02,,,,
DB00340,Metixene,Metixene (or methixene) is a anticholinergic used as an antiparkinsonian agent.,direct,N04AA03,,,,
DB00342,Terfenadine,"In the U.S., Terfenadine was superseded by fexofenadine in the 1990s due to the risk of cardiac arrhythmia caused by QT interval prolongation.",direct,R06AX12,,,,
DB00358,Mefloquine,"Malaria is a protozoan disease that places an enormous burden on human health in endemic areas around the world. The 2020 World Health Organization malaria report indicates a 60% decrease in the global malaria fatality rate between 2000 to 2019.[L30618] Despite this, malaria remains a significant cause of morbidity and mortality; 90% of deaths from malaria occur in Africa. Individuals at the highest risk for malaria are those in disease naïve populations, children under age 5, refugees in Central and Eastern Africa, nonimmune civilian and military travelers, pregnant women, and immigrants traveling to their place of origin.[L30623]

Mefloquine, commonly known as Lariam, is an antimalarial drug used for the prevention and treatment of malaria caused by infection with Plasmodium vivax and Plasmodium falciparum. The drug was initially discovered by the Walter Reed Army Institute of Research (WRAIR) during a malaria drug discovery program between 1963 until 1976. It was approved by the FDA in 1989, and was first marketed by Hoffman Laroche.[A226838] This drug has been the subject of widespread controversy due to concerns regarding neurotoxic effects; product information warns of potential serious neuropsychiatric effects.[A226838,L8953]",direct,P01BF02;P01BC02,,,,
DB00572,Atropine,"Atropine is an alkaloid originally synthesized from Atropa belladonna. It is a racemic mixture of d-and l-hyoscyamine, of which only l-hyoscyamine is pharmacologically active.[A251670,L42835] Atropine is generally available as a sulfate salt and can be administered by intravenous, subcutaneous, intramuscular, intraosseous, endotracheal and ophthalmic methods. Oral atropine is only available in combination products.[A251660,L42840] Atropine is a competitive, reversible antagonist of muscarinic receptors that blocks the effects of acetylcholine and other choline esters.[A251660,L42815,L42825,L42835] It has a variety of therapeutic applications, including pupil dilation and the treatment of anticholinergic poisoning and symptomatic bradycardia in the absence of reversible causes.[A251660] Atropine is a relatively inexpensive drug and is included in the World Health Organization List of Essential Medicines.[A251675]",direct,S01FA01;A03CB03;V03AB54;A03BA01,,,,
DB00599,Thiopental,"A barbiturate that is administered intravenously for the induction of general anesthesia or for the production of complete anesthesia of short duration. It is also used for hypnosis and for the control of convulsive states. It has been used in neurosurgical patients to reduce increased intracranial pressure. It does not produce any excitation but has poor analgesic and muscle relaxant properties. Small doses have been shown to be anti-analgesic and lower the pain threshold. (From Martindale, The Extra Pharmacopoeia, 30th ed, p920)",direct,N01AF03;N05CB01;N05CA19,,,,
DB00622,Nicardipine,A potent calcium channel blockader with marked vasodilator action. It has antihypertensive properties and is effective in the treatment of angina and coronary spasms without showing cardiodepressant effects. It has also been used in the treatment of asthma and enhances the action of specific antineoplastic agents. [PubChem],direct,C08CA04,CID000004473,LLT; PT,C0000737; C0687713; C0002962; C0003467; C0003862; C0948594; C0004093; C0004238; C0004245; C0007859; C0008031; C0009450; C0009676; C1443060; C0009763; C0009806; C0011991; C0012833; C0013395; C0013404; C0013447; C0013604; C0015230; C0011603; C0015967; C0016382; C0018681; C0018794; C0018965; C0019064; C0020517; C0020538; C0020580; C0020621; C0020649; C0020651; C0026826; C0027051; C0948089; C0027497; C0027769; C0233494; C0028734; C0030193; C0030252; C0030554; C0031046; C0032617; C1167965; C0035455; C0037199; C0038990; C0020458; C0039070; C0041657; C0036974; C0039231; C0039240; C0040034; C0040264; C0040822; C0042023; C0042401; C1142412; C0042514; C0042571; C0042963; C0043352; C0085096; C0085649; C0085682; C0149871; C0151636; C0151699; C0151735; C0151828; C0231218; C0234215; C2047937; C0231528; C0234458; C0235467; C0242350; C0242429; C2363730; C2363731; C0242656; C0340464; C0344232; C0424295; C0085631; C0428908; C0003813; C0520887; C0520888; C0522055; C0542571; C0574002; C0853619; C0600142; C0236075; C0700590; C0746961; C0917798; C0917801; C2830004; C3665386; C3665347,Abdominal pain; Gastrointestinal pain; Angina pectoris; Anxiety; Arthralgia; Musculoskeletal discomfort; Asthenia; Atrial fibrillation; Atrioventricular block; Neck pain; Chest pain; Infection; Confusional state; Feeling abnormal; Conjunctivitis; Constipation; Diarrhoea; Dizziness; Dyspepsia; Dyspnoea; Ear disorder; Oedema; Rash; Dermatitis; Body temperature increased; Flushing; Headache; Block heart; Haematuria; Pericardial haemorrhage; Hypersensitivity; Hypertension; Hypoaesthesia; Hypokalaemia; Hypotension; Orthostatic hypotension; Hypertonia; Myocardial infarction; Acute coronary syndrome; Nausea; Nervousness; Tension; Nocturia; Pain; Palpitations; Paraesthesia; Pericarditis; Polyuria; Urine output increased; Rhinitis; Sinusitis; Sweating; Hyperhidrosis; Syncope; Loss of consciousness; Shock; Tachycardia; Supraventricular tachycardia; Thrombocytopenia; Tinnitus; Tremor; Pollakiuria; Vasodilation; Vasodilation procedure; Ventricular tachycardia; Vertigo; Vomiting; Dry mouth; Peripheral vascular disorder; Oedema peripheral; Hypophosphataemia; Deep vein thrombosis; Ventricular extrasystoles; Haemorrhage intracranial; Injection site reaction; Injection site pain; Malaise; Discomfort; Ill-defined disorder; Myalgia; Abnormal dreams; Angina pectoris aggravated; Erectile dysfunction; Throat sore; Oropharyngeal discomfort; Oropharyngeal pain; Disease progression; Extrasystoles; Vision blurred; Hyperkinesia; Agitation; Sinoatrial node dysfunction; Sinus arrhythmia; Electrocardiogram ST segment depression; Electrocardiogram T wave inversion; Electrocardiogram abnormal; Face oedema; Foot edema; Local swelling; Hot flush; Menopausal symptoms; Sweating increased; Oxygen saturation decreased; Cerebral ischaemia; Insomnia; Somnolence; Abnormal vision; Visual impairment
DB01036,Tolterodine,Tolterodine is an antimuscarinic drug that is used to treat urinary incontinence. Tolterodine acts on M2 and M3 subtypes of muscarinic receptors.,direct,G04BD07,CID000060774; CID000443878,LLT; PT,C0000737; C0687713; C0002994; C0006277; C0008031; C0009676; C1443060; C0009806; C0011253; C0011991; C0012833; C0013395; C0013428; C0013604; C0015672; C0004093; C0016204; C0016382; C0017168; C0018524; C0018681; C0020517; C0030193; C0030252; C0037199; C0039231; C0041912; C0042029; C0042571; C0043094; C0043349; C0043352; C0080274; C0085649; C0151908; C0233407; C0233794; C0314719; C0340865; C0002792; C2830004; C3665386; C3665347; C0003467; C0003862; C0948594; C0009450; C0152198; C0392171; C0521839; C0497327,Abdominal pain; Gastrointestinal pain; Angioedema; Bronchitis; Chest pain; Confusional state; Feeling abnormal; Constipation; Delusion; Diarrhoea; Dizziness; Dyspepsia; Dysuria; Oedema; Fatigue; Asthenia; Flatulence; Flushing; Gastrooesophageal reflux disease; Hallucination; Headache; Hypersensitivity; Pain; Palpitations; Sinusitis; Tachycardia; Upper respiratory tract infection; Urinary tract infection; Vertigo; Weight increased; Xerophthalmia; Dry mouth; Urinary retention; Oedema peripheral; Dry skin; Disorientation; Memory impairment; Dry eye; Anaphylactoid reaction; Anaphylactic shock; Somnolence; Abnormal vision; Visual impairment; Anxiety; Arthralgia; Musculoskeletal discomfort; Infection; Accommodation disorder; Influenza-like symptoms; Influenza like illness; Dementia
DB01069,Promethazine,"Promethazine, originally known as 3,277 R.P., is an N-dimethylaminopropyl derivative of [phenothiazine] that was developed in France in 1946.[A189901] Promethazine antagonizes a variety of receptors, allowing it to be used for a number of indications including allergic reactions, pain, sedation, nausea, and vomiting.[A189907,A190153,A190159,A190150,A190171]

Promethazine was granted FDA approval before 29 March 1951.[A190177,L4000]",direct,R06AD52;D04AA10;V03AB05;R06AD02,,,,
DB01085,Pilocarpine,"A naturally occurring alkaloid derived from the _Pilocarpus_ plants, pilocarpine is a muscarinic acetylcholine agonist.[A262016, A262036] Pilocarpine is associated with parasympathomimetic effects by selectively working on muscarinic receptors.[A262036] Pilocarpine is used to treat dry mouth and various ophthalmic conditions, including elevated intraocular pressure and glaucoma. The usage of glaucoma by pilocarpine dates back to 1875.[A262041]",direct,N07AX01;S01EB01;S01EB51,,,,
DB01142,Doxepin,"Doxepin is a psychotropic agent with antidepressant and anxiolytic properties.[T559] It is a tertiary amine that can be presented as (E) and (Z) stereoisomers with the (Z) stereoisomer corresponding to [cidoxepin]. Doxepin commonly produces a 5:1 (E):(Z) racemic mixture.[T83] 

In a strict sense, doxepin is not a tricyclic antidepressant but it is commonly associated with the class since it shares a lot of properties with members of the drug family including [amitriptyline], [clomipramine], [desipramine], [imipramine], [nortriptyline], [protriptyline] and [trimipramine].[L5977] 

Doxepin was developed by Pfizer and FDA approved in 1969 as an antidepressant.[L5971] However, in 2010 it was approved for the treatment of insomnia. The latter indication was presented by Pernix Therapeutics.[L5974]",direct,N06AA12;D04AX01,,,,
DB01151,Desipramine,"Desipramine hydrochloride is a dibenzazepine-derivative tricyclic antidepressant (TCA). TCAs are structurally similar to phenothiazines. They contain a tricyclic ring system with an alkyl amine substituent on the central ring. In non-depressed individuals, desipramine does not affect mood or arousal, but may cause sedation. In depressed individuals, desipramine exerts a positive effect on mood. TCAs are potent inhibitors of serotonin and norepinephrine reuptake. Secondary amine TCAs, such as desipramine and nortriptyline, are more potent inhibitors of norepinephrine reuptake than tertiary amine TCAs, such as amitriptyline and doxepine. TCAs also down-regulate cerebral cortical &beta;-adrenergic receptors and sensitize post-synaptic serotonergic receptors with chronic use. The antidepressant effects of TCAs are thought to be due to an overall increase in serotonergic neurotransmission. TCAs also block histamine-H<sub>1</sub> receptors, &alpha;<sub>1</sub>-adrenergic receptors and muscarinic receptors, which accounts for their sedative, hypotensive and anticholinergic effects (e.g. blurred vision, dry mouth, constipation, urinary retention), respectively. See toxicity section below for a complete listing of side effects. Desipramine exerts less anticholinergic and sedative side effects compared to tertiary amine TCAs, such as amitriptyline and clomipramine. Desipramine may be used to treat depression, neuropathic pain (unlabeled use), agitation and insomnia (unlabeled use) and attention-deficit hyperactivity disorder (unlabeled use).",direct,N06AA01,CID000002995,LLT; PT,C0000729; C0000737; C0001416; C0024205; C0001824; C0002170; C0003123; C0232462; C0003467; C0003811; C0004093; C0004134; C0009676; C1443060; C0009806; C0011071; C0011124; C0855242; C0011253; C0011570; C0011991; C0012833; C0013144; C2830004; C0013604; C0014457; C0015230; C0011603; C0015672; C0015967; C0016382; C0018418; C0018524; C0018681; C0018794; C0004245; C0019158; C0020538; C0020649; C0021141; C0022346; C0026961; C0027051; C0948089; C0027497; C0027849; C0028084; C0028643; C0278134; C0020580; C0028734; C0030252; C0030446; C0031117; C0031256; C0033774; C0033975; C0034150; C1368065; C0036572; C0038362; C0038454; C0039231; C0040034; C0040264; C0040822; C0042023; C0042109; C0042510; C0042514; C0042963; C0043094; C0043352; C0080274; C0085631; C0087169; C0152128; C0151636; C0151849; C0852911; C0152198; C0220870; C0221490; C0013395; C0231218; C0234215; C2047937; C0233407; C0234133; C0015371; C0234708; C0235293; C0013378; C0235347; C0151596; C0235660; C0239385; C0030554; C0241934; C0242350; C0278107; C0344232; C0424295; C0424823; C0341047; C0520966; C0549369; C0877359; C0151766; C0917801; C1320835; C2225524; C2242996; C2584688,Abdominal cramps; Abdominal pain; Adenitis; Lymphadenitis; Agranulocytosis; Alopecia; Anorexia; Decreased appetite; Anxiety; Arrhythmia; Asthenia; Ataxia; Confusional state; Feeling abnormal; Constipation; Sudden death; Libido decreased; Disturbance in sexual arousal; Delusion; Depression; Diarrhoea; Dizziness; Drowsiness; Somnolence; Oedema; Eosinophilia; Rash; Dermatitis; Fatigue; Body temperature increased; Flushing; Gynaecomastia; Hallucination; Headache; Block heart; Atrioventricular block; Hepatitis; Hypertension; Hypotension; Inappropriate antidiuretic hormone secretion; Jaundice; Mydriasis; Myocardial infarction; Acute coronary syndrome; Nausea; Neuroleptic malignant syndrome; Nightmare; Numbness; Sensory loss; Hypoaesthesia; Nocturia; Palpitations; Ileus paralytic; Neuropathy peripheral; Petechiae; Pruritus; Psychotic disorder; Purpura; Vascular purpura; Convulsion; Stomatitis; Cerebrovascular accident; Tachycardia; Thrombocytopenia; Tinnitus; Tremor; Pollakiuria; Urticaria; Ventricular fibrillation; Ventricular tachycardia; Vomiting; Weight increased; Dry mouth; Urinary retention; Agitation; Withdrawal symptom; Drug withdrawal syndrome; Ventricular extrasystoles; Phosphatase alkaline increased; Blood alkaline phosphatase increased; Accommodation disorder; Lightheadedness; Epigastric distress; Dyspepsia; Malaise; Discomfort; Ill-defined disorder; Disorientation; Extrapyramidal symptoms; Extrapyramidal disorder; Intraocular pressure increased; Taste peculiar; Dysgeusia; Black hairy tongue; Tongue discolouration; Galactorrhoea; Paresthesia of limbs; Paraesthesia; Hypomania; Erectile dysfunction; Painful ejaculation; Vision blurred; Hyperkinesia; Parotid swelling; Parotid gland enlargement; Coordination abnormal; Pancreatic enzymes increased; Raised liver function tests; Liver function test abnormal; Insomnia; Drug fever; Breast enlargement; Tingling sensation; Testicular swelling
DB01221,Ketamine,"Ketamine is an NMDA receptor antagonist with a potent anesthetic effect.[A31869] It was developed in 1963 as a replacement for phencyclidine (PCP) by Calvin Stevens at Parke Davis Laboratories. It started being used for veterinary purposes in Belgium and in 1964 was proven that compared to PCP, it produced minor hallucinogenic effects and shorter psychotomimetic effects. It was FDA approved in 1970, and from there, it has been used as an anesthetic for children or patients undergoing minor surgeries but mainly for veterinary purposes.[L1332]",direct,N01AX03,CID000003821,LLT; PT,C0001883; C0600260; C0002792; C0003123; C0232462; C0003578; C0003811; C0010692; C0403632; C0232849; C0012569; C0014544; C0015230; C0011603; C0020649; C0023066; C0027497; C0028738; C0030193; C0036572; C0036974; C0037036; C0041834; C0042963; C0231530; C0234918; C0235063; C0855775; C0344232; C0428977; C0857332; C0009024,Airway obstruction NOS; Obstructive airways disorder; Anaphylactic shock; Anorexia; Decreased appetite; Apnoea; Arrhythmia; Cystitis; Cystitis noninfective; Bladder pain; Diplopia; Epilepsy; Rash; Dermatitis; Hypotension; Laryngospasm; Nausea; Nystagmus; Pain; Convulsion; Shock; Salivary hypersecretion; Erythema; Vomiting; Muscle twitching; Rash morbilliform; Respiratory depression; Pulmonary function test decreased; Vision blurred; Bradycardia; Clonic movements; Clonus
DB01223,Aminophylline,"Aminophylline is a drug combination that contains theophylline and ethylenediamine in a 2:1 ratio. Once in the body, theophylline is released and acts as a phosphodiesterase inhibitor, adenosine receptor blocker, and histone deacetylase activator. Similar to other theophyllines, aminophylline is indicated for the treatment of lung diseases such as asthma, chronic bronchitis, and COPD. The majority of aminophylline medications are discontinued and the remaining medications on the market are in short supply.",direct,R03DA55;R03DA05;R03DA20;R03DB05,,,,
DB01224,Quetiapine,"Initially approved by the FDA in 1997, quetiapine is a second-generation atypical antipsychotic used in schizophrenia, major depression, and bipolar disorder.[L8546] Quetiapine demonstrates a high level of therapeutic efficacy and low risk of adverse effects during long-term treatment. It is well-tolerated and a suitable option for some patients with high sensitivity to other drugs, such as [clozapine] and [olanzapine].[A2189]",direct,N05AH04,CID000005002,LLT; PT,C0000731; C0000737; C0687713; C0001807; C0001824; C0002418; C0002453; C0002622; C0002624; C0002792; C0002871; C0002884; C0002962; C0002994; C0003123; C0232462; C0003467; C0003537; C0003862; C0948594; C0003864; C0004093; C0004096; C0004134; C0004238; C0004604; C0004936; C0005741; C0006118; C0006142; C0006145; C0006152; C0006277; C0006325; C0006384; C0006840; C0006852; C0700345; C1609512; C0007222; C0007682; C0027765; C0007859; C0008031; C0009450; C0009676; C1443060; C0009763; C0009782; C0009806; C0009938; C0010200; C0010520; C0010692; C0403632; C0232849; C0011053; C0011124; C0855242; C0011168; C0011175; C0011206; C0011253; C0011334; C0011551; C0011570; C0011603; C0011606; C0011616; C0011849; C0011880; C0011991; C0012833; C0013132; C0013362; C0029408; C0013378; C0013384; C0013390; C0013395; C0013404; C0013428; C0013447; C0013456; C0013491; C0013595; C0014130; C0014457; C0014518; C0014591; C0015230; C0015371; C0015397; C0015663; C0015672; C0015732; C0015967; C0016204; C0017152; C0017160; C0017168; C0017178; C0017565; C0017574; C0017601; C0017675; C0017979; C0018099; C0018418; C0018524; C0018621; C1322281; C0018681; C0018790; C0018799; C0018802; C0018926; C0018939; C0018946; C0018991; C0019080; C0518015; C0019112; C0019158; C0019521; C0020039; C0020456; C0020458; C0020473; C0020505; C0020514; C0020517; C0020538; C0020550; C0020578; C0020580; C0020615; C0020621; C0020625; C0020649; C0020651; C0020672; C0413252; C0020676; C0021053; C0021141; C0021177; C0021400; C0021843; C0022107; C0022346; C0022408; C0022660; C0023218; C0037763; C0023380; C0023518; C0023530; C0023533; C0227791; C0025061; C0025222; C0025323; C0025345; C0025874; C0026650; C0026821; C0026826; C0026837; C0027059; C0027066; C0027424; C0027441; C0027497; C0027609; C0027651; C0027769; C0233494; C0027796; C0027849; C0027947; C0028081; C0028084; C0028734; C0028754; C0029191; C1142011; C0030193; C0030196; C0030232; C0030252; C0030305; C0030554; C0030794; C0031350; C0032285; C0032617; C1167965; C0032961; C0033117; C0033774; C0033860; C0033975; C0034065; C0035258; C0035410; C0035455; C0036341; C0036508; C0036572; C0037036; C0037195; C0037199; C0037299; C0037672; C0037822; C0038325; C0014742; C0038362; C0038454; C0038506; C1096340; C0038661; C0852733; C0038663; C0038990; C0039070; C0041657; C0036974; C0039231; C0039239; C0039971; C0040034; C0040046; C0040264; C0040460; C0040479; C0040822; C0041912; C0042023; C0042024; C0042029; C0042075; C0041969; C0042267; C0404521; C0042373; C0042571; C0042790; C3665347; C0042963; C0042998; C0043049; C0043094; C0043096; C0043352; C0080274; C0085583; C0085593; C0085602; C0085612; C0085614; C0085623; C0085628; C0549249; C0085631; C0085632; C0233471; C0085633; C0233472; C0085649; C0086439; C0086543; C0149745; C0149871; C0149931; C0151315; C0948525; C1320474; C0151474; C0151477; C0151538; C0151578; C0235431; C0151610; C0040409; C0151662; C0151736; C3263723; C0151752; C0235660; C0151772; C0338831; C0151821; C0151825; C0151827; C0151836; C1456784; C0151849; C0852911; C0151878; C0151904; C0151905; C0151907; C0151908; C0152029; C0152128; C0152198; C0152517; C0162119; C0162429; C0162830; C0178298; C0037274; C0231218; C0234215; C2047937; C0231528; C0231530; C0232461; C0232492; C0233407; C0233414; C0233632; C1306341; C0234133; C0234458; C0234987; C0235086; C0235146; C0235234; C0235309; C0232487; C0235475; C0235996; C0236071; C0239819; C0242339; C0242350; C0242422; C0267596; C0267792; C0270327; C0014394; C0277890; C0314719; C0344232; C0349217; C0392025; C0392156; C0392386; C0392684; C0237314; C0423791; C0424000; C0424295; C0427086; C0427160; C0428977; C0497156; C0518988; C0520806; C0011071; C0520886; C0520888; C0520966; C0522055; C0542571; C0549399; C0151691; C0549622; C0574067; C0575081; C0575090; C0595877; C0600142; C0236075; C0686347; C0687133; C0702166; C0743300; C0743295; C0747979; C0854082; C0851341; C1384353; C0851578; C0853193; C0853697; C0855329; C0857501; C0858635; C0549373; C0860803; C0878544; C0917798; C0917799; C0917801; C0920289; C0947912; C0151786; C0948281; C1258215; C1262064; C0085637; C1263960; C0853011; C0025362; C1386135; C1510497; C1522133; C0595930; C1861172; C0340726; C2830004; C2937350; C0235969; C2979982; C3251821; C0007398; C3665386,"Abdominal distension; Abdominal pain; Gastrointestinal pain; Aggression; Agranulocytosis; Amblyopia; Amenorrhoea; Amnesia; Retrograde amnesia; Anaphylactic shock; Anaemia; Hypochromic anaemia; Angina pectoris; Angioedema; Anorexia; Decreased appetite; Anxiety; Aphasia; Arthralgia; Musculoskeletal discomfort; Arthritis; Asthenia; Asthma; Ataxia; Atrial fibrillation; Back pain; Mental disorder; Blepharitis; Brain neoplasm; Breast cancer; Breast disorder; Breast swelling; Bronchitis; Bruxism; Bundle branch block; Candida infection; Vaginal moniliasis; Vulvovaginal candidiasis; Vulvovaginal mycotic infection; Cardiovascular disorder; Central nervous system disorder; Nervous system disorder; Neck pain; Chest pain; Infection; Confusional state; Feeling abnormal; Conjunctivitis; Connective tissue disorder; Constipation; Contusion; Cough; Cyanosis; Cystitis; Cystitis noninfective; Bladder pain; Deafness; Libido decreased; Disturbance in sexual arousal; Dysphagia; Dehydration; Delirium; Delusion; Dental caries; Depersonalisation; Depression; Dermatitis; Dermatitis exfoliative; Dermatitis contact; Diabetes mellitus; Diabetic ketoacidosis; Diarrhoea; Dizziness; Drooling; Dysarthria; Osteoarthritis; Dysgeusia; Dyskinesia; Dysmenorrhoea; Dyspepsia; Dyspnoea; Dysuria; Ear disorder; Ear pain; Ecchymosis; Eczema; Endocrine disorder; Eosinophilia; Toxic epidermal necrolysis; Epistaxis; Rash; Extrapyramidal disorder; Eye disorder; Fasting; Fatigue; Faecal incontinence; Body temperature increased; Flatulence; Gastritis; Gastroenteritis; Gastrooesophageal reflux disease; Gastrointestinal disorder; Gingival bleeding; Gingivitis; Glaucoma; Glossitis; Glycosuria; Gout; Gynaecomastia; Hallucination; Seasonal allergy; Rhinitis seasonal; Headache; Cardiac arrest; Cardiac disorder; Cardiac failure congestive; Haematemesis; Blood disorder; Subdural haematoma; Hemiplegia; Haemorrhage; Haemoglobin; Haemorrhoids; Hepatitis; Hiccups; Hostility; Hyperglycaemia; Hyperhidrosis; Hyperlipidaemia; Hyperphagia; Hyperprolactinaemia; Hypersensitivity; Hypertension; Hyperthyroidism; Hyperventilation; Hypoaesthesia; Hypoglycaemia; Hypokalaemia; Hyponatraemia; Hypotension; Orthostatic hypotension; Body temperature decreased; Hypothermia; Hypothyroidism; Immune system disorder; Inappropriate antidiuretic hormone secretion; Libido increased; Influenza; Intestinal obstruction; Irritability; Jaundice; Arthropathy; Renal failure acute; Cramps of lower extremities; Muscle spasms; Lethargy; Leukocytosis; Leukopenia; Leukorrhea; Vaginal discharge; Mediastinal disorder; Melaena; Menorrhagia; Menstrual disorder; Metrorrhagia; Movement disorder; Cramp muscle; Hypertonia; Muscle rigidity; Myocarditis; Myoclonus; Nasal congestion; Nasopharyngitis; Nausea; Drug withdrawal syndrome neonatal; Neoplasm; Nervousness; Tension; Neuralgia; Neuroleptic malignant syndrome; Neutropenia; Night sweats; Nightmare; Nocturia; Obesity; Orchitis; Orchitis noninfective; Pain; Pain in extremity; Pallor; Palpitations; Pancreatitis; Paraesthesia; Pelvic pain; Pharyngitis; Pneumonia; Polyuria; Urine output increased; Pregnancy; Priapism; Pruritus; Psoriasis; Psychotic disorder; Pulmonary embolism; Restless legs syndrome; Rhabdomyolysis; Rhinitis; Schizophrenia; Seborrhoeic dermatitis; Convulsion; Salivary hypersecretion; Sinus headache; Sinusitis; Skin ulcer; Somnambulism; Speech disorder; Stevens-Johnson syndrome; Erythema multiforme; Stomatitis; Cerebrovascular accident; Stuttering; Dysphemia; Suicide; Completed suicide; Suicide attempt; Sweating; Syncope; Loss of consciousness; Shock; Tachycardia; Sinus tachycardia; Thirst; Thrombocytopenia; Thrombophlebitis; Tinnitus; Toothache; Torsade de pointes; Tremor; Upper respiratory tract infection; Pollakiuria; Urinary incontinence; Urinary tract infection; Urinary tract disorder; Urethral disorder; Vaginal inflammation; Vaginal infection; Angiopathy; Vertigo; Disorder sight; Visual impairment; Vomiting; Vulvovaginitis; Water intoxication; Weight increased; Weight decreased; Dry mouth; Urinary retention; Choreoathetosis; Chills; Polydipsia; Ventricular arrhythmia; Atrioventricular block first degree; Akinesia; Stupor; Depressed level of consciousness; Agitation; Apathy; Flat affect; Mood swings; Affect lability; Oedema peripheral; Hypokinesia; Cataract; Mouth ulceration; Deep vein thrombosis; Migraine; Neck stiffness; Musculoskeletal stiffness; Nuchal rigidity; Alcohol intolerance; Hormone level abnormal; Buccoglossal syndrome; Creatinine increased; Blood creatinine increased; Tongue oedema; Tongue disorder; Gamma-glutamyltransferase increased; Accidental injury; Injury; Lactation female; Galactorrhoea; Manic psychosis; Mania; Accidental overdose; Bone pain; Eye pain; Paranoid reaction; Paranoia; Phosphatase alkaline increased; Blood alkaline phosphatase increased; Electrocardiogram QT prolonged; Aspartate aminotransferase increased; Alanine aminotransferase increased; Skin discolouration; Dry skin; Sinus congestion; Drug withdrawal syndrome; Accommodation disorder; Viral diarrhoea; Haemoglobin decreased; Malnutrition; Photosensitivity reaction; Unspecified disorder of skin and subcutaneous tissue; Skin disorder; Fatal outcomes; Malaise; Discomfort; Ill-defined disorder; Myalgia; Muscle twitching; Increased appetite; Abdominal pain upper; Disorientation; Disturbance in attention; Thinking abnormal; Mental disability; Extrapyramidal symptoms; Abnormal dreams; Dizziness postural; Muscle contractions involuntary; Euphoric mood; Dry throat; Upset stomach; Abdominal discomfort; Electrocardiogram QRS complex prolonged; Hepatic enzyme increased; Throat tightness; Edema hands; Dyslipidaemia; Erectile dysfunction; Parkinsonism; Rectal haemorrhage; Hepatobiliary disease; Nocturnal enuresis; Enuresis; Blood pressure diastolic decreased; Dry eye; Vision blurred; Depressive episode; Enlargement abdomen; Akathisia; Platelet count decreased; Pulse irregular; Heart rate irregular; Rash maculo-papular; Suicidal ideation; Hyperkinesia; Movements involuntary; Parkinsonian gait; Bradycardia; Lymphadenopathy; Tooth abscess; Sudden death, cause unknown; Sudden death; Electrocardiogram ST segment elevation; Electrocardiogram T wave inversion; Coordination abnormal; Electrocardiogram abnormal; Face oedema; Low density lipoprotein increased; High density lipoprotein decreased; Sexual dysfunction; Cough increased; Gait disturbance; Balance disorder; Blood glucose increased; Hot flush; Menopausal symptoms; Tardive dyskinesia; Drug interaction; Acne; Urine drug screen positive; Drug screen positive; Increased prolactin level; Blood prolactin increased; Infestation NOS; Infestation; Blood and lymphatic system disorders; Ear and labyrinth disorders; Sleep disorder; Bipolar I disorder; Neutrophil count decreased; Electrocardiogram change; Acute schizophrenia; Pharyngolaryngeal pain; Laryngeal pain; Glucose increased; Cardiomyopathy; Cerebral ischaemia; Hypersomnia; Insomnia; Sluggishness; Myasthenia; Muscular weakness; Malignant syndrome NOS; Ileus; Oculogyration; Oculogyric crisis; Diabetic coma; Diabetic hyperglycaemic coma; Mental retardation; Acute depression; Lenticular opacities; High cholesterol; Blood cholesterol increased; Venous thromboembolism; Embolism venous; Somnolence; Abnormal ejaculation; Ejaculation disorder; Vaginal haemorrhage; Catatonic reaction; Catatonia; Abnormal vision"
DB01226,Mivacurium,"Mivacurium is a bisbenzylisoquinolinium based neuromuscular blocker or muscle relaxant. It binds competitively to cholinergic receptors on the motor end-plate to antagonize the action of acetylcholine, resulting in a block of neuromuscular transmission.",direct,M03AC10,CID005281042,LLT; PT,C0002792; C0003811; C0006266; C0012833; C0015230; C0011603; C0016382; C0018799; C0020649; C0021053; C0025061; C0031542; C0037763; C0039231; C0041834; C0042109; C0042373; C0043144; C0151735; C0178298; C0037274; C0340865; C0428977; C0520758; C0700292; C0242184,Anaphylactic shock; Arrhythmia; Bronchospasm; Dizziness; Rash; Dermatitis; Flushing; Cardiac disorder; Hypotension; Immune system disorder; Mediastinal disorder; Phlebitis; Muscle spasms; Tachycardia; Erythema; Urticaria; Angiopathy; Wheezing; Injection site reaction; Unspecified disorder of skin and subcutaneous tissue; Skin disorder; Anaphylactoid reaction; Bradycardia; Neuromuscular block prolonged; Hypoxemia; Hypoxia
DB01231,Diphenidol,Diphenidol is an antiemetic agent used in the treatment of vomiting and vertigo. Diphenidol overdose may result in serious toxicity in children.,direct,,,,,
DB01239,Chlorprothixene,"Chlorprothixene is a typical antipsychotic drug of the thioxanthene (tricyclic) class. Chlorprothixene exerts strong blocking effects by blocking the 5-HT2 D1, D2, D3, histamine H1, muscarinic and alpha1 adrenergic receptors.",direct,N05AF03,,,,
DB01303,Oxtriphylline,"Oxtriphylline is the choline salt form of [theophylline]. Once in the body, theophylline is released and acts as a phosphodiesterase inhibitor, adenosine receptor blocker, and histone deacetylase activator. Its main physiological reponse is to dilate the bronchioles. As such, oxytriphylline is indicated mainly for asthma, bronchospasm, and COPD (i.e. all the same indications as the other theophyllines). It is marketed under the name Choledyl SA, and several forms of oxytriphylline have been discontinued. In the US, oxtriphylline is no longer available.",direct,R03DA20;R03DB02;R03DA02,,,,
DB01337,Pancuronium,A bis-quaternary steroid that is a competitive nicotinic antagonist. As a neuromuscular blocking agent it is more potent than curare but has less effect on the circulatory system and on histamine release.,direct,M03AC01,CID000027350,LLT; PT,C0003578; C0006266; C0015230; C0011603; C0016382; C0020517; C0020649; C0035229; C1145670; C0036104; C0037036; C0039231; C0151786; C0235055; C0522224; C0332575; C0041834; C0340865; C0002792; C0475746; C0521987; C0687133,Apnoea; Bronchospasm; Rash; Dermatitis; Flushing; Hypersensitivity; Hypotension; Respiratory insufficiency; Respiratory failure; Salivation; Salivary hypersecretion; Tachycardia; Muscular weakness; Skeletal muscle paralysis; Paralysis; Redness; Erythema; Anaphylactoid reaction; Anaphylactic shock; Light anaesthesia; Pre-existing disease; Drug interaction
DB01338,Pipecuronium,Pipecuronium is a piperazinyl androstane derivative which is a non-depolarizing neuromuscular blocking agent.,direct,M03AC06,,,,
DB01373,Calcium,"Calcium plays a vital role in the anatomy, physiology and biochemistry of organisms and of the cell, particularly in signal transduction pathways. The skeleton acts as a major mineral storage site for the element and releases Ca2+ ions into the bloodstream under controlled conditions. Circulating calcium is either in the free, ionized form or bound to blood proteins such as serum albumin. Although calcium flow to and from the bone is neutral, about 5 mmol is turned over a day. Bone serves as an important storage point for calcium, as it contains 99% of the total body calcium. Low calcium intake may also be a risk factor in the development of osteoporosis. The best-absorbed form of calcium from a pill is a calcium salt like carbonate or phosphate. Calcium gluconate and calcium lactate are absorbed well by pregnant women. Seniors absorb calcium lactate, gluconate and citrate better unless they take their calcium supplement with a full breakfast.",direct,M05BB01;A11AA02;M05BB08;A11GB01;M05BB02;M05BB04;M05BB05,,,,
DB01409,Tiotropium,"Tiotropium is a long-acting, antimuscarinic bronchodilator used in the management of chronic obstructive pulmonary disease (COPD) and asthma.[A180163,L7084,L7087,L7090,L7093] Tiotropium acts mainly on M3 muscarinic receptors located in the airways to produce smooth muscle relaxation and bronchodilation.[A180163,L7084,L7087,L7090,L7093]

Tiotropium is more specific for the subset of muscarinic receptors commonly found in the lungs than [ipratropium].[A180163]

Tiotropium was granted FDA approval on 30 January 2004.[L7084]",direct,R03AL06;R03BB04;R03BB54;R03AL10,,,,
DB01412,Theobromine,"Theobromine (3,7-dimethylxanthine) is the principle alkaloid in Theobroma cacao (the cacao bean) and other plants. A xanthine alkaloid that is used as a bronchodilator and as a vasodilator. It has a weaker diuretic activity than theophylline and is also a less powerful stimulant of smooth muscle. It has practically no stimulant effect on the central nervous system. It was formerly used as a diuretic and in the treatment of angina pectoris and hypertension. (From Martindale, The Extra Pharmacopoeia, 30th ed, pp1318-9)",direct,C03BD01;R03DA07;R03DA57,,,,
DB01591,Solifenacin,"Solifenacin is a competitive muscarinic receptor antagonist indicated to treat an overactive bladder with urinary incontinence, urgency, and frequency.[L7511] It has a long duration of action as it is usually taken once daily.[L7511]

Solifenacin was granted FDA approval on 19 November 2004.[L7511]",direct,G04BD08;G04CA53,,,,
DB01625,Isopropamide,Isopropamide iodide is a long-acting quaternary anticholinergic drug. It is used in the treatment of peptic ulcer and other gastrointestinal disorders marked by hyperacidity and hypermotility.,direct,A03CA01;A03AB09,,,,
DB01062,Oxybutynin,"Overactive bladder (OAB) is a common condition negatively impacting the lives of millions of patients worldwide.  Due to its urinary symptoms that include nocturia, urgency, and frequency, this condition causes social embarrassment and a poor quality of life.[A185996,A185999] 

Oxybutynin, also marketed as Ditropan XL, is an anticholinergic medication used for the relief of overactive bladder symptoms that has been optimized for high levels of safety and efficacy since initial FDA approval in 1975.[A183782,L8648] This drug relieves undesirable urinary symptoms, increasing the quality of life for patients affected by OAB.  It is often used as first-line therapy for OAB.[A185990]",direct,G04BD04,CID000004634,LLT; PT,C0000737; C0687713; C0001883; C0600260; C0002418; C0002622; C0002792; C0002994; C0003123; C0232462; C0003467; C0003811; C0003813; C0003862; C0948594; C0003864; C0004093; C0004096; C0004604; C0004936; C0006145; C0006277; C0008031; C0009144; C0009241; C0009319; C0009450; C0009676; C1443060; C0009763; C0009782; C0009806; C0010200; C0010692; C0403632; C0232849; C0011124; C0855242; C0011168; C0011551; C0011570; C0011603; C0011991; C0012833; C0013144; C2830004; C0013378; C0013395; C0013428; C0013604; C0014591; C0014724; C0014868; C0015230; C0015397; C0015672; C0016199; C0016204; C0016382; C0017168; C0017178; C0017601; C0017605; C0017675; C0018500; C0018520; C0018524; C0018681; C0018799; C0018843; C0018965; C0019521; C0019825; C1527344; C0020517; C0020538; C0020580; C0020649; C0021400; C0022081; C0022408; C0029408; C0022575; C0314719; C0024115; C0025061; C0025222; C0026826; C0026946; C0026961; C0027339; C0027424; C0027441; C0027497; C0027765; C0027769; C0233494; C0028084; C0028734; C0030193; C0030196; C0030252; C0030554; C0031350; C0033774; C0033975; C0035455; C0036572; C0037036; C0037195; C0037199; C0038362; C0039070; C0041657; C0036974; C0039231; C0039520; C0039971; C0040264; C0040409; C0041834; C0041912; C0041976; C1328337; C0042023; C0042029; C0042075; C0041969; C0042109; C0042373; C0042401; C1142412; C0042963; C0043352; C0080274; C0085606; C0085631; C0085633; C0233472; C0085649; C0086132; C0149745; C0149931; C0151505; C0151578; C0235431; C0151596; C0151603; C0268000; C0151736; C3263723; C0151766; C0151810; C0852908; C0151827; C0151830; C0151838; C0521591; C0151883; C0085932; C0085641; C0151907; C0151908; C0152029; C0152032; C0152517; C0162429; C0178298; C0037274; C0231218; C0234215; C2047937; C0231365; C0231919; C0232461; C0232487; C0232492; C0233632; C1306341; C0233794; C0235234; C0235238; C0152198; C0235266; C0235710; C0235857; C0239978; C0240327; C0242350; C0332573; C0344232; C0392025; C0000731; C0392156; C0424295; C0429774; C0497247; C0521495; C0542571; C0549356; C0553721; C0020620; C0574067; C0585186; C0011615; C0595877; C0600142; C0236075; C0851341; C1384353; C0851578; C0853700; C0853714; C0857257; C0858635; C0549373; C0877097; C0877661; C0521491; C0917801; C1261562; C0878773; C1328308; C1456784; C2129214; C2363731; C2364111; C3665386; C3665347,Abdominal pain; Gastrointestinal pain; Airway obstruction NOS; Obstructive airways disorder; Amblyopia; Amnesia; Anaphylactic shock; Angioedema; Anorexia; Decreased appetite; Anxiety; Arrhythmia; Sinus arrhythmia; Arthralgia; Musculoskeletal discomfort; Arthritis; Asthenia; Asthma; Back pain; Mental disorder; Breast disorder; Bronchitis; Chest pain; Tongue coated; Cognitive disorder; Colitis; Infection; Confusional state; Feeling abnormal; Conjunctivitis; Connective tissue disorder; Constipation; Cough; Cystitis; Cystitis noninfective; Bladder pain; Libido decreased; Disturbance in sexual arousal; Dysphagia; Depersonalisation; Depression; Dermatitis; Diarrhoea; Dizziness; Drowsiness; Somnolence; Dysgeusia; Dyspepsia; Dysuria; Oedema; Epistaxis; Eructation; Oesophagitis; Rash; Eye disorder; Fatigue; Flank pain; Flatulence; Flushing; Gastrooesophageal reflux disease; Gastrointestinal disorder; Glaucoma; Angle closure glaucoma; Glossitis; Hair disorder; Breath odour; Hallucination; Headache; Cardiac disorder; Heat stroke; Haematuria; Hiccups; Hoarseness; Dysphonia; Hypersensitivity; Hypertension; Hypoaesthesia; Hypotension; Influenza; Iritis; Arthropathy; Osteoarthritis; Keratoconjunctivitis sicca; Dry eye; Lung disorder; Mediastinal disorder; Melaena; Hypertonia; Fungal infection; Mydriasis; Nail disorder; Nasal congestion; Nasopharyngitis; Nausea; Nervous system disorder; Nervousness; Tension; Nightmare; Nocturia; Pain; Pain in extremity; Palpitations; Paraesthesia; Pharyngitis; Pruritus; Psychotic disorder; Rhinitis; Convulsion; Salivary hypersecretion; Sinus headache; Sinusitis; Stomatitis; Syncope; Loss of consciousness; Shock; Tachycardia; Tenosynovitis; Thirst; Tinnitus; Tongue disorder; Erythema; Upper respiratory tract infection; Urethritis; Urethritis noninfective; Pollakiuria; Urinary tract infection; Urinary tract disorder; Urethral disorder; Urticaria; Angiopathy; Vasodilation; Vasodilation procedure; Vomiting; Dry mouth; Urinary retention; Micturition urgency; Agitation; Mood swings; Affect lability; Oedema peripheral; Depressive symptom; Mouth ulceration; Migraine; Application site reaction; Creatinine increased; Blood creatinine increased; Tongue discolouration; Generalised oedema; Fluid retention; Accidental injury; Injury; Liver function test abnormal; Lack of drug effect; Drug ineffective; Eye pain; Urethral pain; Circumoral paresthesia; Paraesthesia oral; Vesiculobullous rash; Dermatitis bullous; Rash pustular; Skin discolouration; Dry skin; Sinus congestion; Urinary hesitation; Viral diarrhoea; Malnutrition; Unspecified disorder of skin and subcutaneous tissue; Skin disorder; Malaise; Discomfort; Ill-defined disorder; Urination impaired; Nasal dryness; Increased appetite; Abdominal discomfort; Abdominal pain upper; Thinking abnormal; Mental disability; Memory impairment; Dry throat; Cycloplegia; Accommodation disorder; Eye irritation; Chest discomfort; Lacrimation decreased; Frequent bowel movements; Taste metallic; Erectile dysfunction; Macule; Vision blurred; Enlargement abdomen; Abdominal distension; Akathisia; Hyperkinesia; Residual urine volume; Blood pressure increased; Application site rash; Face oedema; Inflicted injury; Sweating decreased; Hypohidrosis; Cough increased; Cutaneous hypersensitivity; Dermatitis atopic; Blood glucose increased; Hot flush; Menopausal symptoms; Infestation NOS; Infestation; Ear and labyrinth disorders; Sleep disorder; Application site erythema; Application site pruritus; Bloated feeling; Pharyngolaryngeal pain; Laryngeal pain; Application site vesicles; Application site burn; Application site pain; Insomnia; Detrusor instability; Hypertonic bladder; Increased upper airway secretion; Paranoia; Loose stools; Oropharyngeal pain; Ageusia; Abnormal vision; Visual impairment
DB01019,Bethanechol,"Bethanechol is a synthetic ester that was initially synthesized in 1935.[A232905,L32539] As a cholinergic agent, bethanechol is similar in structure and pharmacological function to acetylcholine and is used in specific cases when stimulation of the parasympathetic nervous system is necessary.[A232905,L32539] For example, bethanechol is readily used to treat postoperative or postpartum urinary retention. An advantage of bethanechol is that in contrast to acetylcholine, bethanechol is not degraded by cholinesterase allowing its effects to be longer-lasting.[L32539]",direct,N07AB02,CID000002370,LLT; PT,C0000729; C0000737; C0004096; C0011991; C0014724; C0016382; C0018681; C0020649; C0026205; C0027497; C0036104; C0037036; C0036572; C0038990; C0020458; C0079043; C0006266; C0085606; C0042023; C0231218; C0234215; C1443060; C2047937; C0232488; C0232693; C1963818; C0234193; C2939147; C0423153; C0152227; C0549386; C1328539; C0039231,Abdominal cramps; Abdominal pain; Asthma; Diarrhoea; Eructation; Flushing; Headache; Hypotension; Miosis; Nausea; Salivation; Salivary hypersecretion; Convulsion; Sweating; Hyperhidrosis; Bronchoconstriction; Bronchospasm; Micturition urgency; Pollakiuria; Malaise; Discomfort; Feeling abnormal; Ill-defined disorder; Abdominal colic; Borborygmi; Gastrointestinal sounds abnormal; Sensation of heat; Feeling hot; Lacrimation; Lacrimation increased; Sensation of warmth; Reflex tachycardia; Tachycardia
DB00640,Adenosine,"The structure of adenosine was first described in 1931,[A229823] though the vasodilating effects were not described in literature until the 1940s.[A229828] Adenosine is indicated as an adjunct to thallium-201 in myocardial perfusion scintigraphy,[L31983] though it is rarely used in this indication, having largely been replaced by [dipyridamole] and [regadenson].[A229833,A229838] Adenosine is also indicated in the treatment of supraventricular tachycardia.[L31998]

Adenosine was granted FDA approval on 30 October 1989.[L31978]",direct,C01EB10,CID000060961,LLT; PT,C0002792; C0002994; C0003578; C0003811; C0004093; C0004238; C0004245; C0004604; C0006266; C0008031; C0010200; C0012833; C0013144; C2830004; C0013404; C0015230; C0011603; C0016382; C0018681; C0018790; C0018799; C0018801; C0020517; C0020538; C0020578; C0020649; C0025061; C0027051; C0948089; C0027424; C0027497; C0027769; C0233494; C0028643; C0278134; C0020580; C0030193; C0030252; C0030554; C0033036; C0036454; C0036572; C0037188; C2747891; C0038454; C0038990; C0020458; C0039070; C0041657; C0036974; C0039231; C0039239; C0040264; C0040479; C0040822; C0042109; C0042510; C0042514; C0042963; C0043352; C0079043; C0085606; C0042023; C0085612; C0085614; C0085624; C0085633; C0233472; C0151517; C0151636; C0151699; C0151735; C0151740; C0151744; C0162297; C0220870; C0232124; C0340464; C0232487; C0233485; C0003467; C0234215; C0235004; C0235169; C0085631; C0235706; C0948594; C0235710; C0236071; C0240327; C0013378; C0264906; C0344232; C0428977; C0438716; C0494475; C0014549; C0497247; C0520886; C0520887; C0541782; C0750194; C0854303; C0857153; C0858924; C0948296; C1096250; C1145670; C1956346; C2242996,Anaphylactic shock; Angioedema; Apnoea; Arrhythmia; Asthenia; Atrial fibrillation; Atrioventricular block; Back pain; Bronchospasm; Chest pain; Cough; Dizziness; Drowsiness; Somnolence; Dyspnoea; Rash; Dermatitis; Flushing; Headache; Cardiac arrest; Cardiac disorder; Cardiac failure; Hypersensitivity; Hypertension; Hyperventilation; Hypotension; Mediastinal disorder; Myocardial infarction; Acute coronary syndrome; Nasal congestion; Nausea; Nervousness; Tension; Numbness; Sensory loss; Hypoaesthesia; Pain; Palpitations; Paraesthesia; Supraventricular extrasystoles; Scotoma; Convulsion; Sinoatrial block; Device capturing issue; Cerebrovascular accident; Sweating; Hyperhidrosis; Syncope; Loss of consciousness; Shock; Tachycardia; Sinus tachycardia; Tinnitus; Torsade de pointes; Tremor; Urticaria; Ventricular fibrillation; Ventricular tachycardia; Vomiting; Dry mouth; Bronchoconstriction; Micturition urgency; Pollakiuria; Ventricular arrhythmia; Atrioventricular block first degree; Burning sensation; Mood swings; Affect lability; Atrioventricular block complete; Ventricular extrasystoles; Haemorrhage intracranial; Injection site reaction; Intracranial pressure increased; Myocardial ischaemia; Respiratory arrest; Fatal outcomes; Lightheadedness; Skipped beats; Extrasystoles; Abdominal discomfort; Apprehension; Anxiety; Discomfort; Head pressure; Excitability; Agitation; Back distress; Musculoskeletal discomfort; Chest discomfort; Throat tightness; Taste metallic; Dysgeusia; Atrioventricular block second degree; Vision blurred; Bradycardia; Chest pressure; Tonic-clonic seizures; Grand mal convulsion; Blood pressure increased; Electrocardiogram ST segment elevation; Electrocardiogram ST segment depression; Sinus arrest; Non-sustained ventricular tachycardia; Limb discomfort; Nodal block; General discomfort; Ear discomfort; Gastrointestinal discomfort; Respiratory failure; Coronary artery disease; Tingling sensation
DB00986,Glycopyrronium,"Glycopyrronium, also known as NVA237 or glycopyrrolate, is a racemic mixture of two enantiomers.[L33110] They are both quaternary ammonium compounds and long acting muscarinic antagonists.[L33110] It is one of the most commonly prescribed anticholinergic medications.[A233535,A233540] Early research into glycopyrronium use was for its indication as an adjunct therapy in the treatment of peptic ulcers.[A233570,L33090] Later research, taking advantage of the systemic distribution of muscarinic receptors through the body, found that glycopyrronium could also be used for reducing sweat gland,[L4755] oral,[L33140] airway, and gastric secretions;[L33120] as well as reducing cardiac inhibitory reflexes;[L33120] and reducing bronchoconstriction in COPD.[L33105] Glycopyrronium is commonly prescribed as a first line treatment for a wide variety indications and is considered to have a wider therapeutic window than [tiotropium].[A233565]

Glycopyrronium was originally granted FDA approval on 11 August 1961.[L33090]",direct,R03AL09;R03AL04;R03BB06;D11AA01;A03AB02;R03AL11;R03AL07;A03CA05;R03AL12,,,,
DB00651,Dyphylline,"Dyphylline is a theophylline derivative with broncho- and vasodilator properties. It is typically used in the management of asthma, cardiac dyspnea, and bronchitis.",direct,R03DA20;R03DB01;R03DA51;R03DA01,,,,
DB00683,Midazolam,"Midazolam is a short-acting hypnotic-sedative drug with anxiolytic, muscle relaxant, anticonvulsant, sedative, hypnotic, and amnesic properties.[A173842] It belongs to a class of drugs called _benzodiazepines_. This drug is unique from others in this class due to its rapid onset of effects and short duration of action.[A173842] Midazolam is available by oral, rectal, intranasal, intramuscular (IM), and intravenous (IV) routes and has been used in various biomedical applications, including dentistry, cardiac surgery, and endoscopic procedures as pre-anesthetic medication, and as an adjunct to local anesthesia.[F2977]

This drug was initially approved by the US FDA in 1985, and has been approved for various indications since.[L45098] In late 2018, the intramuscular preparation was approved by the FDA for the treatment of status epilepticus in adults.[L45098] In May 2019, the nasal spray of midazolam was approved for the acute treatment of distinctive intermittent, stereotypic seizure episodes in patients 12 years of age and older.[A257153] Midazolam is considered a schedule IV drug in the United States due to the low potential for abuse and low risk of dependence.[L5074]",direct,N05CD08,CID000004192,LLT; PT,C0001807; C0001883; C0600260; C0002624; C0002792; C0002957; C0003467; C0003578; C0004063; C3263723; C0740319; C0004093; C0004134; C0004158; C0004936; C0006266; C0009676; C1443060; C0009782; C0009806; C0010200; C0011206; C0011253; C0011570; C0012569; C0012833; C0013132; C0013144; C2830004; C0013362; C0029408; C0013404; C0015230; C0011603; C0015397; C0015672; C0016658; C0016655; C0016927; C0232602; C0017178; C0018524; C0018681; C0018790; C0018799; C0018801; C0018944; C0019521; C0020039; C0020440; C0860713; C0020517; C0020578; C0020649; C0021053; C0022107; C0023066; C0023380; C0025061; C0026650; C0013384; C0027497; C0027765; C0027769; C0233494; C0028084; C0028738; C0030193; C0030554; C0031117; C0031542; C0033774; C0033975; C0035229; C1145670; C0035508; C0036104; C0037036; C0036974; C0037317; C0851578; C0037383; C0038450; C0038587; C0038999; C0039231; C0040046; C0040053; C0040210; C0042514; C0040460; C0040822; C0041834; C0042109; C0042420; C0700200; C0039070; C0042571; C0042963; C0043144; C0043352; C0043387; C0085593; C0085631; C0085633; C0233472; C0087169; C0152128; C0151636; C0151786; C0151799; C0237849; C0151828; C0162297; C0178298; C0037274; C0220870; C0221161; C0235546; C0221170; C0948525; C0221232; C0231530; C0231835; C0231837; C0232208; C0232459; C0013395; C0233407; C0233459; C0233477; C0233571; C0233795; C0234233; C0234518; C0234535; C0235063; C0855775; C0235082; C0235097; C0234547; C0235146; C0235194; C0235195; C0235231; C0026205; C0235827; C0242184; C0262662; C0340464; C0278080; C0439857; C0332534; C0332575; C0340865; C0344232; C0344315; C0392197; C2939147; C0424295; C0424296; C0427086; C0428886; C0428977; C0520854; C0521491; C0858797; C0541881; C0542127; C0547030; C3665347; C0581879; C0600228; C0740852; C0853813; C0857332; C0009024; C0857353; C0877609; C0549249; C0919593; C1096717; C1260880; C0027441; C1457883; C1527344; C1701474; C3203358,Aggression; Airway obstruction NOS; Obstructive airways disorder; Retrograde amnesia; Anaphylactic shock; Anger; Anxiety; Apnoea; Assault; Injury; Physical assault; Asthenia; Ataxia; Athetosis; Mental disorder; Bronchospasm; Confusional state; Feeling abnormal; Connective tissue disorder; Constipation; Cough; Delirium; Delusion; Depression; Diplopia; Dizziness; Drooling; Drowsiness; Somnolence; Dysarthria; Osteoarthritis; Dyspnoea; Rash; Dermatitis; Eye disorder; Fatigue; Fracture; Multiple fractures; Gagging; Retching; Gastrointestinal disorder; Hallucination; Headache; Cardiac arrest; Cardiac disorder; Cardiac failure; Haematoma; Hiccups; Hostility; Hypercapnia; Carbon dioxide increased; Hypersensitivity; Hyperventilation; Hypotension; Immune system disorder; Irritability; Laryngospasm; Lethargy; Mediastinal disorder; Movement disorder; Dyskinesia; Nausea; Nervous system disorder; Nervousness; Tension; Nightmare; Nystagmus; Pain; Paraesthesia; Neuropathy peripheral; Phlebitis; Pruritus; Psychotic disorder; Respiratory insufficiency; Respiratory failure; Rhonchi; Salivation; Salivary hypersecretion; Shock; Sleep disturbance; Sleep disorder; Sneezing; Stridor; Withdrawal syndrome; Swelling; Tachycardia; Thrombophlebitis; Thrombosis; VT; Ventricular tachycardia; Toothache; Tremor; Erythema; Urticaria; Syncope vasovagal; Presyncope; Syncope; Vertigo; Vomiting; Wheezing; Dry mouth; Yawning; Chills; Agitation; Mood swings; Affect lability; Withdrawal symptom; Drug withdrawal syndrome; Ventricular extrasystoles; Muscular weakness; Skin necrosis; Skin exfoliation; Injection site pain; Respiratory arrest; Unspecified disorder of skin and subcutaneous tissue; Skin disorder; Lightheadedness; Shallow breathing; Hypopnoea; Muscle stiffness; Musculoskeletal stiffness; Welts; Muscle twitching; Tachypnoea; Respiratory rate decreased; Nodal rhythm; Digestion impaired; Dyspepsia; Disorientation; Emotional disorder; Dysphoria; Excitement; Anterograde amnesia; Tenderness; Slurred speech; Clonic convulsion; Respiratory depression; Pulmonary function test decreased; Tremor muscle; Withdrawal seizures; Drug withdrawal convulsions; Euphoric mood; Tranquillisation excessive; Sedation; Pupils pinpoint; Miosis; Therapeutic response decreased; Hypoxia; Ventricular bigeminy; Extrasystoles; Dependence physiological; Dependence; Induration; Redness; Anaphylactoid reaction; Vision blurred; Depressed mood; Warmth; Feeling hot; Hyperkinesia; Disinhibition; Movements involuntary; Mean arterial pressure; Bradycardia; Mean arterial pressure decreased; Application site pain; Instillation site pain; Difficulty focusing eyes; Oversedation; Visual disturbance; Visual impairment; Felt faint; Cardio-respiratory arrest; Upper airway obstruction; Local reaction; Clonic movements; Clonus; Hypotensive; Alertness decreased; Depressed level of consciousness; Injection site coldness; Pain during injection; Rhinorrhoea; Nasopharyngitis; Aggressive reaction; Dysphonia; Argumentativeness; Hypoventilation
DB00715,Paroxetine,"Paroxetine is a selective serotonin reuptake inhibitor (SSRI) drug commonly known as Paxil. It has a variety of uses, including the treatment of anxiety disorders, major depression, posttraumatic stress disorder, and symptoms of menopause, among others.[T653] It was approved by the FDA in the early 1990s and marketed by SmithKline Beecham.[L7712,L7715] A unique feature of this drug is that it is highly potent and selective in its inhibition of serotonin reuptake and has little effect on other neurotransmitters.[A31914] Because of its potent inhibition of serotonin reuptake, paroxetine is more likely to cause withdrawal effects upon cessation. Paroxetine is well tolerated in most patients with a similar adverse effect profile to other members of its drug class.[A31914] The controlled release formulation was designed to decrease the likelihood of nausea that is sometimes associated with paroxetine.[L7700,L7742]",direct,N06AB05,CID000043815,LLT; PT,C0000737; C0687713; C0000833; C0001339; C0001807; C0001824; C0001925; C0002170; C0002390; C0002418; C0002453; C0002622; C0002792; C0002871; C0002874; C0002878; C0002884; C0002962; C0002994; C0003079; C0003467; C0003469; C0003537; C0003811; C0003862; C0948594; C0003864; C0003873; C0004093; C0004096; C0004134; C0004238; C0004604; C0004936; C0005586; C0853193; C0005741; C0005758; C0085932; C0005940; C0006145; C0006147; C0006277; C0006325; C0006370; C2267227; C0006384; C0006444; C0006625; C0006840; C0006852; C0700345; C1609512; C0007097; C0006826; C0007166; C0007302; C0007642; C0007820; C0007859; C0007867; C0008031; C0008350; C0009319; C0009421; C0009450; C0009676; C1443060; C0009763; C0009782; C0009806; C0010043; C0010200; C0010692; C0403632; C0232849; C0011053; C0011124; C0855242; C0011168; C0011175; C0011206; C0011253; C0011334; C0011551; C0011570; C0011606; C0011616; C0011630; C0011849; C0011860; C0011991; C0012569; C0012797; C0032617; C0012833; C0013144; C2830004; C0013146; C0013298; C0013362; C0029408; C0013378; C0013384; C0013390; C0013395; C0013404; C0013428; C0013447; C0013456; C0013491; C0013537; C0013595; C0013604; C0013781; C0014130; C0014335; C0014457; C0014518; C0014534; C0014549; C0014591; C0014724; C0014742; C0014743; C0014848; C0014868; C0015230; C0011603; C0015300; C0015371; C0015397; C0015402; C0015644; C0235086; C0015672; C0015732; C0015734; C1321686; C0015967; C0016034; C0016204; C0016382; C0016658; C0016655; C0016867; C0242301; C0017152; C0017160; C0017168; C0017178; C0017181; C0017411; C0017412; C0017565; C0017566; C0017574; C0017601; C0017675; C0018021; C0018099; C0018378; C0018524; C0018681; C0018794; C0004245; C0018799; C0018802; C0018926; C0018944; C0018965; C0019079; C0019080; C0518015; C0019112; C0019158; C0019214; C0019270; C0019348; C0019360; C0019521; C0019572; C0020039; C0020429; C0020453; C0020433; C0020437; C0020443; C0020456; C0020458; C0020461; C0020514; C0020517; C0020538; C0020542; C0020550; C0020569; C0020578; C0020580; C0020598; C0020615; C0020621; C0020625; C0020649; C0020651; C0020672; C0413252; C0020676; C0020701; C0009946; C0020877; C0021053; C0021141; C0021177; C0021400; C0021843; C0022346; C0022408; C0022573; C0022568; C0022638; C0022650; C0392525; C0022658; C0022660; C0023051; C0023066; C0023067; C0023380; C0023434; C0023518; C0023530; C0023533; C0227791; C0024236; C0024282; C0024312; C0024894; C0024902; C0025061; C0025222; C0025289; C0025323; C0025345; C0025874; C0026650; C0026821; C0037763; C0026826; C0026848; C0026961; C0026975; C0027051; C0948089; C0027066; C0027121; C0027497; C0027651; C0027697; C0027765; C0027769; C0233494; C0027796; C0027813; C0031117; C0027849; C0027932; C0028077; C0028084; C0028734; C0028738; C0028754; C0028961; C0029134; C0029456; C0029878; C0029882; C0029927; C0029928; C0030193; C0030232; C0030252; C0030305; C0030312; C0030554; C0030567; C0242422; C0030794; C0030920; C0031154; C0031350; C0031542; C0032285; C1167965; C0032708; C0033036; C0033117; C0033575; C0033581; C0033774; C0033975; C0034040; C0034063; C0034065; C0034067; C0034069; C0034150; C1368065; C0034152; C0034359; C0034880; C0034882; C0687707; C0035258; C0035317; C0035455; C0036130; C0036454; C0036508; C0036572; C0036973; C0085593; C0037023; C0037036; C0037199; C0037299; C0037317; C0851578; C0038220; C0038325; C0038358; C0038362; C0038363; C0038367; C0149745; C0038435; C0038450; C0038454; C0038587; C0038663; C0038986; C0038990; C0039070; C0041657; C0036974; C0039231; C0039239; C0039240; C0039503; C0039520; C0039591; C0039621; C0039971; C0040034; C0040046; C0040053; C0040147; C0040264; C0040427; C0040435; C0040460; C0040479; C0040485; C0040822; C0041105; C0041582; C0041834; C0041976; C1328337; C0042023; C0042024; C0042029; C0042035; C0042063; C0042109; C0042138; C0042267; C0404521; C0042345; C0042373; C0042376; C0042401; C1142412; C0042510; C0042514; C0042571; C0042963; C0043094; C0043096; C0043117; C0043251; C3263723; C0043352; C0043387; C0080274; C0085096; C0085576; C0085577; C0271899; C0085583; C0085605; C0085606; C0085611; C0428974; C0085623; C0085628; C0549249; C0085631; C0085633; C0233472; C0085636; C0085637; C0085641; C0085649; C0085681; C0085702; C0085762; C0086132; C0086439; C0086543; C0086565; C0086769; C0149931; C0151315; C0948525; C1320474; C0151500; C0151511; C0151526; C0021294; C0151529; C0151539; C0151547; C0151564; C0151571; C0151594; C0151596; C0151601; C0151603; C0268000; C0151610; C0040409; C0151611; C0151622; C0151636; C0151639; C0021361; C0151669; C0151729; C0151717; C0151744; C0151746; C1565489; C0151752; C0235660; C0151754; C0853149; C0151766; C0151772; C0338831; C0151779; C0025202; C0151798; C0151826; C0151827; C0151836; C1456784; C0151838; C0521591; C0151849; C0852911; C0151883; C0151888; C0151889; C0151904; C0151905; C0151907; C0151908; C0151911; C0151996; C0042133; C0151998; C0152009; C0023510; C0152032; C0152128; C0152198; C0156543; C0162316; C0162429; C0162830; C0178298; C0037274; C0178829; C0220870; C0221278; C0231218; C0234215; C2047937; C0231303; C0700361; C0231365; C0231528; C0231530; C0232461; C0232462; C0232981; C0004509; C0233407; C0233414; C0233523; C0233528; C0003431; C0233565; C0233632; C1306341; C0234022; C0234047; C0234133; C0234458; C0235146; C0235198; C0235567; C1262144; C0235639; C0438142; C0235750; C0235966; C0236051; C0013220; C0236071; C0241934; C0242350; C0243026; C0264893; C0267596; C0267792; C0267940; C0270458; C1269683; C0274714; C3160741; C0278080; C0439857; C0281773; C0017605; C0340464; C0340865; C0344232; C0349506; C0392156; C0423791; C0424000; C0424109; C0010399; C0424295; C0427008; C0427546; C0580550; C0428977; C0438717; C0442874; C0455204; C0497156; C0520966; C0522055; C0522178; C0522224; C0542571; C0547030; C3665347; C0549622; C0553721; C0020620; C0558489; C0574067; C0575081; C0577559; C0600139; C0376358; C0678222; C0006142; C0694536; C1510472; C0699828; C0700590; C0702166; C0702266; C0741553; C0019087; C0836924; C0855333; C0151878; C0860160; C0860207; C0860661; C0027562; C0863093; C0027441; C0877237; C0877322; C0877359; C0917798; C0917801; C0947912; C0151786; C1112442; C1112443; C1112573; C0029261; C1258215; C1458155; C1510410; C1527311; C1527344; C1704373; C0009595; C1971624; C2225524; C2364111; C2937350; C0235969; C2979982; C3665386,Abdominal pain; Gastrointestinal pain; Abscess; Pancreatitis acute; Aggression; Agranulocytosis; Albuminuria; Alopecia; Alveolitis allergic; Amblyopia; Amenorrhoea; Amnesia; Anaphylactic shock; Anaemia; Aplastic anaemia; Haemolytic anaemia; Hypochromic anaemia; Angina pectoris; Angioedema; Pupils unequal; Anxiety; Anxiety disorder; Aphasia; Arrhythmia; Arthralgia; Musculoskeletal discomfort; Arthritis; Rheumatoid arthritis; Asthenia; Asthma; Ataxia; Atrial fibrillation; Back pain; Mental disorder; Bipolar disorder; Bipolar I disorder; Blepharitis; Blister; Dermatitis bullous; Bone disorder; Breast disorder; Breast feeding; Bronchitis; Bruxism; Bulimia; Bulimia nervosa; Bundle branch block; Bursitis; Cachexia; Candida infection; Vaginal moniliasis; Vulvovaginal candidiasis; Vulvovaginal mycotic infection; Carcinoma; Neoplasm malignant; Cardiac output decreased; Chondropathy; Cellulitis; Cerebrovascular disorder; Neck pain; Cervix disorder; Chest pain; Cholelithiasis; Colitis; Coma; Infection; Confusional state; Feeling abnormal; Conjunctivitis; Connective tissue disorder; Constipation; Ulcerative keratitis; Cough; Cystitis; Cystitis noninfective; Bladder pain; Deafness; Libido decreased; Disturbance in sexual arousal; Dysphagia; Dehydration; Delirium; Delusion; Dental caries; Depersonalisation; Depression; Dermatitis exfoliative; Dermatitis contact; Fungal skin infection; Diabetes mellitus; Type 2 diabetes mellitus; Diarrhoea; Diplopia; Diuresis; Polyuria; Dizziness; Drowsiness; Somnolence; Drug abuse; Duodenitis; Dysarthria; Osteoarthritis; Dysgeusia; Dyskinesia; Dysmenorrhoea; Dyspepsia; Dyspnoea; Dysuria; Ear disorder; Ear pain; Ecchymosis; Eclampsia; Eczema; Oedema; Electric shock; Endocrine disorder; Enteritis; Eosinophilia; Toxic epidermal necrolysis; Epididymitis; Grand mal convulsion; Epistaxis; Eructation; Erythema multiforme; Erythema nodosum; Oesophageal achalasia; Oesophagitis; Rash; Dermatitis; Exophthalmos; Extrapyramidal disorder; Eye disorder; Eye haemorrhage; Fasciculation; Muscle contractions involuntary; Fatigue; Faecal incontinence; Faecalith; Faecaloma; Body temperature increased; Fibrocystic breast disease; Flatulence; Flushing; Fracture; Multiple fractures; Furunculosis; Furuncle; Gastritis; Gastroenteritis; Gastrooesophageal reflux disease; Gastrointestinal disorder; Gastrointestinal haemorrhage; Genital disorder female; Genital disorder male; Gingival bleeding; Gingival hyperplasia; Gingivitis; Glaucoma; Glossitis; Goitre; Gout; Guillain-Barre syndrome; Hallucination; Headache; Block heart; Atrioventricular block; Cardiac disorder; Cardiac failure congestive; Haematemesis; Haematoma; Haematuria; Haemoptysis; Haemorrhage; Haemoglobin; Haemorrhoids; Hepatitis; Hepatosplenomegaly; Hernia; Herpes simplex; Herpes zoster; Hiccups; Hirsutism; Hostility; Hyperpathia; Hyperaesthesia; Hyperbilirubinaemia; Hypercalcaemia; Hypercholesterolaemia; Hyperglycaemia; Hyperhidrosis; Hyperkalaemia; Hyperprolactinaemia; Hypersensitivity; Hypertension; Pulmonary hypertension; Hyperthyroidism; Salivary gland enlargement; Hyperventilation; Hypoaesthesia; Hypocalcaemia; Hypoglycaemia; Hypokalaemia; Hyponatraemia; Hypotension; Orthostatic hypotension; Body temperature decreased; Hypothermia; Hypothyroidism; Hysteria; Conversion disorder; Ileitis; Immune system disorder; Inappropriate antidiuretic hormone secretion; Libido increased; Influenza; Intestinal obstruction; Jaundice; Arthropathy; Keratoconjunctivitis; Keratitis; Ketosis; Calculus of kidney; Nephrolithiasis; Nephropathy; Renal failure acute; Laryngeal disorder; Laryngospasm; Laryngitis; Lethargy; Chronic lymphocytic leukaemia; Leukocytosis; Leukopenia; Leukorrhea; Vaginal discharge; Lymphoedema; Lymphocytosis; Lymphopenia; Mastitis; Breast pain; Mediastinal disorder; Melaena; Meningitis; Menorrhagia; Menstrual disorder; Metrorrhagia; Movement disorder; Cramp muscle; Muscle spasms; Hypertonia; Myopathy; Mydriasis; Myelitis; Myocardial infarction; Acute coronary syndrome; Myoclonus; Myositis; Nausea; Neoplasm; Nephritis; Nervous system disorder; Nervousness; Tension; Neuralgia; Neuritis; Neuropathy peripheral; Neuroleptic malignant syndrome; Neurosis; Night blindness; Nightmare; Nocturia; Nystagmus; Obesity; Oliguria; Optic neuritis; Osteoporosis; Otitis externa; Otitis media; Ovarian cyst; Ovarian disorder; Pain; Pallor; Palpitations; Pancreatitis; Pancytopenia; Paraesthesia; Parkinson's disease; Parkinsonism; Pelvic pain; Peptic ulcer; Peritonitis; Pharyngitis; Phlebitis; Pneumonia; Urine output increased; Porphyrin metabolism disorder; Supraventricular extrasystoles; Priapism; Prostatic disorder; Prostatitis; Pruritus; Psychotic disorder; Postpartum disorder; Pulmonary oedema; Pulmonary embolism; Emphysema; Pulmonary fibrosis; Purpura; Vascular purpura; Henoch-Schonlein purpura; Pyuria; Hyperacusis; Rectal disorder; Anorectal disorder; Restless legs syndrome; Retinal haemorrhage; Rhinitis; Salpingitis; Scotoma; Seborrhoeic dermatitis; Convulsion; Shivering; Chills; Sialoadenitis; Salivary hypersecretion; Sinusitis; Skin ulcer; Sleep disturbance; Sleep disorder; Status epilepticus; Stevens-Johnson syndrome; Gastric ulcer; Stomatitis; Aphthous stomatitis; Ulcerative stomatitis; Mouth ulceration; Stress; Stridor; Cerebrovascular accident; Withdrawal syndrome; Suicide attempt; Sweat gland disorder; Sweating; Syncope; Loss of consciousness; Shock; Tachycardia; Sinus tachycardia; Supraventricular tachycardia; Tendonitis; Tenosynovitis; Testicular pain; Tetany; Thirst; Thrombocytopenia; Thrombophlebitis; Thrombosis; Thyroiditis; Tinnitus; Tooth malformation; Tooth disorder; Toothache; Torsade de pointes; Torticollis; Tremor; Trismus; Ulcer; Erythema; Urethritis; Urethritis noninfective; Pollakiuria; Urinary incontinence; Urinary tract infection; Micturition disorder; Congenital genitourinary abnormality; Urticaria; Uterine neoplasm; Vaginal inflammation; Vaginal infection; Varicose vein; Angiopathy; Vascular headache; Vasodilation; Vasodilation procedure; Ventricular fibrillation; Ventricular tachycardia; Vertigo; Vomiting; Weight increased; Weight decreased; Idiopathic thrombocytopenic purpura; Trauma; Injury; Dry mouth; Yawning; Urinary retention; Peripheral vascular disorder; Microcytic anaemia; Normocytic anemia; Normochromic normocytic anaemia; Choreoathetosis; Hepatic failure; Micturition urgency; Atrial arrhythmia; Arrhythmia supraventricular; Akinesia; Stupor; Depressed level of consciousness; Agitation; Mood swings; Affect lability; Photophobia; Oculogyric crisis; Rash pustular; Oedema peripheral; Hyperphosphataemia; Monocytosis; Alcohol abuse; Depressive symptom; Hypokinesia; Cataract; Hepatic function abnormal; Panic attack; Migraine; Neck stiffness; Musculoskeletal stiffness; Nuchal rigidity; Anticholinergic syndrome; Breast atrophy; Premature delivery; Premature baby; Bleeding time prolonged; Blood urea increased; Cataract specified; Cogwheel rigidity; Corneal lesion; Diarrhoea haemorrhagic; Tongue discolouration; Conjunctival oedema; Generalised oedema; Fluid retention; Tongue oedema; Tongue disorder; Electroencephalogram abnormal; Endometrial disorder; Ventricular extrasystoles; Fertility female decreased; Infertility female; Gamma globulins increased; Immunoglobulins increased; Skin hypertrophy; Myocardial ischaemia; Kidney function abnormal; Renal impairment; Lactation female; Galactorrhoea; Lactic dehydrogenase activity increased; Blood lactate dehydrogenase increased; Liver function test abnormal; Manic psychosis; Mania; Melanoma skin; Malignant melanoma; Hepatic necrosis; Retrosternal pain; Eye pain; Paranoid reaction; Paranoia; Circumoral paresthesia; Paraesthesia oral; Phosphatase alkaline increased; Blood alkaline phosphatase increased; Vesiculobullous rash; Hyporeflexia; Hyperreflexia; Aspartate aminotransferase increased; Alanine aminotransferase increased; Skin discolouration; Dry skin; Generalised spasm; Uterine fibroids enlarged; Uterine leiomyoma; Uterine spasm; WBC abnormal NOS; White blood cell disorder; Urinary hesitation; Drug withdrawal syndrome; Accommodation disorder; Abortion; Iron deficiency anaemia; Malnutrition; Photosensitivity reaction; Unspecified disorder of skin and subcutaneous tissue; Skin disorder; Reproductive tract disorder; Fatal outcomes; Lightheadedness; Anisocytosis; Malaise; Discomfort; Ill-defined disorder; Distress; Emotional distress; Urination impaired; Myalgia; Muscle twitching; Increased appetite; Decreased appetite; Spermatogenesis arrest; Azoospermia; Disorientation; Disturbance in attention; Antisocial behaviour; Asocial behaviour; Antisocial personality disorder; Bradykinesia; Thinking abnormal; Mental disability; Anorgasmia; Ejaculation delayed; Extrapyramidal symptoms; Abnormal dreams; Euphoric mood; Cerebration impaired; Sputum increased; Increased bronchial secretion; Urine abnormality; Urine analysis abnormal; Hypertension worsened; Dreaming excessive; Tolerance development; Drug tolerance; Throat tightness; Hypomania; Erectile dysfunction; Sepsis; Nodal arrhythmia; Rectal haemorrhage; Hepatobiliary disease; Pancreatitis haemorrhagic; Psychotic depression; Major depression; Adrenergic syndrome; Toxicity to various agents; Dependence physiological; Dependence; Acute glaucoma; Angle closure glaucoma; Extrasystoles; Anaphylactoid reaction; Vision blurred; Photosensitivity; Akathisia; Rash maculo-papular; Suicidal ideation; Tearfulness; Crying; Hyperkinesia; Stiffness; Lymphocyte abnormal; Lymphocyte count abnormal; Bradycardia; Transaminases increased; Neuropathy; Homicidal ideation; Lymphadenopathy; Coordination abnormal; Electrocardiogram abnormal; Self-injurious ideation; Paralysis; Face oedema; Visual disturbance; Visual impairment; Sexual dysfunction; Sweating decreased; Hypohidrosis; Renal pain; Cough increased; Gait disturbance; Mass; Prostate carcinoma; Prostate cancer; Carcinoma breast; Breast cancer; Drug seeking behavior; Drug dependence; Serotonin syndrome; Sweating increased; Acne; Basophilia; Hemorrhage abnormal; Haemorrhagic disorder; Thrombocytosis; Blood and lymphatic system disorders; Electrocardiogram QT corrected interval prolonged; Electrocardiogram QT prolonged; Diabetes mellitus inadequate control; Drug-induced liver injury; Oppositional; Negativism; Cold symptoms; Nasopharyngitis; Traumatic fracture; Muscle tightness; Raised liver function tests; Cerebral ischaemia; Insomnia; Myasthenia; Muscular weakness; Female sexual dysfunction; Male sexual dysfunction; Delayed orgasm; Orgasm abnormal; Ileus; Breast neoplasm; Parosmia; Brain oedema; Dysphonia; Compulsive personality disorder; Obsessive-compulsive personality disorder; Appetite absent; Breast enlargement; Ageusia; Abnormal ejaculation; Ejaculation disorder; Vaginal haemorrhage; Abnormal vision
DB00725,Homatropine methylbromide,"Homatropine methylbromide is a quaternary ammonium muscarinic acetylcholine receptor antagonist belonging to the group of medicines called anti-muscarinics. Homatropine is used to treat duodenal or stomach ulcers or intestine problems. It can be used together with antacids or other medicine in the treatment of peptic ulcer. It may also be used to prevent nausea, vomiting, and motion sickness.",direct,A03CB04;A03BB06,,,,
DB00726,Trimipramine,"Tricyclic antidepressant similar to imipramine, but with more antihistaminic and sedative properties.",direct,N06AA06,CID000005584,LLT; PT,C0000729; C0000737; C0001416; C0024205; C0001824; C0002170; C0003123; C0232462; C0003467; C0003811; C0004093; C0004134; C0009676; C1443060; C0009806; C0011124; C0855242; C0011253; C0011991; C0012833; C0013144; C2830004; C0013604; C0014457; C0015230; C0011603; C0015672; C0015967; C0016382; C0018418; C0018524; C0018681; C0018794; C0004245; C0020538; C0020649; C0021141; C0022346; C0026961; C0027051; C0948089; C0027497; C0028084; C0028643; C0278134; C0020580; C0030252; C0030446; C0031117; C0031256; C0033774; C0033975; C0034150; C1368065; C0036572; C0038362; C0038454; C0039231; C0040034; C0040264; C0040822; C0042023; C0042109; C0042963; C0043094; C0043352; C0080274; C0085631; C0087169; C0152128; C0151773; C0030312; C0152198; C0221490; C0013395; C0231218; C0234215; C2047937; C0233407; C0234133; C0015371; C0235293; C0013378; C0235347; C0151596; C0235660; C0239385; C0030554; C0241934; C0242350; C0242429; C2363730; C2363731; C0344232; C0424823; C0341047; C0520966; C0917801; C2225524; C2242996; C2584688,Abdominal cramps; Abdominal pain; Adenitis; Lymphadenitis; Agranulocytosis; Alopecia; Anorexia; Decreased appetite; Anxiety; Arrhythmia; Asthenia; Ataxia; Confusional state; Feeling abnormal; Constipation; Libido decreased; Disturbance in sexual arousal; Delusion; Diarrhoea; Dizziness; Drowsiness; Somnolence; Oedema; Eosinophilia; Rash; Dermatitis; Fatigue; Body temperature increased; Flushing; Gynaecomastia; Hallucination; Headache; Block heart; Atrioventricular block; Hypertension; Hypotension; Inappropriate antidiuretic hormone secretion; Jaundice; Mydriasis; Myocardial infarction; Acute coronary syndrome; Nausea; Nightmare; Numbness; Sensory loss; Hypoaesthesia; Palpitations; Ileus paralytic; Neuropathy peripheral; Petechiae; Pruritus; Psychotic disorder; Purpura; Vascular purpura; Convulsion; Stomatitis; Cerebrovascular accident; Tachycardia; Thrombocytopenia; Tinnitus; Tremor; Pollakiuria; Urticaria; Vomiting; Weight increased; Dry mouth; Urinary retention; Agitation; Withdrawal symptom; Drug withdrawal syndrome; Bone marrow depression; Pancytopenia; Accommodation disorder; Epigastric distress; Dyspepsia; Malaise; Discomfort; Ill-defined disorder; Disorientation; Extrapyramidal symptoms; Extrapyramidal disorder; Taste peculiar; Dysgeusia; Black hairy tongue; Tongue discolouration; Galactorrhoea; Paresthesia of limbs; Paraesthesia; Hypomania; Erectile dysfunction; Throat sore; Oropharyngeal discomfort; Oropharyngeal pain; Vision blurred; Parotid swelling; Parotid gland enlargement; Coordination abnormal; Insomnia; Breast enlargement; Tingling sensation; Testicular swelling
DB00747,Scopolamine,"Scopolamine is a tropane alkaloid isolated from members of the _Solanaceae_ family of plants, similar to [atropine] and [hyoscyamine], all of which structurally mimic the natural neurotransmitter [acetylcholine].[A228423, A228763] Scopolamine was first synthesized in 1959, but to date, synthesis remains less efficient than extracting scopolamine from plants.[A228763] As an acetylcholine analogue, scopolamine can antagonize muscarinic acetylcholine receptors (mAChRs) in the central nervous system and throughout the body, inducing several therapeutic and adverse effects related to alteration of parasympathetic nervous system and cholinergic signalling.[A228758, L31578] Due to its dose-dependent adverse effects, scopolamine was the first drug to be offered commercially as a transdermal delivery system, Scopoderm TTS®, in 1981.[A228423, A228758] As a result of its anticholinergic effects, scopolamine is being investigated for diverse therapeutic applications; currently, it is approved for the prevention of nausea and vomiting associated with motion sickness and surgical procedures.[A228773, L31578]

Scopolamine was first approved by the FDA on December 31, 1979, and is currently available as both oral tablets and a transdermal delivery system.[L31578]",direct,N05CM05;S01FA02;A04AD01;A04AD51,,,,
DB00767,Benzquinamide,"Benzquinamide is a discontinued antiemetic compound with antihistaminic, mild anticholinergic, and sedative properties. The mechanism of action is not known, but presumably benzquinamide works via antagonism of muscarinic acetycholine receptors and histamine H1 receptors. ",direct,,,,,
DB00777,Propiomazine,"Propiomazine, an atypical antipsychotic agent, is used to treat both negative and positive symptoms of schizophrenia, acute mania with bipolar disorder, agitation, and psychotic symptoms in dementia. Future uses may include the treatment of obsessive-compulsive disorder and severe behavioral disorders in autism. Structurally and pharmacologically similar to clozapine, propiomazine binds to alpha(1), dopamine, histamine H1, muscarinic, and serotonin type 2 (5-HT2) receptors.",direct,N05CM06,,,,
DB00804,Dicyclomine,"Dicyclomine is a muscarinic M1, M3, and M2 receptor antagonist as well as a non-competitive inhibitor of histamine and bradykinin used to treat spasms of the intestines seen in functional bowel disorder and irritable bowel syndrome.[A6556,A182555,A234659,L7967] Though it is commonly prescribed, its recommendation may have been based on a small amount of evidence and so its prescription is becoming less favourable.[L7982]

Dicyclomine was granted FDA approval on 11 May 1950.[L7967]",direct,A03AA07,CID000003042,LLT; PT,C0000731; C0000737; C0687713; C0002622; C0002792; C0002994; C0003123; C0232462; C0003578; C0004044; C0004093; C0004936; C0006145; C0009676; C1443060; C0009806; C0011206; C0011253; C0011615; C0012569; C0012833; C0013144; C2830004; C0013182; C0013384; C0013395; C0013404; C0013604; C0015230; C0011603; C0015397; C0015672; C0017178; C0018524; C0018681; C0018799; C0020517; C0020538; C0021053; C0023380; C0025061; C0026961; C0027424; C0027497; C0027765; C0027769; C0233494; C0028643; C0278134; C0020580; C0030193; C0030252; C0033774; C0033797; C0034931; C0458219; C0158281; C0037383; C0039070; C0041657; C0036974; C0039231; C0040046; C0040053; C0041834; C0042109; C0042963; C0043352; C0080203; C0080274; C0085631; C0085633; C0233472; C0151735; C0151786; C0152032; C0220870; C0231218; C0234215; C2047937; C0233407; C0233571; C0233715; C0037822; C0233763; C0235031; C0235238; C0152198; C0242350; C0269993; C0338591; C0338831; C0344232; C0522224; C0542571; C0553721; C0020620; C0857257; C0917801; C1522058; C0027540; C1739363; C1704272; C2242996; C0030554; C2364111,"Abdominal distension; Abdominal pain; Gastrointestinal pain; Amnesia; Anaphylactic shock; Angioedema; Anorexia; Decreased appetite; Apnoea; Asphyxia; Asthenia; Mental disorder; Breast disorder; Confusional state; Feeling abnormal; Constipation; Delirium; Delusion; Dermatitis atopic; Diplopia; Dizziness; Drowsiness; Somnolence; Drug hypersensitivity; Dyskinesia; Dyspepsia; Dyspnoea; Oedema; Rash; Dermatitis; Eye disorder; Fatigue; Gastrointestinal disorder; Hallucination; Headache; Cardiac disorder; Hypersensitivity; Hypertension; Immune system disorder; Lethargy; Mediastinal disorder; Mydriasis; Nasal congestion; Nausea; Nervous system disorder; Nervousness; Tension; Numbness; Sensory loss; Hypoaesthesia; Pain; Palpitations; Pruritus; Pseudodementia; Reflex sympathetic dystrophy; Complex regional pain syndrome; Cervicobrachial syndrome; Sneezing; Syncope; Loss of consciousness; Shock; Tachycardia; Thrombophlebitis; Thrombosis; Erythema; Urticaria; Vomiting; Dry mouth; Tachyarrhythmia; Urinary retention; Agitation; Mood swings; Affect lability; Injection site reaction; Muscular weakness; Urinary hesitation; Lightheadedness; Malaise; Discomfort; Ill-defined disorder; Disorientation; Excitement; Speech impairment NOS; Speech disorder; Hallucination, visual; Neurological symptom; Cycloplegia; Accommodation disorder; Erectile dysfunction; Suppressed lactation; Transient global amnesia; Mania; Vision blurred; Paralysis; Face oedema; Sweating decreased; Hypohidrosis; Bloated feeling; Insomnia; Coagulation necrosis; Necrosis; Prostatic hypertrophy; Benign prostatic hyperplasia; Tingling sensation; Paraesthesia; Ageusia"
DB00806,Pentoxifylline,"Pentoxifylline (PTX) is a synthetic dimethylxanthine derivative that modulates the rheological properties of blood and also has both anti-oxidant and anti-inflammatory properties.[A226415, L30300] Although originally developed to treat intermittent claudication, a form of exertion-induced leg pain common in patients with peripheral arterial disease, PTX has been investigated for its possible use in diverse conditions, including osteoradionecrosis, diabetic kidney disease, and generally any condition associated with fibrosis.[A226410, A226415, A226455] More recently, PTX has been suggested as a possible treatment for COVID-19-induced pulmonary complications due to its ability to regulate the production of inflammatory cytokines.[A226608]

Pentoxifylline has been marketed in Europe since 1972; PTX extended-release tablets sold under the trade name TRENTAL by US Pharm Holdings were first approved by the FDA on Aug 30, 1984, but have since been discontinued. A branded product, PENTOXIL, marketed by Upsher-Smith Laboratories, and generic forms marketed by Valeant Pharmaceuticals and APOTEX have been available since the late 1990s.[L30300]",direct,C04AD03;R03DA20,,,,
DB00809,Tropicamide,"Tropicamide is an alkaloid atropine‐derived anticholinergic drug and a non‐selective antagonist of muscarinic acetylcholine (mACh) receptors.[A230103] Usually available in ophthalmic formulations, tropicamide is used to cause mydriasis and cycloplegia for eye exams or ocular procedures.[A229958] It is also used in combination with [hydroxyamphetamine] for the same indication.[L32178] Oral tropicamide has been investigated as a potential drug to relieve sialorrhea in patients with Parkinson's Disease.[A229958]",direct,S01FA06;S01FA56,,,,
DB00824,Enprofylline,"Enprofylline is a derivative of theophylline which shares bronchodilator properties. Enprofylline is used in asthma, chronic obstructive pulmonary disease, and in the management of cerebrovascular insufficiency, sickle cell disease, and diabetic neuropathy. Long-term enprofylline administration may be associated with elevation in liver enzyme levels and unpredictable blood levels.",direct,,,,,
DB00835,Brompheniramine,"Histamine H1 antagonist used in treatment of allergies, rhinitis, and urticaria.",direct,R06AB51;R06AB01,,,,
DB00898,Ethanol,"A clear, colorless liquid rapidly absorbed from the gastrointestinal tract and distributed throughout the body. It has bactericidal activity and is used often as a topical disinfectant. It is widely used as a solvent and preservative in pharmaceutical preparations as well as serving as the primary ingredient in alcoholic beverages.",direct,V03AB16;V03AZ01;D08AX08,,,,
DB00934,Maprotiline,"Maprotiline is a tetracyclic antidepressant with similar pharmacological properties to tricyclic antidepressants (TCAs). Similar to TCAs, maprotiline inhibits neuronal norepinephrine reuptake, possesses some anticholinergic activity, and does not affect monoamine oxidase activity. It differs from TCAs in that it does not appear to block serotonin reuptake. Maprotiline may be used to treat depressive affective disorders, including dysthymic disorder (depressive neurosis) and major depressive disorder. Maprotiline is effective at reducing symptoms of anxiety associated with depression.",direct,N06AA21,CID000004011,LLT; PT,C0000729; C0000737; C0687713; C0001416; C0024205; C0001807; C0001824; C0002170; C0002390; C0003467; C0003811; C0004093; C0004134; C0005940; C0006145; C0006266; C0006384; C0009450; C0009676; C1443060; C0009806; C0011124; C0855242; C0011168; C0011206; C0011253; C0011334; C0011551; C0011615; C0011991; C0012833; C0013144; C2830004; C0013362; C0029408; C0013378; C0013384; C0013604; C0014130; C0014457; C0014518; C0014742; C0015230; C0011603; C0015397; C0015672; C0015967; C0016382; C0017178; C0018418; C0018524; C0018681; C0018794; C0004245; C0018799; C0019158; C0020458; C0020538; C0020565; C2225524; C0020649; C0020651; C0021141; C0022346; C0023530; C0025061; C0026961; C0027051; C0948089; C0027066; C0027424; C0027497; C0027765; C0027769; C0233494; C0028084; C0028643; C0278134; C0020580; C0030252; C0030446; C0030554; C0031117; C0031256; C0033774; C0033975; C0034150; C1368065; C0036572; C0037036; C0037317; C0851578; C0038325; C0038362; C0038454; C0039070; C0041657; C0036974; C0039231; C0039239; C0040034; C0040264; C0040479; C0040822; C0042023; C0042035; C0042075; C0041969; C0042109; C0042373; C0042510; C0042514; C0042963; C0043094; C0043096; C0043352; C0080274; C0085631; C0086132; C0087169; C0152128; C0151611; C0151766; C0151773; C0030312; C0151786; C0162429; C0162830; C0178298; C0037274; C0206061; C0206062; C0221490; C0013395; C0232461; C0233407; C0233754; C0233794; C0234133; C0015371; C0235290; C0235347; C0151596; C0235660; C0241934; C0242350; C0262988; C0264886; C0267792; C0338831; C0344232; C0344315; C0392156; C0424295; C0429097; C0429098; C0497247; C0520966; C0600142; C0236075; C0700590; C0851341; C1384353; C0854382; C0917801; C1290864; C1320835; C2242996; C2584688,Abdominal cramps; Abdominal pain; Gastrointestinal pain; Adenitis; Lymphadenitis; Aggression; Agranulocytosis; Alopecia; Alveolitis allergic; Anxiety; Arrhythmia; Asthenia; Ataxia; Bone disorder; Breast disorder; Bronchospasm; Bundle branch block; Infection; Confusional state; Feeling abnormal; Constipation; Libido decreased; Disturbance in sexual arousal; Dysphagia; Delirium; Delusion; Dental caries; Depersonalisation; Dermatitis atopic; Diarrhoea; Dizziness; Drowsiness; Somnolence; Dysarthria; Osteoarthritis; Dysgeusia; Dyskinesia; Oedema; Endocrine disorder; Eosinophilia; Toxic epidermal necrolysis; Erythema multiforme; Rash; Dermatitis; Eye disorder; Fatigue; Body temperature increased; Flushing; Gastrointestinal disorder; Gynaecomastia; Hallucination; Headache; Block heart; Atrioventricular block; Cardiac disorder; Hepatitis; Hyperhidrosis; Hypertension; Hypertrophy of breast; Breast enlargement; Hypotension; Orthostatic hypotension; Inappropriate antidiuretic hormone secretion; Jaundice; Leukopenia; Mediastinal disorder; Mydriasis; Myocardial infarction; Acute coronary syndrome; Myoclonus; Nasal congestion; Nausea; Nervous system disorder; Nervousness; Tension; Nightmare; Numbness; Sensory loss; Hypoaesthesia; Palpitations; Ileus paralytic; Paraesthesia; Neuropathy peripheral; Petechiae; Pruritus; Psychotic disorder; Purpura; Vascular purpura; Convulsion; Salivary hypersecretion; Sleep disturbance; Sleep disorder; Stevens-Johnson syndrome; Stomatitis; Cerebrovascular accident; Syncope; Loss of consciousness; Shock; Tachycardia; Sinus tachycardia; Thrombocytopenia; Tinnitus; Torsade de pointes; Tremor; Pollakiuria; Micturition disorder; Urinary tract disorder; Urethral disorder; Urticaria; Angiopathy; Ventricular fibrillation; Ventricular tachycardia; Vomiting; Weight increased; Weight decreased; Dry mouth; Urinary retention; Agitation; Depressive symptom; Withdrawal symptom; Drug withdrawal syndrome; Electroencephalogram abnormal; Liver function test abnormal; Bone marrow depression; Pancytopenia; Muscular weakness; Malnutrition; Photosensitivity reaction; Unspecified disorder of skin and subcutaneous tissue; Skin disorder; Interstitial pneumonia; Interstitial lung disease; Epigastric distress; Dyspepsia; Increased appetite; Disorientation; Derealisation; Memory impairment; Extrapyramidal symptoms; Extrapyramidal disorder; Taste bitter; Black hairy tongue; Tongue discolouration; Galactorrhoea; Hypomania; Erectile dysfunction; Cutaneous vasculitis; Conduction disorder; Hepatobiliary disease; Mania; Vision blurred; Depressed mood; Akathisia; Hyperkinesia; QRS complex; Electrocardiogram QRS complex; Blood pressure increased; Coordination abnormal; Hot flush; Menopausal symptoms; Sweating increased; Infestation NOS; Infestation; Blood and lymphatic system disorders; Ear and labyrinth disorders; Libido disorder; Insomnia; Abdominal disorder; Drug fever; Tingling sensation; Testicular swelling
DB00940,Methantheline,"Methantheline is a synthetic antispasmodic. Antispasmodics are used to relieve cramps or spasms of the stomach, intestines, and bladder. Methantheline is used to treat intestine or stomach ulcers (peptic ulcer disease), intestine problems (irritable bowel syndrome), pancreatitis, gastritis, biliary dyskinesia, pylorosplasm, or urinary problems (reflex neurogenic bladder in children).",direct,A03AB07,,,,
DB21404,Zamifenacin,,direct,,,,,
