id,HPO_ID,name,OBO_Name,definition,OBO_Definition,UMLS_IDs,HPO_ID_norm,obo_label,obo_definition,IS_ASD_PHENOTYPE
http://purl.obolibrary.org/obo/HP_0000006,HP_0000006,Autosomal dominant inheritance,,"A mode of inheritance that is observed for traits related to a gene encoded on one of the autosomes (i.e., the human chromosomes 1-22) in which a trait manifests in heterozygotes. In the context of medical genetics, an autosomal dominant disorder is caused when a single copy of the mutant allele is present. Males and females are affected equally, and can both transmit the disorder with a risk of 50% for each child of inheriting the mutant allele.",,C0443147,HP:0000006,Autosomal dominant inheritance,"A mode of inheritance that is observed for traits related to a gene encoded on one of the autosomes (i.e., the human chromosomes 1-22) in which a trait manifests in heterozygotes. In the context of medical genetics, an autosomal dominant disorder is caused when a single copy of the mutant allele is present. Males and females are affected equally, and can both transmit the disorder with a risk of 50% for each child of inheriting the mutant allele.",True
http://purl.obolibrary.org/obo/HP_0000007,HP_0000007,Autosomal recessive inheritance,,"A mode of inheritance that is observed for traits related to a gene encoded on one of the autosomes (i.e., the human chromosomes 1-22) in which a trait manifests in individuals with two pathogenic alleles, either homozygotes (two copies of the same mutant allele) or compound heterozygotes (whereby each copy of a gene has a distinct mutant allele).",,C0441748;C4020899,HP:0000007,Autosomal recessive inheritance,"A mode of inheritance that is observed for traits related to a gene encoded on one of the autosomes (i.e., the human chromosomes 1-22) in which a trait manifests in individuals with two pathogenic alleles, either homozygotes (two copies of the same mutant allele) or compound heterozygotes (whereby each copy of a gene has a distinct mutant allele).",True
http://purl.obolibrary.org/obo/HP_0000020,HP_0000020,Urinary incontinence,,Loss of the ability to control the urinary bladder leading to involuntary urination.,,C0042024,HP:0000020,Urinary incontinence,Loss of the ability to control the urinary bladder leading to involuntary urination.,True
http://purl.obolibrary.org/obo/HP_0000023,HP_0000023,Inguinal hernia,,Protrusion of the contents of the abdominal cavity through the inguinal canal.,,C0019294,HP:0000023,Inguinal hernia,Protrusion of the contents of the abdominal cavity through the inguinal canal.,True
http://purl.obolibrary.org/obo/HP_0000028,HP_0000028,Cryptorchidism,,"Testis in inguinal canal. That is, absence of one or both testes from the scrotum owing to failure of the testis or testes to descend through the inguinal canal to the scrotum.",,C0010417,HP:0000028,Cryptorchidism,"Testis in inguinal canal. That is, absence of one or both testes from the scrotum owing to failure of the testis or testes to descend through the inguinal canal to the scrotum.",True
http://purl.obolibrary.org/obo/HP_0000034,HP_0000034,Hydrocele testis,,Accumulation of clear fluid in the between the layers of membrane (tunica vaginalis) surrounding the testis.,,C1720771,HP:0000034,Hydrocele testis,Accumulation of clear fluid in the between the layers of membrane (tunica vaginalis) surrounding the testis.,True
http://purl.obolibrary.org/obo/HP_0000046,HP_0000046,Small scrotum,,Apparently small scrotum for age.,,C0431659,HP:0000046,Small scrotum,Apparently small scrotum for age.,True
http://purl.obolibrary.org/obo/HP_0000053,HP_0000053,Macroorchidism,,The presence of abnormally large testes.,,C1263023,HP:0000053,Macroorchidism,The presence of abnormally large testes.,True
http://purl.obolibrary.org/obo/HP_0000076,HP_0000076,Vesicoureteral reflux,,Abnormal (retrograde) movement of urine from the bladder into ureters or kidneys related to inadequacy of the valvular mechanism at the ureterovesicular junction or other causes.,,C0042580,HP:0000076,Vesicoureteral reflux,Abnormal (retrograde) movement of urine from the bladder into ureters or kidneys related to inadequacy of the valvular mechanism at the ureterovesicular junction or other causes.,True
http://purl.obolibrary.org/obo/HP_0000089,HP_0000089,Renal hypoplasia,,Hypoplasia of the kidney.,,C0266295,HP:0000089,Renal hypoplasia,Hypoplasia of the kidney.,True
http://purl.obolibrary.org/obo/HP_0000098,HP_0000098,Tall stature,,A height above that which is expected according to age and gender norms.,,C0241240,HP:0000098,Tall stature,A height above that which is expected according to age and gender norms.,True
http://purl.obolibrary.org/obo/HP_0000107,HP_0000107,Renal cyst,,A fluid filled sac in the kidney.,,C0022679;C3887499,HP:0000107,Renal cyst,A fluid filled sac in the kidney.,True
http://purl.obolibrary.org/obo/HP_0000126,HP_0000126,Hydronephrosis,,Severe distention of the kidney with dilation of the renal pelvis and calices.,,C0020295,HP:0000126,Hydronephrosis,Severe distention of the kidney with dilation of the renal pelvis and calices.,True
http://purl.obolibrary.org/obo/HP_0000154,HP_0000154,Wide mouth,,"Distance between the oral commissures more than 2 SD above the mean. Alternatively, an apparently increased width of the oral aperture (subjective).",,C0024433,HP:0000154,Wide mouth,"Distance between the oral commissures more than 2 SD above the mean. Alternatively, an apparently increased width of the oral aperture (subjective).",True
http://purl.obolibrary.org/obo/HP_0000160,HP_0000160,Narrow mouth,,"Distance between the commissures of the mouth more than 2 SD below the mean. Alternatively, an apparently decreased width of the oral aperture (subjective).",,C0026034,HP:0000160,Narrow mouth,"Distance between the commissures of the mouth more than 2 SD below the mean. Alternatively, an apparently decreased width of the oral aperture (subjective).",True
http://purl.obolibrary.org/obo/HP_0000164,HP_0000164,Abnormality of the dentition,,Any abnormality of the teeth.,,C0040427;C0262444,HP:0000164,Abnormality of the dentition,Any abnormality of the teeth.,True
http://purl.obolibrary.org/obo/HP_0000175,HP_0000175,Cleft palate,,Cleft palate is a developmental defect of the palate resulting from a failure of fusion of the palatine processes and manifesting as a separation of the roof of the mouth (soft and hard palate).,,C0008925;C2981150,HP:0000175,Cleft palate,Cleft palate is a developmental defect of the palate resulting from a failure of fusion of the palatine processes and manifesting as a separation of the roof of the mouth (soft and hard palate).,True
http://purl.obolibrary.org/obo/HP_0000176,HP_0000176,Submucous cleft hard palate,,Hard-palate submucous clefts are characterized by bony defects in the midline of the bony palate that are covered by the mucous membrane of the roof of the mouth. It may be possible to detect a submucous cleft hard palate upon palpation as a notch in the bony palate.,,C0432103;C4020894,HP:0000176,Submucous cleft hard palate,Hard-palate submucous clefts are characterized by bony defects in the midline of the bony palate that are covered by the mucous membrane of the roof of the mouth. It may be possible to detect a submucous cleft hard palate upon palpation as a notch in the bony palate.,True
http://purl.obolibrary.org/obo/HP_0000193,HP_0000193,Bifid uvula,,Uvula separated into two parts most easily seen at the tip.,,C0266122,HP:0000193,Bifid uvula,Uvula separated into two parts most easily seen at the tip.,True
http://purl.obolibrary.org/obo/HP_0000194,HP_0000194,Open mouth,,A facial appearance characterized by a permanently or nearly permanently opened mouth.,,C0240379,HP:0000194,Open mouth,A facial appearance characterized by a permanently or nearly permanently opened mouth.,True
http://purl.obolibrary.org/obo/HP_0000201,HP_0000201,Pierre-Robin sequence,,"Pierre Robin malformation is a sequence of developmental malformations characterized by micrognathia (mandibular hypoplasia), glossoptosis and cleft palate.",,C0031900,HP:0000201,Pierre-Robin sequence,"Pierre Robin malformation is a sequence of developmental malformations characterized by micrognathia (mandibular hypoplasia), glossoptosis and cleft palate.",True
http://purl.obolibrary.org/obo/HP_0000218,HP_0000218,High palate,,Height of the palate more than 2 SD above the mean (objective) or palatal height at the level of the first permanent molar more than twice the height of the teeth (subjective).,,C0240635,HP:0000218,High palate,Height of the palate more than 2 SD above the mean (objective) or palatal height at the level of the first permanent molar more than twice the height of the teeth (subjective).,True
http://purl.obolibrary.org/obo/HP_0000219,HP_0000219,Thin upper lip vermilion,,"Height of the vermilion of the upper lip in the midline more than 2 SD below the mean. Alternatively, an apparently reduced height of the vermilion of the upper lip in the frontal view (subjective).",,C1865017,HP:0000219,Thin upper lip vermilion,"Height of the vermilion of the upper lip in the midline more than 2 SD below the mean. Alternatively, an apparently reduced height of the vermilion of the upper lip in the frontal view (subjective).",True
http://purl.obolibrary.org/obo/HP_0000232,HP_0000232,Everted lower lip vermilion,,"An abnormal configuration of the lower lip such that it is turned outward i.e., everted, with the Inner aspect of the lower lip vermilion (normally opposing the teeth) being visible in a frontal view.",,C1853246;C1866234,HP:0000232,Everted lower lip vermilion,"An abnormal configuration of the lower lip such that it is turned outward i.e., everted, with the Inner aspect of the lower lip vermilion (normally opposing the teeth) being visible in a frontal view.",True
http://purl.obolibrary.org/obo/HP_0000248,HP_0000248,Brachycephaly,,"An abnormality of skull shape characterized by a decreased anterior-posterior diameter. That is, a cephalic index greater than 81%. Alternatively, an apparently shortened anteroposterior dimension (length) of the head compared to width.",,C0221356;C4072823;C4072824,HP:0000248,Brachycephaly,"An abnormality of skull shape characterized by a decreased anterior-posterior diameter. That is, a cephalic index greater than 81%. Alternatively, an apparently shortened anteroposterior dimension (length) of the head compared to width.",True
http://purl.obolibrary.org/obo/HP_0000252,HP_0000252,Microcephaly,,Head circumference below 2 standard deviations below the mean for age and gender.,,C4551563,HP:0000252,Microcephaly,Head circumference below 2 standard deviations below the mean for age and gender.,True
http://purl.obolibrary.org/obo/HP_0000253,HP_0000253,Progressive microcephaly,,Progressive microcephaly is diagnosed when the head circumference falls progressively behind age- and gender-dependent norms.,,C1850456,HP:0000253,Progressive microcephaly,Progressive microcephaly is diagnosed when the head circumference falls progressively behind age- and gender-dependent norms.,True
http://purl.obolibrary.org/obo/HP_0000256,HP_0000256,Macrocephaly,,"Occipitofrontal (head) circumference greater than 97th centile compared to appropriate, age matched, sex-matched normal standards. Alternatively, a apparently increased size of the cranium.",,C4083076;C4255213;C4280663;C4280664,HP:0000256,Macrocephaly,"Occipitofrontal (head) circumference greater than 97th centile compared to appropriate, age matched, sex-matched normal standards. Alternatively, a apparently increased size of the cranium.",True
http://purl.obolibrary.org/obo/HP_0000268,HP_0000268,Dolichocephaly,,"An abnormality of skull shape characterized by a increased anterior-posterior diameter, i.e., an increased antero-posterior dimension of the skull. Cephalic index less than 76%. Alternatively, an apparently increased antero-posterior length of the head compared to width. Often due to premature closure of the sagittal suture.",,C0221358;C4280653;C4280654;C4280655;C4280656,HP:0000268,Dolichocephaly,"An abnormality of skull shape characterized by a increased anterior-posterior diameter, i.e., an increased antero-posterior dimension of the skull. Cephalic index less than 76%. Alternatively, an apparently increased antero-posterior length of the head compared to width. Often due to premature closure of the sagittal suture.",True
http://purl.obolibrary.org/obo/HP_0000269,HP_0000269,Prominent occiput,,Increased convexity of the occiput (posterior part of the skull).,,C1853737;C4280652,HP:0000269,Prominent occiput,Increased convexity of the occiput (posterior part of the skull).,True
http://purl.obolibrary.org/obo/HP_0000272,HP_0000272,Malar flattening,,"Underdevelopment of the malar prominence of the jugal bone (zygomatic bone in mammals), appreciated in profile, frontal view, and/or by palpation.",,C1858085;C4280651,HP:0000272,Malar flattening,"Underdevelopment of the malar prominence of the jugal bone (zygomatic bone in mammals), appreciated in profile, frontal view, and/or by palpation.",True
http://purl.obolibrary.org/obo/HP_0000276,HP_0000276,Long face,,"Facial height (length) is more than 2 standard deviations above the mean (objective); or, an apparent increase in the height (length) of the face (subjective).",,C1836047,HP:0000276,Long face,"Facial height (length) is more than 2 standard deviations above the mean (objective); or, an apparent increase in the height (length) of the face (subjective).",True
http://purl.obolibrary.org/obo/HP_0000278,HP_0000278,Retrognathia,,An abnormality in which the mandible is mislocalised posteriorly.,,C3494422,HP:0000278,Retrognathia,An abnormality in which the mandible is mislocalised posteriorly.,True
http://purl.obolibrary.org/obo/HP_0000280,HP_0000280,Coarse facial features,,"Absence of fine and sharp appearance of brows, nose, lips, mouth, and chin, usually because of rounded and heavy features or thickened skin with or without thickening of subcutaneous and bony tissues.",,C1845847;C4072825,HP:0000280,Coarse facial features,"Absence of fine and sharp appearance of brows, nose, lips, mouth, and chin, usually because of rounded and heavy features or thickened skin with or without thickening of subcutaneous and bony tissues.",True
http://purl.obolibrary.org/obo/HP_0000286,HP_0000286,Epicanthus,,"A fold of skin starting above the medial aspect of the upper eyelid and arching downward to cover, pass in front of and lateral to the medial canthus.",,C0678230,HP:0000286,Epicanthus,"A fold of skin starting above the medial aspect of the upper eyelid and arching downward to cover, pass in front of and lateral to the medial canthus.",True
http://purl.obolibrary.org/obo/HP_0000294,HP_0000294,Low anterior hairline,,"Distance between the hairline (trichion) and the glabella (the most prominent point on the frontal bone above the root of the nose), in the midline, more than two SD below the mean. Alternatively, an apparently decreased distance between the hairline and the glabella.",,C1842366,HP:0000294,Low anterior hairline,"Distance between the hairline (trichion) and the glabella (the most prominent point on the frontal bone above the root of the nose), in the midline, more than two SD below the mean. Alternatively, an apparently decreased distance between the hairline and the glabella.",True
http://purl.obolibrary.org/obo/HP_0000303,HP_0000303,Mandibular prognathia,,Abnormal prominence of the chin related to increased length of the mandible.,,C0302501;C0399526;C2227134;C4280644;C4280645,HP:0000303,Mandibular prognathia,Abnormal prominence of the chin related to increased length of the mandible.,True
http://purl.obolibrary.org/obo/HP_0000307,HP_0000307,Pointed chin,,A marked tapering of the lower face to the chin.,,C1844505,HP:0000307,Pointed chin,A marked tapering of the lower face to the chin.,True
http://purl.obolibrary.org/obo/HP_0000316,HP_0000316,Hypertelorism,,"Interpupillary distance more than 2 SD above the mean (alternatively, the appearance of an increased interpupillary distance or widely spaced eyes).",,C0020534,HP:0000316,Hypertelorism,"Interpupillary distance more than 2 SD above the mean (alternatively, the appearance of an increased interpupillary distance or widely spaced eyes).",True
http://purl.obolibrary.org/obo/HP_0000319,HP_0000319,Smooth philtrum,,"Flat skin surface, with no ridge formation in the central region of the upper lip between the nasal base and upper vermilion border.",,C1142533,HP:0000319,Smooth philtrum,"Flat skin surface, with no ridge formation in the central region of the upper lip between the nasal base and upper vermilion border.",True
http://purl.obolibrary.org/obo/HP_0000322,HP_0000322,Short philtrum,,"Distance between nasal base and midline upper lip vermilion border more than 2 SD below the mean. Alternatively, an apparently decreased distance between nasal base and midline upper lip vermilion border.",,C1861324,HP:0000322,Short philtrum,"Distance between nasal base and midline upper lip vermilion border more than 2 SD below the mean. Alternatively, an apparently decreased distance between nasal base and midline upper lip vermilion border.",True
http://purl.obolibrary.org/obo/HP_0000336,HP_0000336,Prominent supraorbital ridges,,Greater than average forward and/or lateral protrusion of the supraorbital portion of the frontal bones.,,C1842060;C4280636;C4280637;C4280638;C4280639,HP:0000336,Prominent supraorbital ridges,Greater than average forward and/or lateral protrusion of the supraorbital portion of the frontal bones.,True
http://purl.obolibrary.org/obo/HP_0000337,HP_0000337,Broad forehead,,Width of the forehead or distance between the frontotemporales is more than two standard deviations above the mean (objective); or apparently increased distance between the two sides of the forehead.,,C1849089,HP:0000337,Broad forehead,Width of the forehead or distance between the frontotemporales is more than two standard deviations above the mean (objective); or apparently increased distance between the two sides of the forehead.,True
http://purl.obolibrary.org/obo/HP_0000343,HP_0000343,Long philtrum,,"Distance between nasal base and midline upper lip vermilion border more than 2 SD above the mean. Alternatively, an apparently increased distance between nasal base and midline upper lip vermilion border.",,C1865014,HP:0000343,Long philtrum,"Distance between nasal base and midline upper lip vermilion border more than 2 SD above the mean. Alternatively, an apparently increased distance between nasal base and midline upper lip vermilion border.",True
http://purl.obolibrary.org/obo/HP_0000347,HP_0000347,Micrognathia,,Developmental hypoplasia of the mandible.,,C0025990;C0240295;C1857130,HP:0000347,Micrognathia,Developmental hypoplasia of the mandible.,True
http://purl.obolibrary.org/obo/HP_0000358,HP_0000358,Posteriorly rotated ears,,"A type of abnormal location of the ears in which the position of the ears is characterized by posterior rotation (the superior part of the ears is rotated towards the back of the head, and the inferior part of the ears towards the front).",,C0431478,HP:0000358,Posteriorly rotated ears,"A type of abnormal location of the ears in which the position of the ears is characterized by posterior rotation (the superior part of the ears is rotated towards the back of the head, and the inferior part of the ears towards the front).",True
http://purl.obolibrary.org/obo/HP_0000365,HP_0000365,Hearing impairment,,A decreased magnitude of the sensory perception of sound.,,C0011053;C0018772;C0339789;C1384666,HP:0000365,Hearing impairment,A decreased magnitude of the sensory perception of sound.,True
http://purl.obolibrary.org/obo/HP_0000369,HP_0000369,Low-set ears,,Upper insertion of the ear to the scalp below an imaginary horizontal line drawn between the inner canthi of the eye and extending posteriorly to the ear.,,C0239234,HP:0000369,Low-set ears,Upper insertion of the ear to the scalp below an imaginary horizontal line drawn between the inner canthi of the eye and extending posteriorly to the ear.,True
http://purl.obolibrary.org/obo/HP_0000400,HP_0000400,Macrotia,,"Median longitudinal ear length greater than two standard deviations above the mean and median ear width greater than two standard deviations above the mean (objective); or, apparent increase in length and width of the pinna (subjective).",,C0152421;C0554972;C1835581;C1848570;C1850189;C1855062;C1860838,HP:0000400,Macrotia,"Median longitudinal ear length greater than two standard deviations above the mean and median ear width greater than two standard deviations above the mean (objective); or, apparent increase in length and width of the pinna (subjective).",True
http://purl.obolibrary.org/obo/HP_0000403,HP_0000403,Recurrent otitis media,,"Increased susceptibility to otitis media, as manifested by recurrent episodes of otitis media.",,C0747085,HP:0000403,Recurrent otitis media,"Increased susceptibility to otitis media, as manifested by recurrent episodes of otitis media.",True
http://purl.obolibrary.org/obo/HP_0000405,HP_0000405,Conductive hearing impairment,,An abnormality of vibrational conductance of sound to the inner ear leading to impairment of sensory perception of sound.,,C0018777,HP:0000405,Conductive hearing impairment,An abnormality of vibrational conductance of sound to the inner ear leading to impairment of sensory perception of sound.,True
http://purl.obolibrary.org/obo/HP_0000407,HP_0000407,Sensorineural hearing impairment,,A type of hearing impairment in one or both ears related to an abnormal functionality of the cochlear nerve.,,C0018784,HP:0000407,Sensorineural hearing impairment,A type of hearing impairment in one or both ears related to an abnormal functionality of the cochlear nerve.,True
http://purl.obolibrary.org/obo/HP_0000411,HP_0000411,Protruding ear,,"Angle formed by the plane of the ear and the mastoid bone greater than the 97th centile for age (objective); or, outer edge of the helix more than 2 cm from the mastoid at the point of maximum distance (objective).",,C1305420;C1855285,HP:0000411,Protruding ear,"Angle formed by the plane of the ear and the mastoid bone greater than the 97th centile for age (objective); or, outer edge of the helix more than 2 cm from the mastoid at the point of maximum distance (objective).",True
http://purl.obolibrary.org/obo/HP_0000414,HP_0000414,Bulbous nose,,Increased volume and globular shape of the anteroinferior aspect of the nose.,,C0240543;C1834118;C1855751,HP:0000414,Bulbous nose,Increased volume and globular shape of the anteroinferior aspect of the nose.,True
http://purl.obolibrary.org/obo/HP_0000426,HP_0000426,Prominent nasal bridge,,Anterior positioning of the nasal root in comparison to the usual positioning for age.,,C1854113;C4230640,HP:0000426,Prominent nasal bridge,Anterior positioning of the nasal root in comparison to the usual positioning for age.,True
http://purl.obolibrary.org/obo/HP_0000430,HP_0000430,Underdeveloped nasal alae,,"Thinned, deficient, or excessively arched ala nasi.",,C1834055,HP:0000430,Underdeveloped nasal alae,"Thinned, deficient, or excessively arched ala nasi.",True
http://purl.obolibrary.org/obo/HP_0000431,HP_0000431,Wide nasal bridge,,"Increased breadth of the nasal bridge (and with it, the nasal root).",,C1839764;C1849367,HP:0000431,Wide nasal bridge,"Increased breadth of the nasal bridge (and with it, the nasal root).",True
http://purl.obolibrary.org/obo/HP_0000445,HP_0000445,Wide nose,,"Interalar distance more than two standard deviations above the mean for age, i.e., an apparently increased width of the nasal base and alae.",,C0426421,HP:0000445,Wide nose,"Interalar distance more than two standard deviations above the mean for age, i.e., an apparently increased width of the nasal base and alae.",True
http://purl.obolibrary.org/obo/HP_0000455,HP_0000455,Broad nasal tip,,Increase in width of the nasal tip.,,C0426429,HP:0000455,Broad nasal tip,Increase in width of the nasal tip.,True
http://purl.obolibrary.org/obo/HP_0000457,HP_0000457,Depressed nasal ridge,,Lack of prominence of the nose resulting from a posteriorly-placed nasal ridge.,,C1842876,HP:0000457,Depressed nasal ridge,Lack of prominence of the nose resulting from a posteriorly-placed nasal ridge.,True
http://purl.obolibrary.org/obo/HP_0000460,HP_0000460,Narrow nose,,"Interalar distance more than 2 SD below the mean for age, or alternatively, an apparently decreased width of the nasal base and alae.",,C0426422,HP:0000460,Narrow nose,"Interalar distance more than 2 SD below the mean for age, or alternatively, an apparently decreased width of the nasal base and alae.",True
http://purl.obolibrary.org/obo/HP_0000463,HP_0000463,Anteverted nares,,Anteriorly-facing nostrils viewed with the head in the Frankfurt horizontal and the eyes of the observer level with the eyes of the subject. This gives the appearance of an upturned nose (upturned nasal tip).,,C1840077,HP:0000463,Anteverted nares,Anteriorly-facing nostrils viewed with the head in the Frankfurt horizontal and the eyes of the observer level with the eyes of the subject. This gives the appearance of an upturned nose (upturned nasal tip).,True
http://purl.obolibrary.org/obo/HP_0000483,HP_0000483,Astigmatism,,A type of refraction error associated with abnormal curvatures on the anterior and/or posterior surface of the cornea.,,C0004106,HP:0000483,Astigmatism,A type of refraction error associated with abnormal curvatures on the anterior and/or posterior surface of the cornea.,True
http://purl.obolibrary.org/obo/HP_0000486,HP_0000486,Strabismus,,"A misalignment of the eyes so that the visual axes deviate from bifoveal fixation. The classification of strabismus may be based on a number of features including the relative position of the eyes, whether the deviation is latent or manifest, intermittent or constant, concomitant or otherwise and according to the age of onset and the relevance of any associated refractive error.",,C0038379,HP:0000486,Strabismus,"A misalignment of the eyes so that the visual axes deviate from bifoveal fixation. The classification of strabismus may be based on a number of features including the relative position of the eyes, whether the deviation is latent or manifest, intermittent or constant, concomitant or otherwise and according to the age of onset and the relevance of any associated refractive error.",True
http://purl.obolibrary.org/obo/HP_0000490,HP_0000490,Deeply set eye,,An eye that is more deeply recessed into the plane of the face than is typical.,,C0014306;C0423224,HP:0000490,Deeply set eye,An eye that is more deeply recessed into the plane of the face than is typical.,True
http://purl.obolibrary.org/obo/HP_0000494,HP_0000494,Downslanted palpebral fissures,,The palpebral fissure inclination is more than two standard deviations below the mean.,,C0423110,HP:0000494,Downslanted palpebral fissures,The palpebral fissure inclination is more than two standard deviations below the mean.,True
http://purl.obolibrary.org/obo/HP_0000505,HP_0000505,Visual impairment,,"Visual impairment (or vision impairment) is vision loss (of a person) to such a degree as to qualify as an additional support need through a significant limitation of visual capability resulting from either disease, trauma, or congenital or degenerative conditions that cannot be corrected by conventional means, such as refractive correction, medication, or surgery.",,C0042798;C3665347,HP:0000505,Visual impairment,"Visual impairment (or vision impairment) is vision loss (of a person) to such a degree as to qualify as an additional support need through a significant limitation of visual capability resulting from either disease, trauma, or congenital or degenerative conditions that cannot be corrected by conventional means, such as refractive correction, medication, or surgery.",True
http://purl.obolibrary.org/obo/HP_0000508,HP_0000508,Ptosis,,"The upper eyelid margin is positioned 3 mm or more lower than usual and covers the superior portion of the iris (objective); or, the upper lid margin obscures at least part of the pupil (subjective).",,C0005745,HP:0000508,Ptosis,"The upper eyelid margin is positioned 3 mm or more lower than usual and covers the superior portion of the iris (objective); or, the upper lid margin obscures at least part of the pupil (subjective).",True
http://purl.obolibrary.org/obo/HP_0000520,HP_0000520,Proptosis,,An eye that is protruding anterior to the plane of the face to a greater extent than is typical.,,C0015300;C1837760;C1848490;C1862425,HP:0000520,Proptosis,An eye that is protruding anterior to the plane of the face to a greater extent than is typical.,True
http://purl.obolibrary.org/obo/HP_0000540,HP_0000540,Hypermetropia,,"An abnormality of refraction characterized by the ability to see objects in the distance clearly, while objects nearby appear blurry.",,C0020490,HP:0000540,Hypermetropia,"An abnormality of refraction characterized by the ability to see objects in the distance clearly, while objects nearby appear blurry.",True
http://purl.obolibrary.org/obo/HP_0000545,HP_0000545,Myopia,,"An abnormality of refraction characterized by the ability to see objects nearby clearly, while objects in the distance appear blurry.",,C0027092,HP:0000545,Myopia,"An abnormality of refraction characterized by the ability to see objects nearby clearly, while objects in the distance appear blurry.",True
http://purl.obolibrary.org/obo/HP_0000565,HP_0000565,Esotropia,,"A form of strabismus with one or both eyes turned inward ('crossed') to a relatively severe degree, usually defined as 10 diopters or more.",,C0014877,HP:0000565,Esotropia,"A form of strabismus with one or both eyes turned inward ('crossed') to a relatively severe degree, usually defined as 10 diopters or more.",True
http://purl.obolibrary.org/obo/HP_0000574,HP_0000574,Thick eyebrow,,Increased density/number and/or increased diameter of eyebrow hairs.,,C1853487,HP:0000574,Thick eyebrow,Increased density/number and/or increased diameter of eyebrow hairs.,True
http://purl.obolibrary.org/obo/HP_0000582,HP_0000582,Upslanted palpebral fissure,,"The palpebral fissure inclination is more than two standard deviations above the mean for age (objective); or, the inclination of the palpebral fissure is greater than typical for age.",,C0423109,HP:0000582,Upslanted palpebral fissure,"The palpebral fissure inclination is more than two standard deviations above the mean for age (objective); or, the inclination of the palpebral fissure is greater than typical for age.",True
http://purl.obolibrary.org/obo/HP_0000588,HP_0000588,Optic disc coloboma,,A cleft of the optic nerve that extends inferiorly.,,C0155299,HP:0000588,Optic disc coloboma,A cleft of the optic nerve that extends inferiorly.,True
http://purl.obolibrary.org/obo/HP_0000601,HP_0000601,Hypotelorism,,"Interpupillary distance less than 2 SD below the mean (alternatively, the appearance of an decreased interpupillary distance or closely spaced eyes).",,C0424711,HP:0000601,Hypotelorism,"Interpupillary distance less than 2 SD below the mean (alternatively, the appearance of an decreased interpupillary distance or closely spaced eyes).",True
http://purl.obolibrary.org/obo/HP_0000639,HP_0000639,Nystagmus,,"Rhythmic, involuntary oscillations of one or both eyes related to abnormality in fixation, conjugate gaze, or vestibular mechanisms.",,C0028738,HP:0000639,Nystagmus,"Rhythmic, involuntary oscillations of one or both eyes related to abnormality in fixation, conjugate gaze, or vestibular mechanisms.",True
http://purl.obolibrary.org/obo/HP_0000646,HP_0000646,Amblyopia,,Reduced visual acuity that is uncorrectable by lenses in the absence of detectable anatomic defects in the eye or visual pathways.,,C0002418,HP:0000646,Amblyopia,Reduced visual acuity that is uncorrectable by lenses in the absence of detectable anatomic defects in the eye or visual pathways.,True
http://purl.obolibrary.org/obo/HP_0000648,HP_0000648,Optic atrophy,,Atrophy of the optic nerve. Optic atrophy results from the death of the retinal ganglion cell axons that comprise the optic nerve and manifesting as a pale optic nerve on fundoscopy.,,C0029124,HP:0000648,Optic atrophy,Atrophy of the optic nerve. Optic atrophy results from the death of the retinal ganglion cell axons that comprise the optic nerve and manifesting as a pale optic nerve on fundoscopy.,True
http://purl.obolibrary.org/obo/HP_0000687,HP_0000687,Widely spaced teeth,,Increased spaces (diastemata) between most of the teeth in the same dental arch.,,C1844813,HP:0000687,Widely spaced teeth,Increased spaces (diastemata) between most of the teeth in the same dental arch.,True
http://purl.obolibrary.org/obo/HP_0000708,HP_0000708,Atypical behavior,,"Atypical behavior is an abnormality in a person's actions that can be controlled or modulated by the will of the individual. While abnormal behaviors can be difficult to control, they are distinct from other abnormal actions that cannot be affected by the individual's will.",,C0004941;C0233514,HP:0000708,Atypical behavior,"Atypical behavior is an abnormality in a person's actions that can be controlled or modulated by the will of the individual. While abnormal behaviors can be difficult to control, they are distinct from other abnormal actions that cannot be affected by the individual's will.",True
http://purl.obolibrary.org/obo/HP_0000709,HP_0000709,Psychosis,,"A condition characterized by changes in personality and thought patterns, often accompanied by hallucinations and delusional beliefs, is known as psychosis.",,C0033975,HP:0000709,Psychosis,"A condition characterized by changes in personality and thought patterns, often accompanied by hallucinations and delusional beliefs, is known as psychosis.",True
http://purl.obolibrary.org/obo/HP_0000713,HP_0000713,Agitation,,A state of excessive motor activity that is associated with mental distress or a feeling of substantial unease or inner tension. Distinguished from restlessness by the increased level of emotional distress and negative intensity of the experience. Agitation has a significant level of physical activity that is typically threatening to the self or others.,,C0085631,HP:0000713,Agitation,A state of excessive motor activity that is associated with mental distress or a feeling of substantial unease or inner tension. Distinguished from restlessness by the increased level of emotional distress and negative intensity of the experience. Agitation has a significant level of physical activity that is typically threatening to the self or others.,True
http://purl.obolibrary.org/obo/HP_0000716,HP_0000716,Depression,,"Frequently experiencing feelings of being down, miserable, and/or hopeless; struggling to recover from these moods; having a pessimistic outlook on the future; feeling a pervasive sense of shame; having a low self-worth; experiencing thoughts of suicide and engaging in suicidal behavior.",,C0011581,HP:0000716,Depression,"Frequently experiencing feelings of being down, miserable, and/or hopeless; struggling to recover from these moods; having a pessimistic outlook on the future; feeling a pervasive sense of shame; having a low self-worth; experiencing thoughts of suicide and engaging in suicidal behavior.",True
http://purl.obolibrary.org/obo/HP_0000717,HP_0000717,Autism,,"Autism is a neurodevelopmental disorder characterized by impaired social interaction and communication, and by restricted and repetitive behavior. Autism begins in childhood. It is marked by the presence of markedly abnormal or impaired development in social interaction and communication and a markedly restricted repertoire of activity and interest. Manifestations of the disorder vary greatly depending on the developmental level and chronological age of the individual (DSM-IV).",,C0004352,HP:0000717,Autism,"Autism is a neurodevelopmental disorder characterized by impaired social interaction and communication, and by restricted and repetitive behavior. Autism begins in childhood. It is marked by the presence of markedly abnormal or impaired development in social interaction and communication and a markedly restricted repertoire of activity and interest. Manifestations of the disorder vary greatly depending on the developmental level and chronological age of the individual (DSM-IV).",True
http://purl.obolibrary.org/obo/HP_0000718,HP_0000718,Aggressive behavior,,"Behavior or an act aimed at harming a person, animal, or physical property (e.g., acts of physical violence; shouting, swearing, and using harsh language; slashing someone's tires).",,C0001807;C0424323;C1457883,HP:0000718,Aggressive behavior,"Behavior or an act aimed at harming a person, animal, or physical property (e.g., acts of physical violence; shouting, swearing, and using harsh language; slashing someone's tires).",True
http://purl.obolibrary.org/obo/HP_0000721,HP_0000721,Lack of spontaneous play,,,,C1837650,HP:0000721,Lack of spontaneous play,,True
http://purl.obolibrary.org/obo/HP_0000722,HP_0000722,Compulsive behaviors,,"Behavior that consists of repetitive acts, characterized by the feeling that one ""has to"" perform them, while being aware that these acts are not in line with one's overall goal.",,C0028768;C0600104,HP:0000722,Compulsive behaviors,"Behavior that consists of repetitive acts, characterized by the feeling that one ""has to"" perform them, while being aware that these acts are not in line with one's overall goal.",True
http://purl.obolibrary.org/obo/HP_0000723,HP_0000723,Restrictive behavior,,Behavior characterized by an abnormal limitation to a few interests and activities.,,C2675334;C4021799,HP:0000723,Restrictive behavior,Behavior characterized by an abnormal limitation to a few interests and activities.,True
http://purl.obolibrary.org/obo/HP_0000726,HP_0000726,Dementia,,"A loss of global cognitive ability of sufficient amount to interfere with normal social or occupational function. Dementia represents a loss of previously present cognitive abilities, generally in adults, and can affect memory, thinking, language, judgment, and behavior.",,C0497327,HP:0000726,Dementia,"A loss of global cognitive ability of sufficient amount to interfere with normal social or occupational function. Dementia represents a loss of previously present cognitive abilities, generally in adults, and can affect memory, thinking, language, judgment, and behavior.",True
http://purl.obolibrary.org/obo/HP_0000728,HP_0000728,Impaired ability to form peer relationships,,"Difficulty to establish relations with others in a comparable social group (peers) that may be manifested in pehnomena such as not being able to initiative a conversation, understand social cues, or to discuss shared interests. This feature is associated with poor integration within a community or group.",,C1837649,HP:0000728,Reduced ability to form peer relationships,"Difficulty to establish relations with others in a comparable social group (peers) that may be manifested in pehnomena such as not being able to initiative a conversation, understand social cues, or to discuss shared interests. This feature is associated with poor integration within a community or group.",True
http://purl.obolibrary.org/obo/HP_0000729,HP_0000729,Autistic behavior,,Persistent deficits in social interaction and communication and interaction as well as a markedly restricted repertoire of activity and interest as well as repetitive patterns of behavior.,,C0856975;C1510586,HP:0000729,Autistic behavior,Persistent deficits in social interaction and communication and interaction as well as a markedly restricted repertoire of activity and interest as well as repetitive patterns of behavior.,True
http://purl.obolibrary.org/obo/HP_0000732,HP_0000732,Inflexible adherence to routines,,A need to strictly adhere to repetitive routines or patterns of behavior which are created by the environment. One becomes upset or distressed when their routines are disrupted or altered.,,C1837653,HP:0000732,Inflexible adherence to routines,A need to strictly adhere to repetitive routines or patterns of behavior which are created by the environment. One becomes upset or distressed when their routines are disrupted or altered.,True
http://purl.obolibrary.org/obo/HP_0000733,HP_0000733,Motor stereotypy,,Use of the same abnormal action in response to certain triggers or at random. They may be used as a way to regulate one's internal state but must otherwise have no apparent functional purpose.,,C0038271;C0038273,HP:0000733,Motor stereotypy,Use of the same abnormal action in response to certain triggers or at random. They may be used as a way to regulate one's internal state but must otherwise have no apparent functional purpose.,True
http://purl.obolibrary.org/obo/HP_0000736,HP_0000736,Short attention span,,Reduced attention span characterized by distractibility and impulsivity.,,C0262630,HP:0000736,Short attention span,Reduced attention span characterized by distractibility and impulsivity.,True
http://purl.obolibrary.org/obo/HP_0000737,HP_0000737,Irritability,,"A proneness to anger, i.e., a tendency to become easily bothered or annoyed.",,C2700617,HP:0000737,Irritability,"An emotional state characterized by negative feelings of heightened frustration, annoyance, or feeling upset, often triggered by internal factors (e.g., fatigue, hunger, unfulfilled desires) or external factors (e.g., social or environmental challenges). Irritability may be unpredictable, and is accompanied by a lowered threshold for emotional reactivity and observable features (speech, facial expressions, or psychomotor activity).",True
http://purl.obolibrary.org/obo/HP_0000738,HP_0000738,Hallucinations,,"Perceptions in a conscious and awake state that, in the absence of external stimuli, have qualities of real perception. These perceptions are vivid, substantial, and located in external objective space.",,C0018524;C0235153,HP:0000738,Hallucinations,"Perceptions in a conscious and awake state that, in the absence of external stimuli, have qualities of real perception. These perceptions are vivid, substantial, and located in external objective space.",True
http://purl.obolibrary.org/obo/HP_0000739,HP_0000739,Anxiety,,"Intense feelings of nervousness, tension, or panic often arise in response to interpersonal stresses. There is worry about the negative effects of past unpleasant experiences and future negative possibilities. Individuals may feel fearful, apprehensive, or threatened by uncertainty, and they may also have fears of falling apart or losing control.",,C0003467;C4020884,HP:0000739,Anxiety,"Intense feelings of nervousness, tension, or panic often arise in response to interpersonal stresses. There is worry about the negative effects of past unpleasant experiences and future negative possibilities. Individuals may feel fearful, apprehensive, or threatened by uncertainty, and they may also have fears of falling apart or losing control.",True
http://purl.obolibrary.org/obo/HP_0000748,HP_0000748,Inappropriate laughter,,"Laughing that may be excessive and/or inappropriate in context (e.g., laughing at a funeral while others are crying).",,C0424304,HP:0000748,Inappropriate laughter,"Laughing that may be excessive and/or inappropriate in context (e.g., laughing at a funeral while others are crying).",True
http://purl.obolibrary.org/obo/HP_0000750,HP_0000750,Delayed speech and language development,,A degree of language development that is significantly below the norm for a child of a specified age.,,C0023012;C0233715;C0241210;C0454644,HP:0000750,Delayed speech and language development,A degree of language development that is significantly below the norm for a child of a specified age.,True
http://purl.obolibrary.org/obo/HP_0000752,HP_0000752,Hyperactivity,,"Hyperactivity is a condition characterized by constant and unusually high levels of activity, even in situations where it is deemed inappropriate.",,C0424295,HP:0000752,Hyperactivity,"Hyperactivity is a condition characterized by constant and unusually high levels of activity, even in situations where it is deemed inappropriate.",True
http://purl.obolibrary.org/obo/HP_0000753,HP_0000753,Autism with high cognitive abilities,,,,C4025832,HP:0000753,Autism with high cognitive abilities,,True
http://purl.obolibrary.org/obo/HP_0000758,HP_0000758,Abnormal nonverbal communicative behavior,,"Abnormalities in eye contact, communicative facial expressions, gesture use, or the use of others' bodies to communicate convey shared meanings within a culture that replace or supplement verbal communication.",,C4021798,HP:0000758,Abnormal nonverbal communicative behavior,"Abnormalities in eye contact, communicative facial expressions, gesture use, or the use of others' bodies to communicate convey shared meanings within a culture that replace or supplement verbal communication.",True
http://purl.obolibrary.org/obo/HP_0000776,HP_0000776,Congenital diaphragmatic hernia,,The presence of a hernia of the diaphragm present at birth.,,C0235833,HP:0000776,Congenital diaphragmatic hernia,The presence of a hernia of the diaphragm present at birth.,True
http://purl.obolibrary.org/obo/HP_0000805,HP_0000805,Enuresis,,Lack of the ability to control the urinary bladder leading to involuntary urination at an age where control of the bladder should already be possible.,,C0014394,HP:0000805,Enuresis,Lack of the ability to control the urinary bladder leading to involuntary urination at an age where control of the bladder should already be possible.,True
http://purl.obolibrary.org/obo/HP_0000817,HP_0000817,Reduced eye contact,,A reduced frequency or duration of eye contact.,,C1445953,HP:0000817,Reduced eye contact,A reduced frequency or duration of eye contact.,True
http://purl.obolibrary.org/obo/HP_0000821,HP_0000821,Hypothyroidism,,Deficiency of thyroid hormone.,,C0020676,HP:0000821,Hypothyroidism,Deficiency of thyroid hormone.,True
http://purl.obolibrary.org/obo/HP_0000957,HP_0000957,Cafe-au-lait spot,,Cafe-au-lait spots are hyperpigmented lesions that can vary in color from light brown to dark brown with smooth borders and having a size of 1.5 cm or more in adults and 0.5 cm or more in children.,,C0221263;C0265974,HP:0000957,Cafe-au-lait spot,Cafe-au-lait spots are hyperpigmented lesions that can vary in color from light brown to dark brown with smooth borders and having a size of 1.5 cm or more in adults and 0.5 cm or more in children.,True
http://purl.obolibrary.org/obo/HP_0000960,HP_0000960,Sacral dimple,,A cutaneous indentation resulting from tethering of the skin to underlying structures (bone) of the intergluteal cleft.,,C0426848,HP:0000960,Sacral dimple,A cutaneous indentation resulting from tethering of the skin to underlying structures (bone) of the intergluteal cleft.,True
http://purl.obolibrary.org/obo/HP_0000964,HP_0000964,Eczematoid dermatitis,,"Eczema is a form of dermatitis that is characterized by scaly, pruritic, erythematous lesions located on flexural surfaces.",,C0013595,HP:0000964,Eczematoid dermatitis,"Eczema is a form of dermatitis that is characterized by scaly, pruritic, erythematous lesions located on flexural surfaces.",True
http://purl.obolibrary.org/obo/HP_0000973,HP_0000973,Cutis laxa,,"Wrinkled, redundant, inelastic and sagging skin.",,C0010495;C2930812;C4280606,HP:0000973,Cutis laxa,"Wrinkled, redundant, inelastic and sagging skin.",True
http://purl.obolibrary.org/obo/HP_0001012,HP_0001012,Multiple lipomas,,The presence of multiple lipomas (a type of benign tissue made of fatty tissue).,,C0023798;C0745730,HP:0001012,Multiple lipomas,The presence of multiple lipomas (a type of benign tissue made of fatty tissue).,True
http://purl.obolibrary.org/obo/HP_0001054,HP_0001054,Numerous nevi,,,,C1849677,HP:0001054,Numerous nevi,,True
http://purl.obolibrary.org/obo/HP_0001065,HP_0001065,Striae distensae,,"Thinned, erythematous, depressed bands of atrophic skin. Initially, striae appear as flattened and thinned, pinkish linear regions of the skin. Striae tend to enlarge in length and become reddish or purplish. Later, striae tend to appear as white, depressed bands that are parallel to the lines of skin tension. Striae distensae occur most often in areas that have been subject to distension such as the lower back, buttocks, thighs, breast, abdomen, and shoulders.",,C0152459,HP:0001065,Striae distensae,"Thinned, erythematous, depressed bands of atrophic skin. Initially, striae appear as flattened and thinned, pinkish linear regions of the skin. Striae tend to enlarge in length and become reddish or purplish. Later, striae tend to appear as white, depressed bands that are parallel to the lines of skin tension. Striae distensae occur most often in areas that have been subject to distension such as the lower back, buttocks, thighs, breast, abdomen, and shoulders.",True
http://purl.obolibrary.org/obo/HP_0001082,HP_0001082,Cholecystitis,,The presence of inflammatory changes in the gallbladder.,,C0008325,HP:0001082,Cholecystitis,The presence of inflammatory changes in the gallbladder.,True
http://purl.obolibrary.org/obo/HP_0001177,HP_0001177,Preaxial hand polydactyly,,Supernumerary digits located at the radial side of the hand. Polydactyly (supernumerary digits) involving the thumb occurs in many distinct forms of high variability and severity. Ranging from fleshy nubbins over varying degrees of partial duplication/splitting to completely duplicated or even triplicated thumbs or preaxial (on the radial side of the hand) supernumerary digits.,,C1395852,HP:0001177,Preaxial hand polydactyly,Supernumerary digits located at the radial side of the hand. Polydactyly (supernumerary digits) involving the thumb occurs in many distinct forms of high variability and severity. Ranging from fleshy nubbins over varying degrees of partial duplication/splitting to completely duplicated or even triplicated thumbs or preaxial (on the radial side of the hand) supernumerary digits.,True
http://purl.obolibrary.org/obo/HP_0001182,HP_0001182,Tapered finger,,The gradual reduction in girth of the finger from proximal to distal.,,C0426886,HP:0001182,Tapered finger,The gradual reduction in girth of the finger from proximal to distal.,True
http://purl.obolibrary.org/obo/HP_0001195,HP_0001195,Single umbilical artery,,Single umbilical artery (SUA) is the absence of one of the two umbilical arteries surrounding the fetal bladder and in the fetal umbilical cord.,,C1384670,HP:0001195,Single umbilical artery,Single umbilical artery (SUA) is the absence of one of the two umbilical arteries surrounding the fetal bladder and in the fetal umbilical cord.,True
http://purl.obolibrary.org/obo/HP_0001211,HP_0001211,Abnormal fingertip morphology,,An abnormal structure of the tip (end) of a finger.,,C4025796,HP:0001211,Abnormal fingertip morphology,An abnormal structure of the tip (end) of a finger.,True
http://purl.obolibrary.org/obo/HP_0001212,HP_0001212,Prominent fingertip pads,,"A soft tissue prominence of the ventral aspects of the fingertips. The term ""persistent fetal fingertip pads"" is often used as a synonym, but should better not be used because it implies knowledge of history of the patient which often does not exist.",,C1835807,HP:0001212,Prominent fingertip pads,"A soft tissue prominence of the ventral aspects of the fingertips. The term ""persistent fetal fingertip pads"" is often used as a synonym, but should better not be used because it implies knowledge of history of the patient which often does not exist.",True
http://purl.obolibrary.org/obo/HP_0001249,HP_0001249,Intellectual disability,,"Intellectual disability, previously referred to as mental retardation, is characterized by subnormal intellectual functioning that occurs during the developmental period. It is defined by an IQ score below 70.",,C0025362;C0423903;C0917816;C1843367;C3714756;C4020876,HP:0001249,Intellectual disability,"The term intellectual disability or intellectual developmental disorder is used to describe significantly sub-average intellectual and adaptive functioning based on clinical assessment and as measured by individually administered, appropriately normed, standardized and validated tests of intellectual functioning and adaptive behavior, with onset during the developmental period from infancy through adolescence.",True
http://purl.obolibrary.org/obo/HP_0001250,HP_0001250,Seizure,,A seizure is an intermittent abnormality of nervous system physiology characterized by a transient occurrence of signs and/or symptoms due to abnormal excessive or synchronous neuronal activity in the brain.,,C0014544;C0036572,HP:0001250,Seizure,A seizure is an intermittent abnormality of nervous system physiology characterized by a transient occurrence of signs and/or symptoms due to abnormal excessive or synchronous neuronal activity in the brain.,True
http://purl.obolibrary.org/obo/HP_0001251,HP_0001251,Ataxia,,"Ataxia refers to impaired coordination of voluntary muscle movement. Cerebellar ataxia refers to ataxia due to dysfunction of the cerebellum. This causes a variety of elementary neurological deficits including asynergy (lack of coordination between muscles, limbs and joints), dysmetria (lack of ability to judge distances that can lead to under- or overshoot in grasping movements), and dysdiadochokinesia (inability to perform rapid movements requiring antagonizing muscle groups to be switched on and off repeatedly).",,C0007758,HP:0001251,Ataxia,"Ataxia refers to impaired coordination of voluntary muscle movement. Cerebellar ataxia refers to ataxia due to dysfunction of the cerebellum. This causes a variety of elementary neurological deficits including asynergy (lack of coordination between muscles, limbs and joints), dysmetria (lack of ability to judge distances that can lead to under- or overshoot in grasping movements), and dysdiadochokinesia (inability to perform rapid movements requiring antagonizing muscle groups to be switched on and off repeatedly).",True
http://purl.obolibrary.org/obo/HP_0001252,HP_0001252,Hypotonia,,"Hypotonia is an abnormally low muscle tone (the amount of tension or resistance to movement in a muscle). Even when relaxed, muscles have a continuous and passive partial contraction which provides some resistance to passive stretching. Hypotonia thus manifests as diminished resistance to passive stretching. Hypotonia is not the same as muscle weakness, although the two conditions can co-exist.",,C0026827,HP:0001252,Hypotonia,"Hypotonia is an abnormally low muscle tone (the amount of tension or resistance to movement in a muscle). Even when relaxed, muscles have a continuous and passive partial contraction which provides some resistance to passive stretching. Hypotonia thus manifests as diminished resistance to passive stretching. Hypotonia is not the same as muscle weakness, although the two conditions can co-exist.",True
http://purl.obolibrary.org/obo/HP_0001256,HP_0001256,"Intellectual disability, mild",,Mild intellectual disability is defined as an intelligence quotient (IQ) in the range of 50-69.,,C0026106,HP:0001256,Mild intellectual disability,"Mild intellectual disability (ID) is defined as a type of ID characterized by mildly sub-average adaptive functioning and intellectual functioning, with an intelligence quotient (IQ) the range of 50-69.",True
http://purl.obolibrary.org/obo/HP_0001257,HP_0001257,Spasticity,,"A motor disorder characterized by a velocity-dependent increase in tonic stretch reflexes with increased muscle tone, exaggerated (hyperexcitable) tendon reflexes.",,C0026838,HP:0001257,Spasticity,"A motor disorder characterized by a velocity-dependent increase in tonic stretch reflexes with increased muscle tone, exaggerated (hyperexcitable) tendon reflexes.",True
http://purl.obolibrary.org/obo/HP_0001263,HP_0001263,Global developmental delay,,"A delay in the achievement of motor or mental milestones in the domains of development of a child, including motor skills, speech and language, cognitive skills, and social and emotional skills. This term should only be used to describe children younger than five years of age.",,C0557874;C1864897;C4020875,HP:0001263,Global developmental delay,"A delay in the achievement of motor or mental milestones in the domains of development of a child, including motor skills, speech and language, cognitive skills, and social and emotional skills. This term should only be used to describe children younger than five years of age.",True
http://purl.obolibrary.org/obo/HP_0001265,HP_0001265,Hyporeflexia,,Reduction of neurologic reflexes such as the knee-jerk reaction.,,C0700078,HP:0001265,Hyporeflexia,Reduction of neurologic reflexes such as the knee-jerk reaction.,True
http://purl.obolibrary.org/obo/HP_0001268,HP_0001268,Mental deterioration,,"Loss of previously present mental abilities, generally in adults.",,C0234985,HP:0001268,Mental deterioration,"Loss of previously present mental abilities, generally in adults.",True
http://purl.obolibrary.org/obo/HP_0001270,HP_0001270,Motor delay,,A type of Developmental delay characterized by a delay in acquiring motor skills.,,C1854301;C4020874,HP:0001270,Motor delay,A type of Developmental delay characterized by a delay in acquiring motor skills.,True
http://purl.obolibrary.org/obo/HP_0001276,HP_0001276,Hypertonia,,"A condition in which there is increased muscle tone so that arms or legs, for example, are stiff and difficult to move.",,C0026826,HP:0001276,Hypertonia,"A condition in which there is increased muscle tone so that arms or legs, for example, are stiff and difficult to move.",True
http://purl.obolibrary.org/obo/HP_0001288,HP_0001288,Gait disturbance,,The term gait disturbance can refer to any disruption of the ability to walk.,,C0575081,HP:0001288,Gait disturbance,The term gait disturbance can refer to any disruption of the ability to walk.,True
http://purl.obolibrary.org/obo/HP_0001290,HP_0001290,Generalized hypotonia,,Generalized muscular hypotonia (abnormally low muscle tone).,,C1858120,HP:0001290,Generalized hypotonia,Generalized muscular hypotonia (abnormally low muscle tone).,True
http://purl.obolibrary.org/obo/HP_0001302,HP_0001302,Pachygyria,,"Pachygyria is a malformation of cortical development with abnormally wide gyri with sulci 1,5-3 cm apart and abnormally thick cortex measuring more than 5 mm (radiological definition). See also neuropathological definitions for 2-, 3-, and 4-layered lissencephaly.",,C0266483,HP:0001302,Pachygyria,"Pachygyria is a malformation of cortical development with abnormally wide gyri with sulci 1,5-3 cm apart and abnormally thick cortex measuring more than 5 mm (radiological definition). See also neuropathological definitions for 2-, 3-, and 4-layered lissencephaly.",True
http://purl.obolibrary.org/obo/HP_0001319,HP_0001319,Neonatal hypotonia,,Muscular hypotonia (abnormally low muscle tone) manifesting in the neonatal period.,,C2267233,HP:0001319,Neonatal hypotonia,Muscular hypotonia (abnormally low muscle tone) manifesting in the neonatal period.,True
http://purl.obolibrary.org/obo/HP_0001320,HP_0001320,Cerebellar vermis hypoplasia,,Underdevelopment of the vermis of cerebellum.,,C1840379,HP:0001320,Cerebellar vermis hypoplasia,Underdevelopment of the vermis of cerebellum.,True
http://purl.obolibrary.org/obo/HP_0001328,HP_0001328,Specific learning disability,,"Impairment of certain skills such as reading or writing, coordination, self-control, or attention that interfere with the ability to learn. The impairment is not related to a global deficiency of intelligence.",,C4025790,HP:0001328,Specific learning disability,"Impairment of certain skills such as reading or writing, coordination, self-control, or attention that interfere with the ability to learn. The impairment is not related to a global deficiency of intelligence.",True
http://purl.obolibrary.org/obo/HP_0001332,HP_0001332,Dystonia,,"An abnormally increased muscular tone that causes fixed abnormal postures. There is a slow, intermittent twisting motion that leads to exaggerated turning and posture of the extremities and trunk.",,C0013421;C4020871,HP:0001332,Dystonia,"An abnormally increased muscular tone that causes fixed abnormal postures. There is a slow, intermittent twisting motion that leads to exaggerated turning and posture of the extremities and trunk.",True
http://purl.obolibrary.org/obo/HP_0001337,HP_0001337,Tremor,,"An unintentional, oscillating to-and-fro muscle movement about a joint axis.",,C0040822,HP:0001337,Tremor,"An unintentional, oscillating to-and-fro muscle movement about a joint axis.",True
http://purl.obolibrary.org/obo/HP_0001344,HP_0001344,Absent speech,,Complete lack of development of speech and language abilities.,,C0746940;C1854882,HP:0001344,Absent speech,Complete lack of development of speech and language abilities.,True
http://purl.obolibrary.org/obo/HP_0001347,HP_0001347,Hyperreflexia,,Hyperreflexia is the presence of hyperactive stretch reflexes of the muscles.,,C0151889,HP:0001347,Hyperreflexia,Hyperreflexia is the presence of hyperactive stretch reflexes of the muscles.,True
http://purl.obolibrary.org/obo/HP_0001357,HP_0001357,Plagiocephaly,,"Asymmetric head shape, which is usually a combination of unilateral occipital flattening with ipsilateral frontal prominence, leading to rhomboid cranial shape.",,C0265529;C1450010;C4072830;C4280597;C4280598;C4280807,HP:0001357,Plagiocephaly,"Asymmetric head shape, which is usually a combination of unilateral occipital flattening with ipsilateral frontal prominence, leading to rhomboid cranial shape.",True
http://purl.obolibrary.org/obo/HP_0001363,HP_0001363,Craniosynostosis,,"Craniosynostosis refers to the premature closure of the cranial sutures. Primary craniosynostosis refers to the closure of one or more sutures due to abnormalities in skull development, and secondary craniosynostosis results from failure of brain growth.",,C0010278;C0235942,HP:0001363,Craniosynostosis,"Craniosynostosis refers to the premature closure of the cranial sutures. Primary craniosynostosis refers to the closure of one or more sutures due to abnormalities in skull development, and secondary craniosynostosis results from failure of brain growth.",True
http://purl.obolibrary.org/obo/HP_0001382,HP_0001382,Joint hypermobility,,"The capability that a joint (or a group of joints) has to move, passively and/or actively, beyond normal limits along physiological axes.",,C1844820,HP:0001382,Joint hypermobility,"The capability that a joint (or a group of joints) has to move, passively and/or actively, beyond normal limits along physiological axes.",True
http://purl.obolibrary.org/obo/HP_0001385,HP_0001385,Hip dysplasia,,The presence of developmental dysplasia of the hip.,,C0019555,HP:0001385,Hip dysplasia,The presence of developmental dysplasia of the hip.,True
http://purl.obolibrary.org/obo/HP_0001397,HP_0001397,Hepatic steatosis,,Steatosis is a term used to denote lipid accumulation within hepatocytes.,,C2711227,HP:0001397,Hepatic steatosis,Steatosis is a term used to denote lipid accumulation within hepatocytes.,True
http://purl.obolibrary.org/obo/HP_0001417,HP_0001417,X-linked inheritance,,A mode of inheritance that is observed for traits related to a gene encoded on the X chromosome.,,C0241764,HP:0001417,X-linked inheritance,A mode of inheritance that is observed for traits related to a gene encoded on the X chromosome.,True
http://purl.obolibrary.org/obo/HP_0001419,HP_0001419,X-linked recessive inheritance,,"A mode of inheritance that is observed for recessive traits related to a gene encoded on the X chromosome. In the context of medical genetics, X-linked recessive disorders manifest in males (who have one copy of the X chromosome and are thus hemizygotes), but generally not in female heterozygotes who have one mutant and one normal allele.",,C1845977,HP:0001419,X-linked recessive inheritance,"A mode of inheritance that is observed for recessive traits related to a gene encoded on the X chromosome. In the context of medical genetics, X-linked recessive disorders manifest in males (who have one copy of the X chromosome and are thus hemizygotes), but generally not in female heterozygotes who have one mutant and one normal allele.",True
http://purl.obolibrary.org/obo/HP_0001423,HP_0001423,X-linked dominant inheritance,,"A mode of inheritance that is observed for dominant traits related to a gene encoded on the X chromosome. In the context of medical genetics, X-linked dominant disorders tend to manifest very severely in affected males. The severity of manifestation in females may depend on the degree of skewed X inactivation.",,C1847879,HP:0001423,X-linked dominant inheritance,"A mode of inheritance that is observed for dominant traits related to a gene encoded on the X chromosome. In the context of medical genetics, X-linked dominant disorders tend to manifest very severely in affected males. The severity of manifestation in females may depend on the degree of skewed X inactivation.",True
http://purl.obolibrary.org/obo/HP_0001426,HP_0001426,Non-Mendelian inheritance,,A mode of inheritance that depends on genetic determinants in more than one gene.,,C0600599,HP:0001426,Non-Mendelian inheritance,A mode of inheritance that depends on genetic determinants in more than one gene.,True
http://purl.obolibrary.org/obo/HP_0001488,HP_0001488,Bilateral ptosis,,,,C1865916,HP:0001488,Bilateral ptosis,,True
http://purl.obolibrary.org/obo/HP_0001508,HP_0001508,Failure to thrive,,Failure to thrive (FTT) refers to a child whose physical growth is substantially below the norm.,,C0231246;C2315100,HP:0001508,Failure to thrive,Failure to thrive (FTT) refers to a child whose physical growth is substantially below the norm.,True
http://purl.obolibrary.org/obo/HP_0001510,HP_0001510,Growth delay,,A deficiency or slowing down of growth pre- and postnatally.,,C0151686;C0456070;C0878787;C1837385;C3552463,HP:0001510,Growth delay,A deficiency or slowing down of growth pre- and postnatally.,True
http://purl.obolibrary.org/obo/HP_0001513,HP_0001513,Obesity,,Accumulation of substantial excess body fat.,,C0028754,HP:0001513,Obesity,Accumulation of substantial excess body fat.,True
http://purl.obolibrary.org/obo/HP_0001518,HP_0001518,Small for gestational age,,"Smaller than normal size according to sex and gestational age related norms, defined as a weight below the 10th percentile for the gestational age.",,C0024032;C0235991,HP:0001518,Small for gestational age,"Smaller than normal size according to sex and gestational age related norms, defined as a weight below the 10th percentile for the gestational age.",True
http://purl.obolibrary.org/obo/HP_0001520,HP_0001520,Large for gestational age,,The term large for gestational age applies to babies whose birth weight lies above the 90th percentile for that gestational age.,,C1848395,HP:0001520,Large for gestational age,The term large for gestational age applies to babies whose birth weight lies above the 90th percentile for that gestational age.,True
http://purl.obolibrary.org/obo/HP_0001531,HP_0001531,Failure to thrive in infancy,,,,C1867873,HP:0001531,Failure to thrive in infancy,,True
http://purl.obolibrary.org/obo/HP_0001537,HP_0001537,Umbilical hernia,,Protrusion of abdominal contents through a defect in the abdominal wall musculature around the umbilicus. Skin and subcutaneous tissue overlie the defect.,,C0019322,HP:0001537,Umbilical hernia,Protrusion of abdominal contents through a defect in the abdominal wall musculature around the umbilicus. Skin and subcutaneous tissue overlie the defect.,True
http://purl.obolibrary.org/obo/HP_0001539,HP_0001539,Omphalocele,,A midline anterior incomplete closure of the abdominal wall in which there is herniation of the abdominal viscera into the base of the abdominal cord.,,C0795690,HP:0001539,Omphalocele,A midline anterior incomplete closure of the abdominal wall in which there is herniation of the abdominal viscera into the base of the abdominal cord.,True
http://purl.obolibrary.org/obo/HP_0001548,HP_0001548,Overgrowth,,"Excessive postnatal growth which may comprise increased weight, increased length, and/or increased head circumference.",,C1849265;C1851731;C3150281,HP:0001548,Overgrowth,"Excessive postnatal growth which may comprise increased weight, increased length, and/or increased head circumference.",True
http://purl.obolibrary.org/obo/HP_0001561,HP_0001561,Polyhydramnios,,The presence of excess amniotic fluid in the uterus during pregnancy.,,C0020224,HP:0001561,Polyhydramnios,The presence of excess amniotic fluid in the uterus during pregnancy.,True
http://purl.obolibrary.org/obo/HP_0001627,HP_0001627,Abnormal heart morphology,,Any structural anomaly of the heart.,,C0018798;C0152021,HP:0001627,Abnormal heart morphology,Any structural anomaly of the heart.,True
http://purl.obolibrary.org/obo/HP_0001629,HP_0001629,Ventricular septal defect,,A hole between the two bottom chambers (ventricles) of the heart. The defect is centered around the most superior aspect of the ventricular septum.,,C0018818,HP:0001629,Ventricular septal defect,A hole between the two bottom chambers (ventricles) of the heart. The defect is centered around the most superior aspect of the ventricular septum.,True
http://purl.obolibrary.org/obo/HP_0001631,HP_0001631,Atrial septal defect,,Atrial septal defect (ASD) is a congenital abnormality of the interatrial septum that enables blood flow between the left and right atria via the interatrial septum.,,C0018817,HP:0001631,Atrial septal defect,Atrial septal defect (ASD) is a congenital abnormality of the interatrial septum that enables blood flow between the left and right atria via the interatrial septum.,True
http://purl.obolibrary.org/obo/HP_0001642,HP_0001642,Pulmonic stenosis,,"A narrowing of the right ventricular outflow tract that can occur at the pulmonary valve (valvular stenosis), below the pulmonary valve (infundibular stenosis), or above the pulmonary valve (supravalvar stenosis).",,C1956257,HP:0001642,Pulmonic stenosis,"A narrowing of the right ventricular outflow tract that can occur at the pulmonary valve (valvular stenosis), below the pulmonary valve (infundibular stenosis), or above the pulmonary valve (supravalvar stenosis).",True
http://purl.obolibrary.org/obo/HP_0001643,HP_0001643,Patent ductus arteriosus,,"In utero, the ductus arteriosus (DA) serves to divert ventricular output away from the lungs and toward the placenta by connecting the main pulmonary artery to the descending aorta. A patent ductus arteriosus (PDA) in the first 3 days of life is a physiologic shunt in healthy term and preterm newborn infants, and normally is substantially closed within about 24 hours after bith and completely closed after about three weeks. Failure of physiologcal closure is referred to a persistent or patent ductus arteriosus (PDA). Depending on the degree of left-to-right shunting, PDA can have clinical consequences.",,C0013274,HP:0001643,Patent ductus arteriosus,"In utero, the ductus arteriosus (DA) serves to divert ventricular output away from the lungs and toward the placenta by connecting the main pulmonary artery to the descending aorta. A patent ductus arteriosus (PDA) in the first 3 days of life is a physiologic shunt in healthy term and preterm newborn infants, and normally is substantially closed within about 24 hours after bith and completely closed after about three weeks. Failure of physiologcal closure is referred to a persistent or patent ductus arteriosus (PDA). Depending on the degree of left-to-right shunting, PDA can have clinical consequences.",True
http://purl.obolibrary.org/obo/HP_0001655,HP_0001655,Patent foramen ovale,,"Failure of the foramen ovale to seal postnatally, leaving a potential conduit between the left and right cardiac atria.",,C0016522,HP:0001655,Patent foramen ovale,"Failure of the foramen ovale to seal postnatally, leaving a potential conduit between the left and right cardiac atria.",True
http://purl.obolibrary.org/obo/HP_0001680,HP_0001680,Coarctation of aorta,,Coarctation of the aorta is a narrowing or constriction of a segment of the aorta.,,C0003492,HP:0001680,Coarctation of aorta,Coarctation of the aorta is a narrowing or constriction of a segment of the aorta.,True
http://purl.obolibrary.org/obo/HP_0001744,HP_0001744,Splenomegaly,,Abnormal increased size of the spleen.,,C0038002,HP:0001744,Splenomegaly,Abnormal increased size of the spleen.,True
http://purl.obolibrary.org/obo/HP_0001760,HP_0001760,Abnormal foot morphology,,An abnormality of the skeleton of foot.,,C0016506,HP:0001760,Abnormal foot morphology,An abnormality of the skeleton of foot.,True
http://purl.obolibrary.org/obo/HP_0001762,HP_0001762,Talipes equinovarus,,Talipes equinovarus (also called clubfoot) typically has four main components: inversion and adduction of the forefoot; inversion of the heel and hindfoot; equinus (limitation of extension) of the ankle and subtalar joint; and internal rotation of the leg.,,C0009081,HP:0001762,Talipes equinovarus,Talipes equinovarus (also called clubfoot) typically has four main components: inversion and adduction of the forefoot; inversion of the heel and hindfoot; equinus (limitation of extension) of the ankle and subtalar joint; and internal rotation of the leg.,True
http://purl.obolibrary.org/obo/HP_0001763,HP_0001763,Pes planus,,"A foot where the longitudinal arch of the foot is in contact with the ground or floor when the individual is standing; or, in a patient lying supine, a foot where the arch is in contact with the surface of a flat board pressed against the sole of the foot by the examiner with a pressure similar to that expected from weight bearing; or, the height of the arch is reduced.",,C0016202;C0264133,HP:0001763,Pes planus,"A foot where the longitudinal arch of the foot is in contact with the ground or floor when the individual is standing; or, in a patient lying supine, a foot where the arch is in contact with the surface of a flat board pressed against the sole of the foot by the examiner with a pressure similar to that expected from weight bearing; or, the height of the arch is reduced.",True
http://purl.obolibrary.org/obo/HP_0001765,HP_0001765,Hammertoe,,Hyperextension of the metatarsal-phalangeal joint with hyperflexion of the proximal interphalangeal (PIP) joint.,,C1136179,HP:0001765,Hammertoe,Hyperextension of the metatarsal-phalangeal joint with hyperflexion of the proximal interphalangeal (PIP) joint.,True
http://purl.obolibrary.org/obo/HP_0001773,HP_0001773,Short foot,,"A measured foot length that is more than 2 SD below the mean for a newborn of 27 - 41 weeks gestation, or foot that is less than the 3rd centile for individuals from birth to 16 years of age (objective). Alternatively, a foot that appears disproportionately short (subjective).",,C1848673,HP:0001773,Short foot,"A measured foot length that is more than 2 SD below the mean for a newborn of 27 - 41 weeks gestation, or foot that is less than the 3rd centile for individuals from birth to 16 years of age (objective). Alternatively, a foot that appears disproportionately short (subjective).",True
http://purl.obolibrary.org/obo/HP_0001792,HP_0001792,Small nail,,"A nail that is diminished in length and width, i.e., underdeveloped nail.",,C0263523,HP:0001792,Small nail,"A nail that is diminished in length and width, i.e., underdeveloped nail.",True
http://purl.obolibrary.org/obo/HP_0001829,HP_0001829,Foot polydactyly,,A kind of polydactyly characterized by the presence of a supernumerary toe or toes.,,C0158734,HP:0001829,Foot polydactyly,A kind of polydactyly characterized by the presence of a supernumerary toe or toes.,True
http://purl.obolibrary.org/obo/HP_0001845,HP_0001845,Overlapping toe,,"Describes a foot digit resting on the dorsal surface of an adjacent digit when the foot is at rest. Initially clawing may be dynamic and only noticeable on walking. Over time the plantar plate tears, subluxation occurs at the metatarsophalangeal joint (MTPJ), and the deformity becomes permanent.",,C0920299,HP:0001845,Overlapping toe,"Describes a foot digit resting on the dorsal surface of an adjacent digit when the foot is at rest. Initially clawing may be dynamic and only noticeable on walking. Over time the plantar plate tears, subluxation occurs at the metatarsophalangeal joint (MTPJ), and the deformity becomes permanent.",True
http://purl.obolibrary.org/obo/HP_0001888,HP_0001888,Decreased total lymphocyte count,,A reduced number of lymphocytes in the blood.,,C0024312,HP:0001888,Decreased total lymphocyte count,A reduced number of lymphocytes in the blood.,True
http://purl.obolibrary.org/obo/HP_0001987,HP_0001987,Hyperammonemia,,An increased concentration of ammonia in the blood.,,C0220994,HP:0001987,Hyperammonemia,An increased concentration of ammonia in the blood.,True
http://purl.obolibrary.org/obo/HP_0001999,HP_0001999,Abnormal facial shape,,An abnormal morphology (form) of the face or its components.,,C0266617;C0424503;C1385263;C4072832;C4072833,HP:0001999,Abnormal facial shape,An abnormal morphology (form) of the face or its components.,True
http://purl.obolibrary.org/obo/HP_0002002,HP_0002002,Deep philtrum,,"Accentuated, prominent philtral ridges giving rise to an exaggerated groove in the midline between the nasal base and upper vermillion border.",,C1839797;C4020861,HP:0002002,Deep philtrum,"Accentuated, prominent philtral ridges giving rise to an exaggerated groove in the midline between the nasal base and upper vermillion border.",True
http://purl.obolibrary.org/obo/HP_0002003,HP_0002003,Large forehead,,,,C1839783;C4280583;C4280584,HP:0002003,Large forehead,,True
http://purl.obolibrary.org/obo/HP_0002007,HP_0002007,Frontal bossing,,Bilateral bulging of the lateral frontal bone prominences with relative sparing of the midline.,,C0221354,HP:0002007,Frontal bossing,Bilateral bulging of the lateral frontal bone prominences with relative sparing of the midline.,True
http://purl.obolibrary.org/obo/HP_0002014,HP_0002014,Diarrhea,,Abnormally increased frequency (usually defined as three or more) loose or watery bowel movements a day.,,C0011991,HP:0002014,Diarrhea,Abnormally increased frequency (usually defined as three or more) loose or watery bowel movements a day.,True
http://purl.obolibrary.org/obo/HP_0002019,HP_0002019,Constipation,,Infrequent or difficult evacuation of feces.,,C0009806;C0237326,HP:0002019,Constipation,Infrequent or difficult evacuation of feces.,True
http://purl.obolibrary.org/obo/HP_0002020,HP_0002020,Gastroesophageal reflux,,A condition in which the stomach contents leak backwards from the stomach into the esophagus through the lower esophageal sphincter.,,C0017168;C0018834,HP:0002020,Gastroesophageal reflux,A condition in which the stomach contents leak backwards from the stomach into the esophagus through the lower esophageal sphincter.,True
http://purl.obolibrary.org/obo/HP_0002021,HP_0002021,Pyloric stenosis,,"Pyloric stenosis, also known as infantile hypertrophic pyloric stenosis, is an uncommon condition in infants characterized by abnormal thickening of the pylorus muscles in the stomach leading to gastric outlet obstruction. Clinically infants are well at birth. Then, at 3 to 6 weeks of age, the infants present with projectile vomiting, potentially leading to dehydration and weight loss.",,C0034194,HP:0002021,Pyloric stenosis,"Pyloric stenosis, also known as infantile hypertrophic pyloric stenosis, is an uncommon condition in infants characterized by abnormal thickening of the pylorus muscles in the stomach leading to gastric outlet obstruction. Clinically infants are well at birth. Then, at 3 to 6 weeks of age, the infants present with projectile vomiting, potentially leading to dehydration and weight loss.",True
http://purl.obolibrary.org/obo/HP_0002037,HP_0002037,Inflammation of the large intestine,,"Inflammation, or an inflammatory state in the large intestine.",,C0021390;C0578878,HP:0002037,Inflammation of the large intestine,"Inflammation, or an inflammatory state in the large intestine.",True
http://purl.obolibrary.org/obo/HP_0002066,HP_0002066,Gait ataxia,,A type of ataxia characterized by the impairment of the ability to coordinate the movements required for normal walking. Gait ataxia is characteirzed by a wide-based staggering gait with a tendency to fall.,,C0751837,HP:0002066,Gait ataxia,A type of ataxia characterized by the impairment of the ability to coordinate the movements required for normal walking. Gait ataxia is characteirzed by a wide-based staggering gait with a tendency to fall.,True
http://purl.obolibrary.org/obo/HP_0002067,HP_0002067,Bradykinesia,,"Bradykinesia literally means slow movement, and is used clinically to denote a slowness in the execution of movement (in contrast to hypokinesia, which is used to refer to slowness in the initiation of movement).",,C0233565,HP:0002067,Bradykinesia,"Bradykinesia literally means slow movement, and is used clinically to denote a slowness in the execution of movement (in contrast to hypokinesia, which is used to refer to slowness in the initiation of movement).",True
http://purl.obolibrary.org/obo/HP_0002072,HP_0002072,Chorea,,"Chorea (Greek for 'dance') refers to widespread arrhythmic involuntary movements of a forcible, jerky and restless fashion. It is a random-appearing sequence of one or more discrete involuntary movements or movement fragments. Movements appear random because of variability in timing, duration or location. Each movement may have a distinct start and end. However, movements may be strung together and thus may appear to flow randomly from one muscle group to another. Chorea can involve the trunk, neck, face, tongue, and extremities.",,C0008489;C4020858,HP:0002072,Chorea,"Chorea (Greek for 'dance') refers to widespread arrhythmic involuntary movements of a forcible, jerky and restless fashion. It is a random-appearing sequence of one or more discrete involuntary movements or movement fragments. Movements appear random because of variability in timing, duration or location. Each movement may have a distinct start and end. However, movements may be strung together and thus may appear to flow randomly from one muscle group to another. Chorea can involve the trunk, neck, face, tongue, and extremities.",True
http://purl.obolibrary.org/obo/HP_0002078,HP_0002078,Truncal ataxia,,Truncal ataxia is a sign of ataxia characterized by instability of the trunk. It usually occurs during sitting.,,C0427190,HP:0002078,Truncal ataxia,Truncal ataxia is a sign of ataxia characterized by instability of the trunk. It usually occurs during sitting.,True
http://purl.obolibrary.org/obo/HP_0002079,HP_0002079,Hypoplasia of the corpus callosum,,Underdevelopment of the corpus callosum.,,C0344482,HP:0002079,Hypoplasia of the corpus callosum,Underdevelopment of the corpus callosum.,True
http://purl.obolibrary.org/obo/HP_0002092,HP_0002092,Pulmonary arterial hypertension,,Pulmonary hypertension is defined mean pulmonary artery pressure of 25mmHg or more and pulmonary capillary wedge pressure of 15mmHg or less when measured by right heart catheterisation at rest and in a supine position.,,C0020542;C2973725;C3203102,HP:0002092,Pulmonary arterial hypertension,Pulmonary hypertension is defined mean pulmonary artery pressure of 25mmHg or more and pulmonary capillary wedge pressure of 15mmHg or less when measured by right heart catheterisation at rest and in a supine position.,True
http://purl.obolibrary.org/obo/HP_0002104,HP_0002104,Apnea,,Lack of breathing with no movement of the respiratory muscles and no exchange of air in the lungs. This term refers to a disposition to have recurrent episodes of apnea rather than to a single event.,,C0003578,HP:0002104,Apnea,Lack of breathing with no movement of the respiratory muscles and no exchange of air in the lungs. This term refers to a disposition to have recurrent episodes of apnea rather than to a single event.,True
http://purl.obolibrary.org/obo/HP_0002119,HP_0002119,Ventriculomegaly,,An increase in size of the ventricular system of the brain.,,C3278923,HP:0002119,Ventriculomegaly,An increase in size of the ventricular system of the brain.,True
http://purl.obolibrary.org/obo/HP_0002120,HP_0002120,Cerebral cortical atrophy,,Atrophy of the cortex of the cerebrum.,,C0235946,HP:0002120,Cerebral cortical atrophy,Atrophy of the cortex of the cerebrum.,True
http://purl.obolibrary.org/obo/HP_0002121,HP_0002121,Generalized non-motor (absence) seizure,,"A generalized non-motor (absence) seizure is a type of a type of dialeptic seizure that is of electrographically generalized onset. It is a generalized seizure characterized by an interruption of activities, a blank stare, and usually the person will be unresponsive when spoken to. Any ictal motor phenomena are minor in comparison to these non-motor features.",,C0014553,HP:0002121,Generalized non-motor (absence) seizure,"A generalized non-motor (absence) seizure is a type of a type of dialeptic seizure that is of electrographically generalized onset. It is a generalized seizure characterized by an interruption of activities, a blank stare, and usually the person will be unresponsive when spoken to. Any ictal motor phenomena are minor in comparison to these non-motor features.",True
http://purl.obolibrary.org/obo/HP_0002123,HP_0002123,Generalized myoclonic seizure,,"A generalized myoclonic seizure is a type of generalized motor seizure characterized by bilateral, sudden, brief (<100 ms) involuntary single or multiple contraction of muscles or muscle groups of variable topography (axial, proximal limb, distal). Myoclonus is less regularly repetitive and less sustained than is clonus.",,C0014550;C0751778;C4021759,HP:0002123,Generalized myoclonic seizure,"A generalized myoclonic seizure is a type of generalized motor seizure characterized by bilateral, sudden, brief (<100 ms) involuntary single or multiple contraction of muscles or muscle groups of variable topography (axial, proximal limb, distal). Myoclonus is less regularly repetitive and less sustained than is clonus.",True
http://purl.obolibrary.org/obo/HP_0002126,HP_0002126,Polymicrogyria,,Polymicrogyria is a congenital malformation of the cerebral cortex characterized by abnormal cortical layering (lamination) and an excessive number of small gyri (folds).,,C0266464,HP:0002126,Polymicrogyria,Polymicrogyria is a congenital malformation of the cerebral cortex characterized by abnormal cortical layering (lamination) and an excessive number of small gyri (folds).,True
http://purl.obolibrary.org/obo/HP_0002136,HP_0002136,Broad-based gait,,An abnormal gait pattern in which persons stand and walk with their feet spaced widely apart. This is often a component of cerebellar ataxia.,,C0856863,HP:0002136,Broad-based gait,An abnormal gait pattern in which persons stand and walk with their feet spaced widely apart. This is often a component of cerebellar ataxia.,True
http://purl.obolibrary.org/obo/HP_0002151,HP_0002151,Increased circulating lactate concentration,,Abnormally increased level of blood lactate (2-hydroxypropanoic acid). Lactate is produced from pyruvate by lactate dehydrogenase during normal metabolism. The terms lactate and lactic acid are often used interchangeably but lactate (the component measured in blood) is strictly a weak base whereas lactic acid is the corresponding acid. Lactic acidosis is often used clinically to describe elevated lactate but should be reserved for cases where there is a corresponding acidosis (pH below 7.35).,,C1836440,HP:0002151,Increased circulating lactate concentration,Abnormally increased level of blood lactate (2-hydroxypropanoic acid). Lactate is produced from pyruvate by lactate dehydrogenase during normal metabolism. The terms lactate and lactic acid are often used interchangeably but lactate (the component measured in blood) is strictly a weak base whereas lactic acid is the corresponding acid. Lactic acidosis is often used clinically to describe elevated lactate but should be reserved for cases where there is a corresponding acidosis (pH below 7.35).,True
http://purl.obolibrary.org/obo/HP_0002162,HP_0002162,Low posterior hairline,,Hair on the neck extends more inferiorly than usual.,,C1855728,HP:0002162,Low posterior hairline,Hair on the neck extends more inferiorly than usual.,True
http://purl.obolibrary.org/obo/HP_0002164,HP_0002164,Nail dysplasia,,The presence of developmental dysplasia of the nail.,,C1834405,HP:0002164,Nail dysplasia,The presence of developmental dysplasia of the nail.,True
http://purl.obolibrary.org/obo/HP_0002186,HP_0002186,Apraxia,,"A defect in the understanding of complex motor commands and in the execution of certain learned movements, i.e., deficits in the cognitive components of learned movements.",,C0003635,HP:0002186,Apraxia,"A defect in the understanding of complex motor commands and in the execution of certain learned movements, i.e., deficits in the cognitive components of learned movements.",True
http://purl.obolibrary.org/obo/HP_0002187,HP_0002187,"Intellectual disability, profound",,Profound mental retardation is defined as an intelligence quotient (IQ) below 20.,,C0020796;C3161330,HP:0002187,Profound intellectual disability,"Profound intellectual disability (ID) is defined as a type of ID characterized by profoundly sub-average adaptive functioning and intellectual functioning, with an intelligence quotient (IQ) below 20.",True
http://purl.obolibrary.org/obo/HP_0002188,HP_0002188,Delayed CNS myelination,,Delayed myelination in the central nervous system.,,C4021758,HP:0002188,Delayed CNS myelination,Delayed myelination in the central nervous system.,True
http://purl.obolibrary.org/obo/HP_0002191,HP_0002191,Progressive spasticity,,Spasticity that increases in degree with time.,,C1859520,HP:0002191,Progressive spasticity,Spasticity that increases in degree with time.,True
http://purl.obolibrary.org/obo/HP_0002194,HP_0002194,Delayed gross motor development,,"A type of motor delay characterized by a delay in acquiring the ability to control the large muscles of the body for walking, running, sitting, and crawling.",,C1837658,HP:0002194,Delayed gross motor development,"A type of motor delay characterized by a delay in acquiring the ability to control the large muscles of the body for walking, running, sitting, and crawling.",True
http://purl.obolibrary.org/obo/HP_0002208,HP_0002208,Coarse hair,,Hair shafts are rough in texture.,,C0277959;C4072834,HP:0002208,Coarse hair,Hair shafts are rough in texture.,True
http://purl.obolibrary.org/obo/HP_0002240,HP_0002240,Hepatomegaly,,Abnormally increased size of the liver.,,C0019209,HP:0002240,Hepatomegaly,Abnormally increased size of the liver.,True
http://purl.obolibrary.org/obo/HP_0002280,HP_0002280,Enlarged cisterna magna,,"Increase in size of the cisterna magna, one of three principal openings in the subarachnoid space between the arachnoid and pia mater, located between the cerebellum and the dorsal surface of the medulla oblongata.",,C1853377,HP:0002280,Enlarged cisterna magna,"Increase in size of the cisterna magna, one of three principal openings in the subarachnoid space between the arachnoid and pia mater, located between the cerebellum and the dorsal surface of the medulla oblongata.",True
http://purl.obolibrary.org/obo/HP_0002300,HP_0002300,Mutism,,Complete lack of speech or verbal communication in a person despite attempts to engage in conversation. Mutism as a phenomena assumes the individual has previous capacity for speech and in the pediatric population it assumes that the person is past the age of typical language development.,,C0026884,HP:0002300,Mutism,Complete lack of speech or verbal communication in a person despite attempts to engage in conversation. Mutism as a phenomena assumes the individual has previous capacity for speech and in the pediatric population it assumes that the person is past the age of typical language development.,True
http://purl.obolibrary.org/obo/HP_0002305,HP_0002305,Athetosis,,"A slow, continuous, involuntary writhing movement that prevents maintenance of a stable posture. Athetosis involves continuous smooth movements that appear random and are not composed of recognizable sub-movements or movement fragments. In contrast to chorea, in athetosis, the same regions of the body are repeatedly involved. Athetosis may worsen with attempts at movement of posture, but athetosis can also occur at rest.",,C0004158;C1845265,HP:0002305,Athetosis,"A slow, continuous, involuntary writhing movement that prevents maintenance of a stable posture. Athetosis involves continuous smooth movements that appear random and are not composed of recognizable sub-movements or movement fragments. In contrast to chorea, in athetosis, the same regions of the body are repeatedly involved. Athetosis may worsen with attempts at movement of posture, but athetosis can also occur at rest.",True
http://purl.obolibrary.org/obo/HP_0002307,HP_0002307,Drooling,,Habitual flow of saliva out of the mouth.,,C0013132;C0037036,HP:0002307,Drooling,Habitual flow of saliva out of the mouth.,True
http://purl.obolibrary.org/obo/HP_0002312,HP_0002312,Clumsiness,,Lack of physical coordination resulting in an abnormal tendency to drop items or bump into objects.,,C0233844,HP:0002312,Clumsiness,Lack of physical coordination resulting in an abnormal tendency to drop items or bump into objects.,True
http://purl.obolibrary.org/obo/HP_0002317,HP_0002317,Unsteady gait,,,,C0231686,HP:0002317,Unsteady gait,,True
http://purl.obolibrary.org/obo/HP_0002332,HP_0002332,Lack of peer relationships,,The state of not having relationships with peers outside of school or organized activity appropriate to developmental level. This may be caused by behavioral or physical barriers.,,C1845337,HP:0002332,Lack of peer relationships,The state of not having relationships with peers outside of school or organized activity appropriate to developmental level. This may be caused by behavioral or physical barriers.,True
http://purl.obolibrary.org/obo/HP_0002333,HP_0002333,Motor deterioration,,"Loss of previously present motor (i.e., movement) abilities.",,C1866284,HP:0002333,Motor deterioration,"Loss of previously present motor (i.e., movement) abilities.",True
http://purl.obolibrary.org/obo/HP_0002342,HP_0002342,"Intellectual disability, moderate",,Moderate mental retardation is defined as an intelligence quotient (IQ) in the range of 35-49.,,C0026351,HP:0002342,Moderate intellectual disability,"Moderate intellectual disability (ID) is defined as a type of ID characterized by moderately sub-average adaptive functioning and intellectual functioning, with an intelligence quotient (IQ) the range of 35-49.",True
http://purl.obolibrary.org/obo/HP_0002353,HP_0002353,EEG abnormality,,"Abnormality observed by electroencephalogram (EEG), which is used to record of the brain's spontaneous electrical activity from multiple electrodes placed on the scalp.",,C0151611,HP:0002353,EEG abnormality,"Abnormality observed by electroencephalogram (EEG), which is used to record of the brain's spontaneous electrical activity from multiple electrodes placed on the scalp.",True
http://purl.obolibrary.org/obo/HP_0002356,HP_0002356,Writer's cramp,,"A focal dystonia of the fingers, hand, and/or forearm that appears when the affected person attempts to do a task that requires fine motor movements such as writing or playing a musical instrument.",,C0154676,HP:0002356,Writer's cramp,"A focal dystonia of the fingers, hand, and/or forearm that appears when the affected person attempts to do a task that requires fine motor movements such as writing or playing a musical instrument.",True
http://purl.obolibrary.org/obo/HP_0002360,HP_0002360,Sleep abnormality,,"An abnormal pattern in the quality, quantity, or characteristics of sleep.",,C0037317,HP:0002360,Sleep disturbance,"An abnormal pattern in the quality, quantity, or characteristics of sleep.",True
http://purl.obolibrary.org/obo/HP_0002371,HP_0002371,Loss of speech,,,,C0542223,HP:0002371,Loss of speech,,True
http://purl.obolibrary.org/obo/HP_0002373,HP_0002373,Febrile seizure (within the age range of 3 months to 6 years),,"A febrile seizure is any type of seizure (most often a generalized tonic-clonic seizure) occurring with fever (at least 38 degrees Celsius) but in the absence of central nervous system infection, severe metabolic disturbance or other alternative precipitant in children between the ages of 3 months and 6 years.",,C0009952,HP:0002373,Febrile seizure (within the age range of 3 months to 6 years),"A febrile seizure is any type of seizure (most often a generalized tonic-clonic seizure) occurring with fever (at least 38 degrees Celsius) but in the absence of central nervous system infection, severe metabolic disturbance or other alternative precipitant in children between the ages of 3 months and 6 years.",True
http://purl.obolibrary.org/obo/HP_0002376,HP_0002376,Developmental regression,,"Loss of developmental skills, as manifested by loss of developmental milestones.",,C1836550;C1836830;C1850493;C1855009;C1855019;C1855996;C1857121;C1859678,HP:0002376,Developmental regression,"Loss of developmental skills, as manifested by loss of developmental milestones.",True
http://purl.obolibrary.org/obo/HP_0002395,HP_0002395,Lower limb hyperreflexia,,Increased intensity of the a reflex in the leg.,,C1836696,HP:0002395,Lower limb hyperreflexia,Increased intensity of the a reflex in the leg.,True
http://purl.obolibrary.org/obo/HP_0002451,HP_0002451,Limb dystonia,,A type of dystonia (abnormally increased muscular tone causing fixed abnormal postures) that affects muscles of the limbs.,,C0751093,HP:0002451,Limb dystonia,A type of dystonia (abnormally increased muscular tone causing fixed abnormal postures) that affects muscles of the limbs.,True
http://purl.obolibrary.org/obo/HP_0002463,HP_0002463,Language impairment,,"Language impairment is a deficit in comprehension or production of language that includes reduced vocabulary, limited sentence structure, or impairments in written or spoken communication. Language abilities are substantially and quantifiably below age expectations.",,C0023015,HP:0002463,Language impairment,"Language impairment is a deficit in comprehension or production of language that includes reduced vocabulary, limited sentence structure, or impairments in written or spoken communication. Language abilities are substantially and quantifiably below age expectations.",True
http://purl.obolibrary.org/obo/HP_0002465,HP_0002465,Poor speech,,,,C1848207;C4280574,HP:0002465,Poor speech,,True
http://purl.obolibrary.org/obo/HP_0002490,HP_0002490,Increased CSF lactate,,Increased concentration of lactate in the cerebrospinal fluid.,,C1167918,HP:0002490,Increased CSF lactate,Increased concentration of lactate in the cerebrospinal fluid.,True
http://purl.obolibrary.org/obo/HP_0002497,HP_0002497,Spastic ataxia,,,,C1849156,HP:0002497,Spastic ataxia,,True
http://purl.obolibrary.org/obo/HP_0002505,HP_0002505,Loss of ambulation,,Inability to walk in a person who previous had the ability to walk.,,C1836843,HP:0002505,Loss of ambulation,Inability to walk in a person who previous had the ability to walk.,True
http://purl.obolibrary.org/obo/HP_0002521,HP_0002521,Hypsarrhythmia,,"Hypsarrhythmia is abnormal interictal high amplitude waves and a background of irregular spikes. There is continuous (during wakefulness), high-amplitude (>200 Hz), generalized polymorphic slowing with no organized background and multifocal spikes demonstrated by electroencephalography (EEG).",,C0684276,HP:0002521,Hypsarrhythmia,"Hypsarrhythmia is abnormal interictal high amplitude waves and a background of irregular spikes. There is continuous (during wakefulness), high-amplitude (>200 Hz), generalized polymorphic slowing with no organized background and multifocal spikes demonstrated by electroencephalography (EEG).",True
http://purl.obolibrary.org/obo/HP_0002540,HP_0002540,Inability to walk,,Incapability to ambulate.,,C0560046,HP:0002540,Inability to walk,Incapability to ambulate.,True
http://purl.obolibrary.org/obo/HP_0002553,HP_0002553,Highly arched eyebrow,,"Increased height of the central portion of the eyebrow, forming a crescent, semicircular, or inverted U shape.",,C1868571;C4020849,HP:0002553,Highly arched eyebrow,"Increased height of the central portion of the eyebrow, forming a crescent, semicircular, or inverted U shape.",True
http://purl.obolibrary.org/obo/HP_0002558,HP_0002558,Supernumerary nipple,,Presence of more than two nipples.,,C0266011,HP:0002558,Supernumerary nipple,Presence of more than two nipples.,True
http://purl.obolibrary.org/obo/HP_0002607,HP_0002607,Bowel incontinence,,Involuntary fecal soiling in adults and children who have usually already been toilet trained.,,C0015732,HP:0002607,Bowel incontinence,Involuntary fecal soiling in adults and children who have usually already been toilet trained.,True
http://purl.obolibrary.org/obo/HP_0002650,HP_0002650,Scoliosis,,The presence of an abnormal lateral curvature of the spine.,,C0037932;C0700208,HP:0002650,Scoliosis,The presence of an abnormal lateral curvature of the spine.,True
http://purl.obolibrary.org/obo/HP_0002714,HP_0002714,Downturned corners of mouth,,A morphological abnormality of the mouth in which the angle of the mouth is downturned. The oral commissures are positioned inferior to the midline labial fissure.,,C1866195,HP:0002714,Downturned corners of mouth,A morphological abnormality of the mouth in which the angle of the mouth is downturned. The oral commissures are positioned inferior to the midline labial fissure.,True
http://purl.obolibrary.org/obo/HP_0002719,HP_0002719,Recurrent infections,,Increased susceptibility to infections as manifested by repeated bouts of infection.,,C0239998,HP:0002719,Recurrent infections,Increased susceptibility to infections as manifested by repeated bouts of infection.,True
http://purl.obolibrary.org/obo/HP_0002721,HP_0002721,Immunodeficiency,,"Failure of the immune system to protect the body adequately from infection, due to the absence or insufficiency of some component process or substance.",,C0021051,HP:0002721,Immunodeficiency,"Failure of the immune system to protect the body adequately from infection, due to the absence or insufficiency of some component process or substance.",True
http://purl.obolibrary.org/obo/HP_0002793,HP_0002793,Abnormal pattern of respiration,,An anomaly of the rhythm or depth of breathing.,,C1837388,HP:0002793,Abnormal pattern of respiration,An anomaly of the rhythm or depth of breathing.,True
http://purl.obolibrary.org/obo/HP_0002803,HP_0002803,Congenital contracture,,One or more flexion contractures (a bent joint that cannot be straightened actively or passively) that are present at birth.,,C0332878,HP:0002803,Congenital contracture,One or more flexion contractures (a bent joint that cannot be straightened actively or passively) that are present at birth.,True
http://purl.obolibrary.org/obo/HP_0002804,HP_0002804,Arthrogryposis multiplex congenita,,Multiple congenital contractures in different body areas.,,C0003886,HP:0002804,Arthrogryposis multiplex congenita,Multiple congenital contractures in different body areas.,True
http://purl.obolibrary.org/obo/HP_0002808,HP_0002808,Kyphosis,,Exaggerated anterior convexity of the thoracic vertebral column.,,C0022821;C1845112,HP:0002808,Kyphosis,Exaggerated anterior convexity of the thoracic vertebral column.,True
http://purl.obolibrary.org/obo/HP_0002827,HP_0002827,Hip dislocation,,Displacement of the femur from its normal location in the hip joint.,,C0019554,HP:0002827,Hip dislocation,Displacement of the femur from its normal location in the hip joint.,True
http://purl.obolibrary.org/obo/HP_0002835,HP_0002835,Aspiration,,Inspiration of a foreign object into the airway.,,C0700198;C2712334,HP:0002835,Aspiration,Inspiration of a foreign object into the airway.,True
http://purl.obolibrary.org/obo/HP_0002870,HP_0002870,Obstructive sleep apnea,,"Obstructive Sleep Apnea is a condition characterized by the obstruction of the airway and pauses in breathing during sleep, which occur multiple times throughout the night. It is related to the relaxation of muscle tone that typically happens during sleep, leading to a partial collapse of the soft tissues in the airway and causing airflow obstruction.",,C0520679,HP:0002870,Obstructive sleep apnea,"Obstructive Sleep Apnea is a condition characterized by the obstruction of the airway and pauses in breathing during sleep, which occur multiple times throughout the night. It is related to the relaxation of muscle tone that typically happens during sleep, leading to a partial collapse of the soft tissues in the airway and causing airflow obstruction.",True
http://purl.obolibrary.org/obo/HP_0002876,HP_0002876,Episodic tachypnea,,Episodes of very rapid breathing.,,C3806218,HP:0002876,Episodic tachypnea,Episodes of very rapid breathing.,True
http://purl.obolibrary.org/obo/HP_0002882,HP_0002882,Sudden episodic apnea,,"Recurrent bouts of sudden, severe apnea that may be life-threatening.",,C4025671,HP:0002882,Sudden episodic apnea,"Recurrent bouts of sudden, severe apnea that may be life-threatening.",True
http://purl.obolibrary.org/obo/HP_0002890,HP_0002890,Thyroid carcinoma,,The presence of a carcinoma of the thyroid gland.,,C0549473,HP:0002890,Thyroid carcinoma,The presence of a carcinoma of the thyroid gland.,True
http://purl.obolibrary.org/obo/HP_0002904,HP_0002904,Hyperbilirubinemia,,An increased amount of bilirubin in the blood.,,C0311468,HP:0002904,Hyperbilirubinemia,An increased amount of bilirubin in the blood.,True
http://purl.obolibrary.org/obo/HP_0002919,HP_0002919,Ketonuria,,"High levels of ketone bodies (acetoacetic acid, beta-hydroxybutyric acid, and acetone) in the urine. Ketone bodies are insignificant in the blood and urine of normal individuals in the postprandial or overnight-fasted state.",,C0162275,HP:0002919,Ketonuria,"High levels of ketone bodies (acetoacetic acid, beta-hydroxybutyric acid, and acetone) in the urine. Ketone bodies are insignificant in the blood and urine of normal individuals in the postprandial or overnight-fasted state.",True
http://purl.obolibrary.org/obo/HP_0003144,HP_0003144,Increased serum serotonin,,A increased concentration of serotonin in the blood.,,C0877243,HP:0003144,Increased serum serotonin,A increased concentration of serotonin in the blood.,True
http://purl.obolibrary.org/obo/HP_0003196,HP_0003196,Short nose,,"Distance from nasion to subnasale more than two standard deviations below the mean, or alternatively, an apparently decreased length from the nasal root to the nasal tip.",,C0426414;C1854114,HP:0003196,Short nose,"Distance from nasion to subnasale more than two standard deviations below the mean, or alternatively, an apparently decreased length from the nasal root to the nasal tip.",True
http://purl.obolibrary.org/obo/HP_0003202,HP_0003202,Skeletal muscle atrophy,,The presence of skeletal muscular atrophy (which is also known as amyotrophy).,,C0234958;C0270948;C0541794;C1843479,HP:0003202,Skeletal muscle atrophy,The presence of skeletal muscular atrophy (which is also known as amyotrophy).,True
http://purl.obolibrary.org/obo/HP_0003270,HP_0003270,Abdominal distention,,Distention of the abdomen.,,C0000731,HP:0003270,Abdominal distention,Distention of the abdomen.,True
http://purl.obolibrary.org/obo/HP_0003542,HP_0003542,Increased circulating pyruvate concentration,,The concentration of pyruvate in the blood circulation is above the upper limit of normal.,,C1849488,HP:0003542,Increased circulating pyruvate concentration,The concentration of pyruvate in the blood circulation is above the upper limit of normal.,True
http://purl.obolibrary.org/obo/HP_0003577,HP_0003577,Congenital onset,,A phenotypic abnormality that is present at birth.,,C1836142;C2752013,HP:0003577,Congenital onset,A phenotypic abnormality that is present at birth.,True
http://purl.obolibrary.org/obo/HP_0003593,HP_0003593,Infantile onset,,Onset of signs or symptoms of disease between 28 days to one year of life.,,C1848924,HP:0003593,Infantile onset,Onset of signs or symptoms of disease between 28 days to one year of life.,True
http://purl.obolibrary.org/obo/HP_0003621,HP_0003621,Juvenile onset,,Onset of signs or symptoms of disease between the age of 5 and 15 years.,,C4025588,HP:0003621,Juvenile onset,Onset of signs or symptoms of disease between the age of 5 and 15 years.,True
http://purl.obolibrary.org/obo/HP_0003623,HP_0003623,Neonatal onset,,Onset of signs or symptoms of disease within the first 28 days of life.,,C1855106,HP:0003623,Neonatal onset,Onset of signs or symptoms of disease within the first 28 days of life.,True
http://purl.obolibrary.org/obo/HP_0003745,HP_0003745,Sporadic,,"Cases of the disease in question occur without a previous family history, i.e., as isolated cases without being transmitted from a parent and without other siblings being affected.",,C1853237,HP:0003745,Sporadic,"Cases of the disease in question occur without a previous family history, i.e., as isolated cases without being transmitted from a parent and without other siblings being affected.",True
http://purl.obolibrary.org/obo/HP_0003763,HP_0003763,Bruxism,,"Bruxism is characterized by the grinding of the teeth including the clenching of the jaw and typically occur during sleep, but also can occur while the affected individual is awake.",,C0006325,HP:0003763,Bruxism,Bruxism is characterized by the grinding of the teeth including the clenching of the jaw and typically occur during sleep.,True
http://purl.obolibrary.org/obo/HP_0003808,HP_0003808,Abnormal muscle tone,,,,C0852413,HP:0003808,Abnormal muscle tone,,True
http://purl.obolibrary.org/obo/HP_0004209,HP_0004209,Clinodactyly of the 5th finger,,"Clinodactyly refers to a bending or curvature of the fifth finger in the radial direction (i.e., towards the 4th finger).",,C1850049;C4280538,HP:0004209,Clinodactyly of the 5th finger,"Clinodactyly refers to a bending or curvature of the fifth finger in the radial direction (i.e., towards the 4th finger).",True
http://purl.obolibrary.org/obo/HP_0004283,HP_0004283,Narrow palm,,"For children from birth to 4 years of age, the palm width is more than 2 SD below the mean; for children from 4 to 16 years of age the palm width is below the 5th centile; or, the width of the palm appears disproportionately narrow for its length.",,C1857632,HP:0004283,Narrow palm,"For children from birth to 4 years of age, the palm width is more than 2 SD below the mean; for children from 4 to 16 years of age the palm width is below the 5th centile; or, the width of the palm appears disproportionately narrow for its length.",True
http://purl.obolibrary.org/obo/HP_0004302,HP_0004302,Functional motor deficit,,,,C4025360,HP:0004302,Functional motor deficit,,True
http://purl.obolibrary.org/obo/HP_0004305,HP_0004305,Involuntary movements,,"Involuntary contractions of muscle leading to involuntary movements of extremities, neck, trunk, or face.",,C0235086,HP:0004305,Involuntary movements,"Involuntary contractions of muscle leading to involuntary movements of extremities, neck, trunk, or face.",True
http://purl.obolibrary.org/obo/HP_0004313,HP_0004313,Decreased circulating immunoglobulin concentration,,An abnormally decreased level of immunoglobulin in blood.,,C0086438;C4048270,HP:0004313,Decreased circulating immunoglobulin concentration,An abnormally decreased level of immunoglobulin in blood.,True
http://purl.obolibrary.org/obo/HP_0004322,HP_0004322,Short stature,,"A height below that which is expected according to age and gender norms. Although there is no universally accepted definition of short stature, many refer to ""short stature"" as height more than 2 standard deviations below the mean for age and gender (or below the 3rd percentile for age and gender dependent norms).",,C0349588,HP:0004322,Short stature,"A height below that which is expected according to age and gender norms. Although there is no universally accepted definition of short stature, many refer to ""short stature"" as height more than 2 standard deviations below the mean for age and gender (or below the 3rd percentile for age and gender dependent norms).",True
http://purl.obolibrary.org/obo/HP_0004326,HP_0004326,Cachexia,,"Severe weight loss, wasting of muscle, loss of appetite, and general debility related to a chronic disease.",,C0006625,HP:0004326,Cachexia,"Severe weight loss, wasting of muscle, loss of appetite, and general debility related to a chronic disease.",True
http://purl.obolibrary.org/obo/HP_0004422,HP_0004422,Biparietal narrowing,,"A narrowing of the biparietal diameter (i.e., of the transverse distance between the protuberances of the two parietal bones of the skull).",,C1854418;C4280532,HP:0004422,Biparietal narrowing,"A narrowing of the biparietal diameter (i.e., of the transverse distance between the protuberances of the two parietal bones of the skull).",True
http://purl.obolibrary.org/obo/HP_0004879,HP_0004879,Intermittent hyperventilation,,Episodic hyperventilation.,,C1828017,HP:0004879,Intermittent hyperventilation,Episodic hyperventilation.,True
http://purl.obolibrary.org/obo/HP_0004976,HP_0004976,Knee dislocation,,,,C0159970,HP:0004976,Knee dislocation,,True
http://purl.obolibrary.org/obo/HP_0005135,HP_0005135,Abnormal T-wave,,"An abnormality of the T wave on the electrocardiogram, which mainly represents the repolarization of the ventricles.",,C4025245,HP:0005135,Abnormal T-wave,"An abnormality of the T wave on the electrocardiogram, which mainly represents the repolarization of the ventricles.",True
http://purl.obolibrary.org/obo/HP_0005184,HP_0005184,Prolonged QTc interval,,A longer than normal interval (corrected for heart rate) between the Q and T waves in the heart's cycle. Prolonged QTc can cause premature action potentials during late phase depolarizations thereby leading to ventricular arrhythmias and ventricular fibrillations.,,C1560305,HP:0005184,Prolonged QTc interval,A longer than normal interval (corrected for heart rate) between the Q and T waves in the heart's cycle. Prolonged QTc can cause premature action potentials during late phase depolarizations thereby leading to ventricular arrhythmias and ventricular fibrillations.,True
http://purl.obolibrary.org/obo/HP_0005274,HP_0005274,Prominent nasal tip,,,,C1856118;C4280498;C4280499;C4280500,HP:0005274,Prominent nasal tip,,True
http://purl.obolibrary.org/obo/HP_0005280,HP_0005280,Depressed nasal bridge,,Posterior positioning of the nasal root in relation to the overall facial profile for age.,,C1836542;C3550546;C4280495,HP:0005280,Depressed nasal bridge,Posterior positioning of the nasal root in relation to the overall facial profile for age.,True
http://purl.obolibrary.org/obo/HP_0005324,HP_0005324,Disturbance of facial expression,,"An abnormality of the gestures or movements executed with the facial muscles with which emotions such as fear, joy, sadness, surprise, and disgust can be expressed.",,C4025215,HP:0005324,Disturbance of facial expression,"An abnormality of the gestures or movements executed with the facial muscles with which emotions such as fear, joy, sadness, surprise, and disgust can be expressed.",True
http://purl.obolibrary.org/obo/HP_0005484,HP_0005484,Secondary microcephaly,,Head circumference which falls below 2 standard deviations below the mean for age and gender because of insufficient head growth after birth.,,C1847514,HP:0005484,Secondary microcephaly,Head circumference which falls below 2 standard deviations below the mean for age and gender because of insufficient head growth after birth.,True
http://purl.obolibrary.org/obo/HP_0005490,HP_0005490,Postnatal macrocephaly,,The postnatal development of an abnormally large skull (macrocephaly).,,C1854417,HP:0005490,Postnatal macrocephaly,The postnatal development of an abnormally large skull (macrocephaly).,True
http://purl.obolibrary.org/obo/HP_0005709,HP_0005709,2-3 toe cutaneous syndactyly,,,,C0432040,HP:0005709,2-3 toe cutaneous syndactyly,,True
http://purl.obolibrary.org/obo/HP_0006184,HP_0006184,Decreased palmar creases,,Poorly defined or shallow palmar creases.,,C1857483,HP:0006184,Decreased palmar creases,Poorly defined or shallow palmar creases.,True
http://purl.obolibrary.org/obo/HP_0006288,HP_0006288,Advanced eruption of teeth,,"Premature tooth eruption, which can be defined as tooth eruption more than 2 SD earlier than the mean eruption age.",,C0266054,HP:0006288,Advanced eruption of teeth,"Premature tooth eruption, which can be defined as tooth eruption more than 2 SD earlier than the mean eruption age.",True
http://purl.obolibrary.org/obo/HP_0006781,HP_0006781,Hurthle cell thyroid adenoma,,A kind of thyroid adenoma characterized by the presence of oxyphil cells.,,C1336750,HP:0006781,Hurthle cell thyroid adenoma,A kind of thyroid adenoma characterized by the presence of oxyphil cells.,True
http://purl.obolibrary.org/obo/HP_0006855,HP_0006855,Cerebellar vermis atrophy,,Wasting (atrophy) of the vermis of cerebellum.,,C0742028,HP:0006855,Cerebellar vermis atrophy,Wasting (atrophy) of the vermis of cerebellum.,True
http://purl.obolibrary.org/obo/HP_0006889,HP_0006889,"Intellectual disability, borderline",,Borderline intellectual disability is defined as an intelligence quotient (IQ) in the range of 70-85.,,C0006009,HP:0006889,Borderline intellectual disability,Borderline intellectual disability is defined as an intelligence quotient (IQ) in the range of 70-85.,True
http://purl.obolibrary.org/obo/HP_0007018,HP_0007018,Attention deficit hyperactivity disorder,,"Attention deficit hyperactivity disorder (ADHD) manifests at age 2-3 years or by first grade at the latest. The main symptoms are distractibility, impulsivity, hyperactivity, and often trouble organizing tasks and projects, difficulty going to sleep, and social problems from being aggressive, loud, or impatient.",,C1263846,HP:0007018,Attention deficit hyperactivity disorder,"Attention deficit hyperactivity disorder (ADHD) manifests at age 2-3 years or by first grade at the latest. The main symptoms are distractibility, impulsivity, hyperactivity, and often trouble organizing tasks and projects, difficulty going to sleep, and social problems from being aggressive, loud, or impatient.",True
http://purl.obolibrary.org/obo/HP_0007064,HP_0007064,Progressive language deterioration,,Progressive loss of previously present language abilities.,,C1843793,HP:0007064,Progressive language deterioration,Progressive loss of previously present language abilities.,True
http://purl.obolibrary.org/obo/HP_0007074,HP_0007074,Thick corpus callosum,,Increased vertical dimension of the corpus callosum. This feature can be visualized by sagittal sections on magnetic resonance tomography imaging of the brain.,,C1835194,HP:0007074,Thick corpus callosum,Increased vertical dimension of the corpus callosum. This feature can be visualized by sagittal sections on magnetic resonance tomography imaging of the brain.,True
http://purl.obolibrary.org/obo/HP_0007086,HP_0007086,Social and occupational deterioration,,,,C1866986,HP:0007086,Social and occupational deterioration,,True
http://purl.obolibrary.org/obo/HP_0007099,HP_0007099,Chiari type I malformation,,"Arnold-Chiari type I malformation refers to a relatively mild degree of herniation of the posteroinferior region of the cerebellum (the cerebellar tonsils) into the cervical canal with little or no displacement of the fourth ventricle. It is characterized by one or both pointed (not rounded) cerebellar tonsils that project 5 mm below the foramen magnum, measured by a line drawn from the basion to the opisthion (McRae Line)",,C0750929,HP:0007099,Chiari type I malformation,"Arnold-Chiari type I malformation refers to a relatively mild degree of herniation of the posteroinferior region of the cerebellum (the cerebellar tonsils) into the cervical canal with little or no displacement of the fourth ventricle. It is characterized by one or both pointed (not rounded) cerebellar tonsils that project 5 mm below the foramen magnum, measured by a line drawn from the basion to the opisthion (McRae Line)",True
http://purl.obolibrary.org/obo/HP_0007281,HP_0007281,Developmental stagnation,,"A cessation of the development of a child in the areas of motor skills, speech and language, cognitive skills, and social and/or emotional skills.",,C1848980,HP:0007281,Developmental stagnation,"A cessation of the development of a child in the areas of motor skills, speech and language, cognitive skills, and social and/or emotional skills.",True
http://purl.obolibrary.org/obo/HP_0007325,HP_0007325,Generalized dystonia,,A type of dystonia that affects all or most of the body.,,C1848954,HP:0007325,Generalized dystonia,A type of dystonia that affects all or most of the body.,True
http://purl.obolibrary.org/obo/HP_0007328,HP_0007328,Impaired pain sensation,,Reduced ability to perceive painful stimuli.,,C1837522,HP:0007328,Impaired pain sensation,Reduced ability to perceive painful stimuli.,True
http://purl.obolibrary.org/obo/HP_0007333,HP_0007333,Hypoplasia of the frontal lobes,,Underdevelopment of the frontal lobe of the cerebrum.,,C1849172,HP:0007333,Hypoplasia of the frontal lobes,Underdevelopment of the frontal lobe of the cerebrum.,True
http://purl.obolibrary.org/obo/HP_0007359,HP_0007359,Focal-onset seizure,,"A focal-onset seizure is a type of seizure originating within networks limited to one hemisphere. They may be discretely localized or more widely distributed, and may originate in subcortical structures.",,C0751495,HP:0007359,Focal-onset seizure,"A focal-onset seizure is a type of seizure originating within networks limited to one hemisphere. They may be discretely localized or more widely distributed, and may originate in subcortical structures.",True
http://purl.obolibrary.org/obo/HP_0007366,HP_0007366,Atrophy/Degeneration affecting the brainstem,,,,C4024900,HP:0007366,Atrophy/Degeneration affecting the brainstem,,True
http://purl.obolibrary.org/obo/HP_0007824,HP_0007824,Total ophthalmoplegia,,Paralysis of both the extrinsic and intrinsic ocular muscles.,,C0155338,HP:0007824,Total ophthalmoplegia,Paralysis of both the extrinsic and intrinsic ocular muscles.,True
http://purl.obolibrary.org/obo/HP_0007874,HP_0007874,Almond-shaped palpebral fissure,,"A shape created by an acute downward arching of the upper eyelid and upward arching of the lower eyelid, toward the medial canthus, which gives the outline of the palpebral fissures the configuration of an almond. Thus, the maximum distance between the fissures is offset from, and medial to, the center point.",,C4024780,HP:0007874,Almond-shaped palpebral fissure,"A shape created by an acute downward arching of the upper eyelid and upward arching of the lower eyelid, toward the medial canthus, which gives the outline of the palpebral fissures the configuration of an almond. Thus, the maximum distance between the fissures is offset from, and medial to, the center point.",True
http://purl.obolibrary.org/obo/HP_0007925,HP_0007925,Lacrimal duct aplasia,,A congenital defect resulting in absence of the lacrimal duct.,,C4024773,HP:0007925,Lacrimal duct aplasia,A congenital defect resulting in absence of the lacrimal duct.,True
http://purl.obolibrary.org/obo/HP_0008755,HP_0008755,Laryngotracheomalacia,,,,C0585984,HP:0008755,Laryngotracheomalacia,,True
http://purl.obolibrary.org/obo/HP_0008762,HP_0008762,Repetitive compulsive behavior,,,,C1969697,HP:0008762,Repetitive compulsive behavior,,True
http://purl.obolibrary.org/obo/HP_0008872,HP_0008872,Feeding difficulties in infancy,,"Impaired feeding performance of an infant as manifested by difficulties such as weak and ineffective sucking, brief bursts of sucking, and falling asleep during sucking. There may be difficulties with chewing or maintaining attention.",,C2674608,HP:0008872,Feeding difficulties in infancy,"Impaired feeding performance of an infant as manifested by difficulties such as weak and ineffective sucking, brief bursts of sucking, and falling asleep during sucking. There may be difficulties with chewing or maintaining attention.",True
http://purl.obolibrary.org/obo/HP_0008897,HP_0008897,Postnatal growth retardation,,Slow or limited growth after birth.,,C1859778,HP:0008897,Postnatal growth retardation,Slow or limited growth after birth.,True
http://purl.obolibrary.org/obo/HP_0008936,HP_0008936,Axial hypotonia,,Muscular hypotonia (abnormally low muscle tone) affecting the musculature of the trunk.,,C1853743,HP:0008936,Axial hypotonia,Muscular hypotonia (abnormally low muscle tone) affecting the musculature of the trunk.,True
http://purl.obolibrary.org/obo/HP_0008947,HP_0008947,Floppy infant,,"Floppiness/hypotonia is defined as reduced resistance to passive movement of joints. Physical examination of floppy/hypotonic infants shows head lag, lack of shoulder and elbow muscle contraction on traction response, inability to tighten the shoulder girdle muscles (or slipping through) when held under the axillae, scarf sign (when the arm is pulled to the opposite side, the arm wraps around the neck with the elbow crossing midline), hyperdorsiflexion of the feet, easy apposition of the thumb against the forearm, feet touching the cheek with ease and without discomfort, frog leg position, and inverted U sign on ventral suspension (head, arms, and legs hanging down without elbow or knee flexion and the trunk rounded in a dome shape).",,C1860834,HP:0008947,Floppy infant,"Floppiness/hypotonia is defined as reduced resistance to passive movement of joints. Physical examination of floppy/hypotonic infants shows head lag, lack of shoulder and elbow muscle contraction on traction response, inability to tighten the shoulder girdle muscles (or slipping through) when held under the axillae, scarf sign (when the arm is pulled to the opposite side, the arm wraps around the neck with the elbow crossing midline), hyperdorsiflexion of the feet, easy apposition of the thumb against the forearm, feet touching the cheek with ease and without discomfort, frog leg position, and inverted U sign on ventral suspension (head, arms, and legs hanging down without elbow or knee flexion and the trunk rounded in a dome shape).",True
http://purl.obolibrary.org/obo/HP_0009183,HP_0009183,Joint contracture of the 5th finger,,Chronic loss of joint motion in the 5th finger due to structural changes in non-bony tissue. The term camptodactyly of the 5th finger is used if the distal and/or proximal interphalangeal joints are affected.,,C1865702,HP:0009183,Joint contracture of the 5th finger,Chronic loss of joint motion in the 5th finger due to structural changes in non-bony tissue. The term camptodactyly of the 5th finger is used if the distal and/or proximal interphalangeal joints are affected.,True
http://purl.obolibrary.org/obo/HP_0009473,HP_0009473,Joint contracture of the hand,,Contractures of one ore more joints of the hands meaning chronic loss of joint motion due to structural changes in non-bony tissue.,,C0158113,HP:0009473,Joint contracture of the hand,Contractures of one ore more joints of the hands meaning chronic loss of joint motion due to structural changes in non-bony tissue.,True
http://purl.obolibrary.org/obo/HP_0009765,HP_0009765,Low hanging columella,,"Columella extending inferior to the level of the nasal base, when viewed from the side.",,C1856119;C4280395,HP:0009765,Low hanging columella,"Columella extending inferior to the level of the nasal base, when viewed from the side.",True
http://purl.obolibrary.org/obo/HP_0009777,HP_0009777,Absent thumb,,"Absent thumb, i.e., the absence of both phalanges of a thumb and the associated soft tissues.",,C3278811,HP:0009777,Absent thumb,"Absent thumb, i.e., the absence of both phalanges of a thumb and the associated soft tissues.",True
http://purl.obolibrary.org/obo/HP_0009879,HP_0009879,Simplified gyral pattern,,An abnormality of the cerebral cortex with fewer gyri but with normal cortical thickness. This pattern is usually often associated with congenital microcephaly.,,C2749675,HP:0009879,Simplified gyral pattern,An abnormality of the cerebral cortex with fewer gyri but with normal cortical thickness. This pattern is usually often associated with congenital microcephaly.,True
http://purl.obolibrary.org/obo/HP_0009890,HP_0009890,High anterior hairline,,"Distance between the hairline (trichion) and the glabella (the most prominent point on the frontal bone above the root of the nose), in the midline, more than two SD above the mean. Alternatively, an apparently increased distance between the hairline and the glabella.",,C3276036,HP:0009890,High anterior hairline,"Distance between the hairline (trichion) and the glabella (the most prominent point on the frontal bone above the root of the nose), in the midline, more than two SD above the mean. Alternatively, an apparently increased distance between the hairline and the glabella.",True
http://purl.obolibrary.org/obo/HP_0010521,HP_0010521,Gait apraxia,,Gait apraxia affecting the ability to make walking movements with the legs.,,C1510417,HP:0010521,Gait apraxia,Gait apraxia affecting the ability to make walking movements with the legs.,True
http://purl.obolibrary.org/obo/HP_0010529,HP_0010529,Echolalia,,"Echolalia is the automatic imitative repetition of sounds, words, or phrases in the absence of explicit awareness. The repeated words or phrases are typically odd or used in a non-social manner. These can be words or phrases that the affected individual has heard or invented.",,C0013528;C4280380,HP:0010529,Echolalia,"Echolalia is the automatic imitative repetition of sounds, words, or phrases in the absence of explicit awareness. The repeated words or phrases are typically odd or used in a non-social manner. These can be words or phrases that the affected individual has heard or invented.",True
http://purl.obolibrary.org/obo/HP_0010648,HP_0010648,Dermal translucency,,An abnormally increased ability of the skin to permit light to pass through (translucency) such that subcutaneous structures such as veins display an increased degree of visibility.,,C1836646,HP:0010648,Dermal translucency,An abnormally increased ability of the skin to permit light to pass through (translucency) such that subcutaneous structures such as veins display an increased degree of visibility.,True
http://purl.obolibrary.org/obo/HP_0010761,HP_0010761,Broad columella,,Increased width of the columella.,,C1851059;C4280365,HP:0010761,Broad columella,Increased width of the columella.,True
http://purl.obolibrary.org/obo/HP_0010851,HP_0010851,EEG with burst suppression,,"The burst suppression pattern in electroencephalography refers to a characteristic periodic pattern of low voltage (<10 microvolts) suppressed background and a relatively shorter pattern of higher amplitude slow, sharp, and spiking complexes.",,C1969156,HP:0010851,EEG with burst suppression,"The burst suppression pattern in electroencephalography refers to a characteristic periodic pattern of low voltage (<10 microvolts) suppressed background and a relatively shorter pattern of higher amplitude slow, sharp, and spiking complexes.",True
http://purl.obolibrary.org/obo/HP_0010862,HP_0010862,Delayed fine motor development,,A type of motor delay characterized by a delay in acquiring the ability to control the fingers and hands.,,C4023681,HP:0010862,Delayed fine motor development,A type of motor delay characterized by a delay in acquiring the ability to control the fingers and hands.,True
http://purl.obolibrary.org/obo/HP_0010864,HP_0010864,"Intellectual disability, severe",,Severe mental retardation is defined as an intelligence quotient (IQ) in the range of 20-34.,,C0036857,HP:0010864,Severe intellectual disability,"Severe intellectual disability (ID) is defined as a type of ID characterized by severely sub-average adaptive functioning and intellectual functioning, with an intelligence quotient (IQ) the range of 20-34.",True
http://purl.obolibrary.org/obo/HP_0011098,HP_0011098,Speech apraxia,,"A type of apraxia that is characterized by difficulty or inability to execute speech movements because of problems with coordination and motor problems, leading to incorrect articulation. An increase of errors with increasing word and phrase length may occur.",,C0264611;C0349391,HP:0011098,Speech apraxia,"A type of apraxia that is characterized by difficulty or inability to execute speech movements because of problems with coordination and motor problems, leading to incorrect articulation. An increase of errors with increasing word and phrase length may occur.",True
http://purl.obolibrary.org/obo/HP_0011220,HP_0011220,Prominent forehead,,"Forward prominence of the entire forehead, due to protrusion of the frontal bone.",,C1837260;C1867446,HP:0011220,Prominent forehead,"Forward prominence of the entire forehead, due to protrusion of the frontal bone.",True
http://purl.obolibrary.org/obo/HP_0011265,HP_0011265,Cleft earlobe,,Discontinuity in the convexity of the inferior margin of the lobe.,,C4023440,HP:0011265,Cleft earlobe,Discontinuity in the convexity of the inferior margin of the lobe.,True
http://purl.obolibrary.org/obo/HP_0011298,HP_0011298,Prominent digit pad,,A soft tissue prominence of the ventral aspects of the fingertips or toe tips.,,C4023424,HP:0011298,Prominent digit pad,A soft tissue prominence of the ventral aspects of the fingertips or toe tips.,True
http://purl.obolibrary.org/obo/HP_0011344,HP_0011344,Severe global developmental delay,,A severe delay in the achievement of motor or mental milestones in the domains of development of a child.,,C1837397;C1854919,HP:0011344,Severe global developmental delay,A severe delay in the achievement of motor or mental milestones in the domains of development of a child.,True
http://purl.obolibrary.org/obo/HP_0011410,HP_0011410,Caesarean section,,Delivery of a fetus through surgical incisions made through the abdominal wall (laparotomy) and the uterine wall (hysterotomy).,,C1384674,HP:0011410,Caesarean section,Delivery of a fetus through surgical incisions made through the abdominal wall (laparotomy) and the uterine wall (hysterotomy).,True
http://purl.obolibrary.org/obo/HP_0011451,HP_0011451,Primary microcephaly,,Head circumference below 2 standard deviations below the mean for age and gender at birth.,,C2677180;C4020749,HP:0011451,Primary microcephaly,Head circumference below 2 standard deviations below the mean for age and gender at birth.,True
http://purl.obolibrary.org/obo/HP_0011461,HP_0011461,Fetal onset,,Onset prior to birth but after 8 weeks of embryonic development (corresponding to a gestational age of 10 weeks).,,C4023347,HP:0011461,Fetal onset,Onset prior to birth but after 8 weeks of embryonic development (corresponding to a gestational age of 10 weeks).,True
http://purl.obolibrary.org/obo/HP_0011462,HP_0011462,Young adult onset,,Onset of disease at the age of between 16 and 40 years.,,C3554568,HP:0011462,Young adult onset,Onset of disease at the age of between 16 and 40 years.,True
http://purl.obolibrary.org/obo/HP_0011463,HP_0011463,Childhood onset,,Onset of disease at the age of between 1 and 5 years.,,C1837352,HP:0011463,Childhood onset,Onset of disease at the age of between 1 and 5 years.,True
http://purl.obolibrary.org/obo/HP_0011800,HP_0011800,Midface retrusion,,"Posterior positions and/or vertical shortening of the infraorbital and perialar regions, or increased concavity of the face and/or reduced nasolabial angle.",,C1853242;C2673410;C4280320;C4280321,HP:0011800,Midface retrusion,"Posterior positions and/or vertical shortening of the infraorbital and perialar regions, or increased concavity of the face and/or reduced nasolabial angle.",True
http://purl.obolibrary.org/obo/HP_0011856,HP_0011856,Pica,,"An appetite for and the persistent ingestion of non-food substances such as clay. In order to diagnose pica, this behavior must have persisted over a period of at least one month.",,C0031873,HP:0011856,Pica,"An appetite for and the persistent ingestion of non-food substances such as clay. In order to diagnose pica, this behavior must have persisted over a period of at least one month.",True
http://purl.obolibrary.org/obo/HP_0011968,HP_0011968,Feeding difficulties,,"Impaired ability to eat related to problems gathering food and getting ready to suck, chew, or swallow it.",,C0232466,HP:0011968,Feeding difficulties,"Impaired ability to eat related to problems gathering food and getting ready to suck, chew, or swallow it.",True
http://purl.obolibrary.org/obo/HP_0012171,HP_0012171,Stereotypical hand wringing,,"Habitual clasping and wringing of the hands in the middle of the body, similar to a hand-washing movement.",,C4023014,HP:0012171,Stereotypical hand wringing,"Habitual clasping and wringing of the hands in the middle of the body, similar to a hand-washing movement.",True
http://purl.obolibrary.org/obo/HP_0012172,HP_0012172,Stereotypical body rocking,,"Habitual repetitive movement of the entire body, front to back or side to side.",,C4023013,HP:0012172,Stereotypical body rocking,"Habitual repetitive movement of the entire body, front to back or side to side.",True
http://purl.obolibrary.org/obo/HP_0012332,HP_0012332,Abnormal autonomic nervous system physiology,,A functional abnormality of the autonomic nervous system.,,C4022952,HP:0012332,Abnormal autonomic nervous system physiology,A functional abnormality of the autonomic nervous system.,True
http://purl.obolibrary.org/obo/HP_0012393,HP_0012393,Allergy,,An allergy is an immune response or reaction to substances that are usually not harmful.,,C1527304,HP:0012393,Allergy,An allergy is an immune response or reaction to substances that are usually not harmful.,True
http://purl.obolibrary.org/obo/HP_0012443,HP_0012443,Abnormal brain morphology,,"A structural abnormality of the brain, which has as its parts the forebrain, midbrain, and hindbrain.",,C4021085,HP:0012443,Abnormal brain morphology,"A structural abnormality of the brain, which has as its parts the forebrain, midbrain, and hindbrain.",True
http://purl.obolibrary.org/obo/HP_0012450,HP_0012450,Chronic constipation,,"Constipation for longer than three months with fewer than 3 bowel movements per week, straining, lumpy or hard stools, and a sensation of anorectal obstruction or incomplete defecation.",,C0401149,HP:0012450,Chronic constipation,"Constipation for longer than three months with fewer than 3 bowel movements per week, straining, lumpy or hard stools, and a sensation of anorectal obstruction or incomplete defecation.",True
http://purl.obolibrary.org/obo/HP_0012469,HP_0012469,Infantile spasms,,"Infantile spasms represent a subset of ""epileptic spasms"". Infantile Spasms are epileptic spasms starting in the first year of life (infancy).",,C3887898,HP:0012469,Infantile spasms,"Infantile spasms represent a subset of ""epileptic spasms"". Infantile Spasms are epileptic spasms starting in the first year of life (infancy).",True
http://purl.obolibrary.org/obo/HP_0012520,HP_0012520,Dilation of Virchow-Robin spaces,,"Increased dimensions of the Virchow-Robin spaces (also known as perivascular spaces), which surround the walls of vessels as they course from the subarachnoid space through the brain parenchyma. Perivascular spaces are commonly microscopic, and not visible on conventional neuroimaging. This term refers to an increase of size of these spaces such that they are visible on neuroimaging (usually magnetic resonance imaging). The dilatations are regular cavities that always contain a patent artery.",,C1853618;C4020719,HP:0012520,Dilation of Virchow-Robin spaces,"Increased dimensions of the Virchow-Robin spaces (also known as perivascular spaces), which surround the walls of vessels as they course from the subarachnoid space through the brain parenchyma. Perivascular spaces are commonly microscopic, and not visible on conventional neuroimaging. This term refers to an increase of size of these spaces such that they are visible on neuroimaging (usually magnetic resonance imaging). The dilatations are regular cavities that always contain a patent artery.",True
http://purl.obolibrary.org/obo/HP_0012719,HP_0012719,Functional abnormality of the gastrointestinal tract,,Abnormal functionality of the gastrointestinal tract.,,C4022755,HP:0012719,Functional abnormality of the gastrointestinal tract,Abnormal functionality of the gastrointestinal tract.,True
http://purl.obolibrary.org/obo/HP_0012745,HP_0012745,Short palpebral fissure,,"Distance between the medial and lateral canthi is more than 2 SD below the mean for age (objective); or, apparently reduced length of the palpebral fissures.",,C0423112,HP:0012745,Short palpebral fissure,"Distance between the medial and lateral canthi is more than 2 SD below the mean for age (objective); or, apparently reduced length of the palpebral fissures.",True
http://purl.obolibrary.org/obo/HP_0012760,HP_0012760,Reduced social responsiveness,,"A reduced ability to participate in the back-and-forth flow of social interaction appropriate to culture and developmental level, which is normally characterized by an influence of the behavior of one person on the behavior of another person. This results in difficulty interacting with others through emotional, physical, or verbal communication.",,C4022736,HP:0012760,Reduced social responsiveness,"A reduced ability to participate in the back-and-forth flow of social interaction appropriate to culture and developmental level, which is normally characterized by an influence of the behavior of one person on the behavior of another person. This results in difficulty interacting with others through emotional, physical, or verbal communication.",True
http://purl.obolibrary.org/obo/HP_0025112,HP_0025112,Auditory sensitivity,,Decreased tolerance to sound.,,,HP:0025112,Auditory sensitivity,Decreased tolerance to sound.,True
http://purl.obolibrary.org/obo/HP_0025269,HP_0025269,Panic attack,,A sudden episode of intense fear in a situation where there is no danger or apparent cause.,,,HP:0025269,Panic attack,A sudden episode of intense fear in a situation where there is no danger or apparent cause.,True
http://purl.obolibrary.org/obo/HP_0025336,HP_0025336,Delayed ability to sit,,A failure to achieve the ability to sit at an appropriate developmental stage. Most children sit with support at 6 months of age and sit steadily without support at 9 months of age.,,,HP:0025336,Delayed ability to sit,A failure to achieve the ability to sit at an appropriate developmental stage. Most children sit with support at 6 months of age and sit steadily without support at 9 months of age.,True
http://purl.obolibrary.org/obo/HP_0025352,HP_0025352,Typically de novo,,"Description of conditions that are exclusively or predominantly observed to display de novo variants. In some cases, this may be due to the limited reproductive fitness of affected individuals.",,,HP:0025352,Typically de novo,"Description of conditions that are exclusively or predominantly observed to display de novo variants. In some cases, this may be due to the limited reproductive fitness of affected individuals.",True
http://purl.obolibrary.org/obo/HP_0025387,HP_0025387,Pill-rolling tremor,,A type of resting tremor characterized by simultaneous rubbing movements of thumb and index fingers against each other.,,,HP:0025387,Pill-rolling tremor,A type of resting tremor characterized by simultaneous rubbing movements of thumb and index fingers against each other.,True
http://purl.obolibrary.org/obo/HP_0025430,HP_0025430,High-pitched cry,,A type of crying in an abnormally high-pitched voice.,,,HP:0025430,High-pitched cry,A type of crying in an abnormally high-pitched voice.,True
http://purl.obolibrary.org/obo/HP_0025502,HP_0025502,Overweight,,Increased body weight with a body mass index of 25-29.9 kg per square meter.,,,HP:0025502,Overweight,Increased body weight with a body mass index of 25-29.9 kg per square meter.,True
http://purl.obolibrary.org/obo/HP_0030215,HP_0030215,Inappropriate crying,,Uncontrolled episodes of crying occur without any apparent motivating stimuli.,,C0860609,HP:0030215,Inappropriate crying,Uncontrolled episodes of crying occur without any apparent motivating stimuli.,True
http://purl.obolibrary.org/obo/HP_0030217,HP_0030217,Limb apraxia,,Difficulty in performing the correct execution of limbs movements in absence of motor impairment.,,C4022574,HP:0030217,Limb apraxia,Difficulty in performing the correct execution of limbs movements in absence of motor impairment.,True
http://purl.obolibrary.org/obo/HP_0030260,HP_0030260,Microphallus,,Length of penis more than 2 SD below the mean for age accompanied by hypospadias.,,C0240701,HP:0030260,Microphallus,Length of penis more than 2 SD below the mean for age accompanied by hypospadias.,True
http://purl.obolibrary.org/obo/HP_0031354,HP_0031354,Sleep onset insomnia,,"Difficulty initiating sleep, that is, increased sleep onset latency, refers to the condition where it takes 30 minutes or more to fall asleep.",,,HP:0031354,Sleep onset insomnia,"Difficulty initiating sleep, that is, increased sleep onset latency, refers to the condition where it takes 30 minutes or more to fall asleep.",True
http://purl.obolibrary.org/obo/HP_0031447,HP_0031447,Penile freckling,,Multiple pigmented macules located on the skin of the penis.,,,HP:0031447,Penile freckling,Multiple pigmented macules located on the skin of the penis.,True
http://purl.obolibrary.org/obo/HP_0031793,HP_0031793,Increased serum leptin,,An increased concentration of leptin in the blood.,,,HP:0031793,Increased serum leptin,An increased concentration of leptin in the blood.,True
http://purl.obolibrary.org/obo/HP_0031874,HP_0031874,Late chronotype,,A tendency towards waking up very late in the morning and staying up late at night.,,,HP:0031874,Late chronotype,A tendency towards waking up very late in the morning and staying up late at night.,True
http://purl.obolibrary.org/obo/HP_0031936,HP_0031936,Delayed ability to walk,,"A failure to achieve the ability to walk at an appropriate developmental stage. Most children learn to walk in a series of stages, and learn to walk short distances independently between 12 and 15 months.",,,HP:0031936,Delayed ability to walk,"A failure to achieve the ability to walk at an appropriate developmental stage. Most children learn to walk in a series of stages, and learn to walk short distances independently between 12 and 15 months.",True
http://purl.obolibrary.org/obo/HP_0032012,HP_0032012,Heterotropia,,Manifest deviation of the visual axes not controlled by fusion.,,,HP:0032012,Heterotropia,Manifest deviation of the visual axes not controlled by fusion.,True
http://purl.obolibrary.org/obo/HP_0032203,HP_0032203,Lymphoid nodular hyperplasia,,"Lymphoid nodular hyperplasia (LNH) of the terminal ileum and colon has been considered a mucosal response to nonspecific stimuli, most often infections, and consequently has been regarded as a pathophysiologic phenomenon during infancy and childhood. LNH can be ascertained by colonoscopy, whereby a lymphoid nodule is defined as an extruding follicle with a diameter of not more than 2 mm, and LNH is defined as a cluster of not more than 10 of such extruding lymphoid nodules (see Figure 1 of PMID:17368236).",,,HP:0032203,Lymphoid nodular hyperplasia,"Lymphoid nodular hyperplasia (LNH) of the terminal ileum and colon has been considered a mucosal response to nonspecific stimuli, most often infections, and consequently has been regarded as a pathophysiologic phenomenon during infancy and childhood. LNH can be ascertained by colonoscopy, whereby a lymphoid nodule is defined as an extruding follicle with a diameter of not more than 2 mm, and LNH is defined as a cluster of not more than 10 of such extruding lymphoid nodules (see Figure 1 of PMID:17368236).",True
http://purl.obolibrary.org/obo/HP_0032588,HP_0032588,Hand apraxia,,"Inability to perform purposeful (learned) movements with the hand upon command, even though the command is understood and there is a willingness to perform the movement. Hand apraxia includes the inability to grasp, pick up, and hold large and small objects.",,,HP:0032588,Hand apraxia,"Inability to perform purposeful (learned) movements with the hand upon command, even though the command is understood and there is a willingness to perform the movement. Hand apraxia includes the inability to grasp, pick up, and hold large and small objects.",True
http://purl.obolibrary.org/obo/HP_0032660,HP_0032660,Convulsive status epilepticus,,"A type of status epilepticus characterized by a prolonged bilateral tonic-clonic seizure, or repeated bilateral tonic-clonic seizures without recovery between.",,,HP:0032660,Convulsive status epilepticus,"A type of status epilepticus characterized by a prolonged bilateral tonic-clonic seizure, or repeated bilateral tonic-clonic seizures without recovery between.",True
http://purl.obolibrary.org/obo/HP_0032792,HP_0032792,Tonic seizure,,"A tonic seizure is a type of motor seizure characterized by unilateral or bilateral limb stiffening or elevation, often with neck stiffening.",,,HP:0032792,Tonic seizure,"A tonic seizure is a type of motor seizure characterized by unilateral or bilateral limb stiffening or elevation, often with neck stiffening.",True
http://purl.obolibrary.org/obo/HP_0032807,HP_0032807,Neonatal seizure,,A seizure occurring within the neonatal period (28 days beyond the full term date).,,,HP:0032807,Neonatal seizure,A seizure occurring within the neonatal period (28 days beyond the full term date).,True
http://purl.obolibrary.org/obo/HP_0033850,HP_0033850,Coldness,,"Relative coldness of a body part to palpitation, often acccompanied by feelings of coldness.",,,HP:0033850,Coldness,"Relative coldness of a body part to palpitation, often acccompanied by feelings of coldness.",True
http://purl.obolibrary.org/obo/HP_0040082,HP_0040082,Happy demeanor,,"A conspicuously happy disposition, characterized by frequent smiling and laughing, which may be contextually inappropriate or unrelated to the situation.",,C1856115,HP:0040082,Happy demeanor,"A conspicuously happy disposition, characterized by frequent smiling and laughing, which may be contextually inappropriate or unrelated to the situation.",True
http://purl.obolibrary.org/obo/HP_0045084,HP_0045084,Limb myoclonus,,,,,HP:0045084,Limb myoclonus,,True
http://purl.obolibrary.org/obo/HP_0100021,HP_0100021,Cerebral palsy,,"Cerebral palsy describes a group of permanent disorders of the development of movement and posture, causing activity limitation, that are attributed to nonprogressive disturbances that occurred in the developing fetal or infant brain. The motor disorders of cerebral palsy are often accompanied by disturbances of sensation, perception, cognition, communication, and behavior, by epilepsy, and by secondary musculoskeletal problems.",,C0007789,HP:0100021,Cerebral palsy,"Cerebral palsy describes a group of permanent disorders of the development of movement and posture, causing activity limitation, that are attributed to nonprogressive disturbances that occurred in the developing fetal or infant brain. The motor disorders of cerebral palsy are often accompanied by disturbances of sensation, perception, cognition, communication, and behavior, by epilepsy, and by secondary musculoskeletal problems.",True
http://purl.obolibrary.org/obo/HP_0100022,HP_0100022,Abnormality of movement,,An abnormality of movement with a neurological basis characterized by changes in coordination and speed of voluntary movements.,,C0026650,HP:0100022,Abnormality of movement,An abnormality of movement with a neurological basis characterized by changes in coordination and speed of voluntary movements.,True
http://purl.obolibrary.org/obo/HP_0100023,HP_0100023,Recurrent hand flapping,,A type of repetitive behavior in which the affected individual repeatedly waves the hands and/or arms rhythmically.,,C4022387,HP:0100023,Recurrent hand flapping,A type of repetitive behavior in which the affected individual repeatedly waves the hands and/or arms rhythmically.,True
http://purl.obolibrary.org/obo/HP_0100033,HP_0100033,Tics,,"Repeated, individually recognizable, intermittent movements or movement fragments that are almost always briefly suppressible and are usually associated with awareness of an urge to perform the movement.",,C2169806,HP:0100033,Tics,"Repeated, individually recognizable, intermittent movements or movement fragments that are almost always briefly suppressible and are usually associated with awareness of an urge to perform the movement.",True
http://purl.obolibrary.org/obo/HP_0100034,HP_0100034,Motor tics,,Movement-based tics affecting discrete muscle groups.,,C0751900,HP:0100034,Motor tics,Movement-based tics affecting discrete muscle groups.,True
http://purl.obolibrary.org/obo/HP_0100277,HP_0100277,Periauricular skin pits,,Benign congenital lesions of the periauricular soft tissue consisting of a blind-ending narrow tube or pit.,,C4022171,HP:0100277,Periauricular skin pits,Benign congenital lesions of the periauricular soft tissue consisting of a blind-ending narrow tube or pit.,True
http://purl.obolibrary.org/obo/HP_0100660,HP_0100660,Dyskinesia,,A movement disorder which consists of effects including diminished voluntary movements and the presence of involuntary movements.,,C0013384,HP:0100660,Dyskinesia,A movement disorder which consists of effects including diminished voluntary movements and the presence of involuntary movements.,True
http://purl.obolibrary.org/obo/HP_0100703,HP_0100703,Tongue thrusting,,"Pressing forward of the tongue in the mouth, a retained motoric habit from infantile swallowing patterns",,C1829460,HP:0100703,Tongue thrusting,"Pressing forward of the tongue in the mouth, a retained motoric habit from infantile swallowing patterns",True
http://purl.obolibrary.org/obo/HP_0100704,HP_0100704,Cerebral visual impairment,,A form of loss of vision caused by damage to the visual cortex rather than a defect in the eye.,,C0155320;C4048268,HP:0100704,Cerebral visual impairment,A form of loss of vision caused by damage to the visual cortex rather than a defect in the eye.,True
http://purl.obolibrary.org/obo/HP_0100710,HP_0100710,Impulsivity,,"Acting on the spur of the moment or on a momentary basis without consideration of outcomes; having difficulty establishing or following plans; experiencing a sense of urgency and engaging in behavior that is uninhibited, cannot be inhibited, and is uncontrolled. The possibility of repression is inconceivable.",,C0021125,HP:0100710,Impulsivity,"Acting on the spur of the moment or on a momentary basis without consideration of outcomes; having difficulty establishing or following plans; experiencing a sense of urgency and engaging in behavior that is uninhibited, cannot be inhibited, and is uncontrolled. The possibility of repression is inconceivable.",True
http://purl.obolibrary.org/obo/HP_0100716,HP_0100716,Self-injurious behavior,,Self-aggression.,,C0085271,HP:0100716,Self-injurious behavior,Self-aggression.,True
http://purl.obolibrary.org/obo/HP_0100851,HP_0100851,Abnormal emotional state,,"Emotions are complex psychological states that involve three distinct components: a subjective experience, a physiological response, and a behavioral or expressive response. In an abnormal emotional state, an affected individual shows altered intensity, frequency, or duration of emotional experiences.",,C4020949,HP:0100851,Abnormal emotional state,"A disturbance in the experience or expression of emotion, characterized by alterations in valence, intensity, frequency, or duration. It may also involve emotional responses that are mismatched, exaggerated, or incongruent relative to internal expectations or external contextual stimuli, such as experiencing negative affect in response to neutral or positive events.",True
http://purl.obolibrary.org/obo/HP_0200008,HP_0200008,Intestinal polyposis,,The presence of multiple polyps in the intestine.,,C0744333;C1257915,HP:0200008,Intestinal polyposis,The presence of multiple polyps in the intestine.,True
http://purl.obolibrary.org/obo/HP_0200055,HP_0200055,Small hand,,Disproportionately small hand.,,C0575802,HP:0200055,Small hand,Disproportionately small hand.,True
http://purl.obolibrary.org/obo/HP_0400000,HP_0400000,Tall chin,,Increased vertical distance from the vermillion border of the lower lip to the inferior-most point of the chin.,,C3532221;C4021875,HP:0400000,Tall chin,Increased vertical distance from the vermillion border of the lower lip to the inferior-most point of the chin.,True
http://purl.obolibrary.org/obo/HP_0410030,HP_0410030,Cleft lip,,A gap in the lip or lips.,,,HP:0410030,Cleft lip,A gap in the lip or lips.,True
http://purl.obolibrary.org/obo/HP_0500231,HP_0500231,Abnormal CSF pyruvate family amino acid concentration,,Any deviation from the normal concentration of pyruvate-family amino acids in the cerebrospinal fluid.,,,HP:0500231,Abnormal CSF pyruvate family amino acid concentration,Any deviation from the normal concentration of pyruvate-family amino acids in the cerebrospinal fluid.,True
http://purl.obolibrary.org/obo/HP_4000073,HP_4000073,Pronoun reversal,,Atypical language features characterized by first vs. second or third person pronoun errors such as using 'you' or 'he/she' in place of 'I'.,,,HP:4000073,Pronoun reversal,Atypical language features characterized by first vs. second or third person pronoun errors such as using 'you' or 'he/she' in place of 'I'.,True
http://purl.obolibrary.org/obo/HP_4000081,HP_4000081,Reduced production of gestures,,Diminished use of typical non-verbal conversational gestures such as shaking the head to indicate no or nodding the head to indicate yes.,,,HP:4000081,Reduced production of gestures,Diminished use of typical non-verbal conversational gestures such as shaking the head to indicate no or nodding the head to indicate yes.,True
http://purl.obolibrary.org/obo/HP_5200018,HP_5200018,Stereotypic upper-extremity movements,,Abnormal movements of the upper extremities.,,,HP:5200018,Stereotypic upper-extremity movements,Abnormal movements of the upper extremities.,True
